"timestamp","temperature_celsius"
"2026-01-23 16:25:04",21
"2026-01-23 16:26:03",20
"2026-01-23 16:28:03",20
"2026-01-23 16:31:03",20
"2026-01-23 16:34:03",21
"2026-01-23 16:35:03",21
"2026-01-23 16:40:03",21
"2026-01-23 16:44:03",21
"2026-01-23 16:52:03",21
"2026-01-23 17:09:03",21
"2026-01-23 17:10:03",21
"2026-01-23 17:12:03",21
"2026-01-23 17:15:03",21
"2026-01-23 17:21:03",21
"2026-01-23 17:25:03",21
"2026-01-23 17:28:03",21
"2026-01-23 17:54:03",21
"2026-01-23 17:55:03",21
"2026-01-23 17:56:03",21
"2026-01-23 17:57:03",21
"2026-01-23 17:58:03",21
"2026-01-23 18:04:03",21
"2026-01-23 18:05:03",21
"2026-01-23 18:06:03",22
"2026-01-23 18:07:03",22
"2026-01-23 18:08:03",22
"2026-01-23 18:10:03",22
"2026-01-23 18:16:03",22
"2026-01-23 18:17:03",22
"2026-01-23 18:21:03",22
"2026-01-23 18:22:03",22
"2026-01-23 18:23:03",21
"2026-01-23 18:24:03",21
"2026-01-23 18:25:03",20
"2026-01-23 18:26:03",20
"2026-01-23 18:27:03",19
"2026-01-23 18:29:03",20
"2026-01-23 18:30:03",20
"2026-01-23 18:31:03",20
"2026-01-23 18:32:03",20
"2026-01-23 18:33:03",20
"2026-01-23 18:35:03",20
"2026-01-23 18:36:03",20
"2026-01-23 18:38:03",21
"2026-01-23 18:39:03",21
"2026-01-23 18:41:03",21
"2026-01-23 18:43:03",21
"2026-01-23 18:46:03",21
"2026-01-23 18:53:03",21
"2026-01-23 18:55:03",21
"2026-01-23 18:58:03",21
"2026-01-23 19:01:03",21
"2026-01-23 19:04:03",21
"2026-01-23 19:05:03",21
"2026-01-23 19:08:03",21
"2026-01-23 19:09:03",21
"2026-01-23 19:11:03",21
"2026-01-23 19:12:03",21
"2026-01-23 19:22:03",21
"2026-01-23 19:23:03",21
"2026-01-23 19:28:03",21
"2026-01-23 19:32:03",22
"2026-01-23 19:35:03",22
"2026-01-23 19:38:03",22
"2026-01-23 19:40:03",22
"2026-01-23 19:43:03",22
"2026-01-23 19:46:03",22
"2026-01-23 19:49:03",22
"2026-01-23 19:51:03",22
"2026-01-23 19:53:03",22
"2026-01-23 20:01:03",22
"2026-01-23 20:08:03",23
"2026-01-23 20:13:03",23
"2026-01-23 20:14:03",23
"2026-01-23 20:16:03",23
"2026-01-23 20:26:03",23
"2026-01-23 20:31:03",23
"2026-01-23 20:40:03",23
"2026-01-23 20:43:03",23
"2026-01-23 20:48:03",23
"2026-01-23 20:50:03",23
"2026-01-23 20:51:03",23
"2026-01-23 20:58:03",23
"2026-01-23 21:02:03",23
"2026-01-23 21:11:03",22
"2026-01-23 21:16:03",22
"2026-01-23 21:20:03",22
"2026-01-23 21:32:03",22
"2026-01-23 21:39:03",22
"2026-01-23 21:41:03",22
"2026-01-23 21:42:03",22
"2026-01-23 21:53:03",22
"2026-01-23 21:56:03",22
"2026-01-23 21:58:03",22
"2026-01-23 21:59:03",22
"2026-01-23 22:02:03",22
"2026-01-23 22:04:03",21
"2026-01-23 22:07:03",21
"2026-01-23 22:09:03",21
"2026-01-23 22:11:03",21
"2026-01-23 22:12:03",21
"2026-01-23 22:13:03",21
"2026-01-23 22:17:03",21
"2026-01-23 22:21:03",21
"2026-01-23 22:22:03",21
"2026-01-23 22:24:03",21
"2026-01-23 22:48:03",21
"2026-01-23 23:07:03",21
"2026-01-23 23:18:03",21
"2026-01-23 23:19:03",21
"2026-01-23 23:20:03",21
"2026-01-23 23:27:03",21
"2026-01-23 23:29:03",21
"2026-01-23 23:31:03",21
"2026-01-23 23:34:03",20
"2026-01-23 23:35:03",20
"2026-01-23 23:43:03",20
"2026-01-23 23:55:03",20
"2026-01-23 23:57:03",20
"2026-01-24 00:00:03",21
"2026-01-24 00:15:03",20
"2026-01-24 00:25:03",20
"2026-01-24 00:26:03",20
"2026-01-24 00:29:03",20
"2026-01-24 00:30:03",20
"2026-01-24 00:32:03",20
"2026-01-24 00:36:03",20
"2026-01-24 00:37:03",20
"2026-01-24 00:49:03",20
"2026-01-24 00:50:03",20
"2026-01-24 00:51:03",20
"2026-01-24 00:52:03",20
"2026-01-24 01:02:03",20
"2026-01-24 01:03:03",20
"2026-01-24 01:05:03",20
"2026-01-24 01:06:03",20
"2026-01-24 01:07:03",20
"2026-01-24 01:09:03",20
"2026-01-24 01:10:03",20
"2026-01-24 01:14:03",20
"2026-01-24 01:26:03",20
"2026-01-24 01:27:03",20
"2026-01-24 01:28:03",20
"2026-01-24 01:29:03",20
"2026-01-24 01:31:03",20
"2026-01-24 01:32:03",20
"2026-01-24 01:34:03",20
"2026-01-24 01:37:03",20
"2026-01-24 01:46:03",20
"2026-01-24 01:49:03",20
"2026-01-24 02:15:03",20
"2026-01-24 02:24:03",20
"2026-01-24 02:25:03",20
"2026-01-24 02:26:03",20
"2026-01-24 02:37:03",20
"2026-01-24 02:38:03",20
"2026-01-24 02:39:03",20
"2026-01-24 02:41:03",19
"2026-01-24 02:43:03",19
"2026-01-24 02:51:03",19
"2026-01-24 03:02:03",19
"2026-01-24 03:04:03",19
"2026-01-24 03:05:03",20
"2026-01-24 03:10:03",20
"2026-01-24 03:19:03",20
"2026-01-24 03:20:03",20
"2026-01-24 03:21:03",20
"2026-01-24 03:22:03",20
"2026-01-24 03:23:03",20
"2026-01-24 03:28:03",20
"2026-01-24 04:02:03",20
"2026-01-24 04:10:03",19
"2026-01-24 04:11:03",19
"2026-01-24 04:13:03",19
"2026-01-24 04:15:03",19
"2026-01-24 04:18:03",19
"2026-01-24 04:30:03",19
"2026-01-24 04:31:03",19
"2026-01-24 04:32:03",19
"2026-01-24 04:34:03",19
"2026-01-24 04:36:03",19
"2026-01-24 04:38:03",19
"2026-01-24 04:41:03",19
"2026-01-24 04:49:03",19
"2026-01-24 04:50:03",19
"2026-01-24 05:42:03",19
"2026-01-24 05:43:03",19
"2026-01-24 05:45:03",19
"2026-01-24 05:47:03",19
"2026-01-24 05:51:03",19
"2026-01-24 06:08:03",19
"2026-01-24 06:11:03",19
"2026-01-24 06:14:03",19
"2026-01-24 06:29:03",19
"2026-01-24 06:31:03",19
"2026-01-24 06:35:03",19
"2026-01-24 06:36:03",19
"2026-01-24 06:38:03",19
"2026-01-24 06:44:03",19
"2026-01-24 06:54:03",19
"2026-01-24 06:55:03",19
"2026-01-24 07:02:03",19
"2026-01-24 07:03:03",19
"2026-01-24 07:04:03",19
"2026-01-24 07:06:03",19
"2026-01-24 07:16:03",19
"2026-01-24 07:17:03",19
"2026-01-24 07:18:03",19
"2026-01-24 07:20:03",19
"2026-01-24 07:27:03",19
"2026-01-24 07:28:03",19
"2026-01-24 07:29:03",19
"2026-01-24 07:39:03",19
"2026-01-24 07:41:03",19
"2026-01-24 07:43:03",19
"2026-01-24 07:45:03",19
"2026-01-24 07:53:03",19
"2026-01-24 07:57:03",19
"2026-01-24 08:16:03",19
"2026-01-24 08:17:03",19
"2026-01-24 08:35:03",19
"2026-01-24 08:36:03",19
"2026-01-24 08:39:03",19
"2026-01-24 08:48:03",19
"2026-01-24 08:50:03",19
"2026-01-24 08:51:03",19
"2026-01-24 08:53:03",19
"2026-01-24 08:57:03",18
"2026-01-24 08:58:03",19
"2026-01-24 09:01:03",18
"2026-01-24 09:11:03",19
"2026-01-24 09:13:03",19
"2026-01-24 09:16:03",19
"2026-01-24 09:19:03",19
"2026-01-24 09:24:03",19
"2026-01-24 09:25:03",19
"2026-01-24 09:36:03",19
"2026-01-24 09:42:03",19
"2026-01-24 09:43:03",19
"2026-01-24 09:44:03",19
"2026-01-24 09:52:03",19
"2026-01-24 10:20:03",19
"2026-01-24 10:22:03",19
"2026-01-24 10:23:03",18
"2026-01-24 10:33:03",18
"2026-01-24 10:44:03",18
"2026-01-24 10:47:03",19
"2026-01-24 10:52:03",19
"2026-01-24 11:17:03",19
"2026-01-24 11:21:03",19
"2026-01-24 11:24:03",19
"2026-01-24 11:26:03",19
"2026-01-24 11:33:03",19
"2026-01-24 11:54:03",19
"2026-01-24 11:55:03",19
"2026-01-24 11:57:03",18
"2026-01-24 11:59:03",18
"2026-01-24 12:05:03",18
"2026-01-24 12:14:03",18
"2026-01-24 12:18:03",18
"2026-01-24 12:23:03",19
"2026-01-24 12:26:03",19
"2026-01-24 12:27:03",19
"2026-01-24 12:33:03",19
"2026-01-24 12:34:03",19
"2026-01-24 12:38:03",19
"2026-01-24 12:39:03",19
"2026-01-24 12:40:03",19
"2026-01-24 12:56:03",19
"2026-01-24 13:03:03",19
"2026-01-24 13:08:03",19
"2026-01-24 13:09:03",19
"2026-01-24 13:17:03",19
"2026-01-24 13:18:03",19
"2026-01-24 13:27:03",19
"2026-01-24 13:28:03",18
"2026-01-24 13:30:03",18
"2026-01-24 13:32:03",18
"2026-01-24 13:35:03",18
"2026-01-24 13:50:03",18
"2026-01-24 13:51:03",18
"2026-01-24 13:54:03",18
"2026-01-24 14:12:03",19
"2026-01-24 14:17:03",18
"2026-01-24 14:23:03",19
"2026-01-24 14:49:03",19
"2026-01-24 14:52:03",19
"2026-01-24 14:54:03",19
"2026-01-24 14:59:03",19
"2026-01-24 15:00:03",18
"2026-01-24 15:01:03",18
"2026-01-24 15:03:03",18
"2026-01-24 15:06:03",18
"2026-01-24 15:17:03",18
"2026-01-24 15:18:03",18
"2026-01-24 15:19:03",18
"2026-01-24 15:20:03",18
"2026-01-24 15:22:03",18
"2026-01-24 15:24:03",18
"2026-01-24 15:29:03",18
"2026-01-24 15:54:03",19
"2026-01-24 15:56:03",18
"2026-01-24 15:58:03",19
"2026-01-24 15:59:03",18
"2026-01-24 16:00:03",19
"2026-01-24 16:06:03",18
"2026-01-24 16:11:03",19
"2026-01-24 16:13:03",18
"2026-01-24 16:14:03",19
"2026-01-24 16:19:03",18
"2026-01-24 16:20:03",19
"2026-01-24 16:31:03",18
"2026-01-24 16:33:03",18
"2026-01-24 16:34:03",18
"2026-01-24 16:36:03",18
"2026-01-24 16:52:03",18
"2026-01-24 16:53:03",18
"2026-01-24 16:54:03",18
"2026-01-24 16:56:03",18
"2026-01-24 17:04:03",18
"2026-01-24 17:41:03",19
"2026-01-24 17:42:03",18
"2026-01-24 18:03:03",18
"2026-01-24 18:04:03",18
"2026-01-24 18:05:03",18
"2026-01-24 18:08:03",18
"2026-01-24 18:10:03",18
"2026-01-24 18:25:03",18
"2026-01-24 18:27:03",18
"2026-01-24 18:30:03",18
"2026-01-24 18:37:03",18
"2026-01-24 18:58:03",18
"2026-01-24 19:00:03",18
"2026-01-24 19:01:03",18
"2026-01-24 19:35:03",18
"2026-01-24 19:37:03",18
"2026-01-24 19:38:03",18
"2026-01-24 19:42:03",18
"2026-01-24 19:55:03",18
"2026-01-24 19:57:03",18
"2026-01-24 19:59:03",18
"2026-01-24 20:02:03",18
"2026-01-24 20:05:03",18
"2026-01-24 20:06:03",18
"2026-01-24 20:07:03",18
"2026-01-24 20:09:03",18
"2026-01-24 20:10:03",18
"2026-01-24 20:11:03",18
"2026-01-24 20:30:03",18
"2026-01-24 20:32:03",18
"2026-01-24 20:33:03",18
"2026-01-24 20:34:03",18
"2026-01-24 20:43:03",18
"2026-01-24 21:02:03",18
"2026-01-24 21:03:03",18
"2026-01-24 21:06:03",18
"2026-01-24 21:08:03",18
"2026-01-24 21:11:03",18
"2026-01-24 21:13:03",18
"2026-01-24 21:23:03",18
"2026-01-24 21:24:03",18
"2026-01-24 21:25:03",18
"2026-01-24 21:26:03",18
"2026-01-24 21:27:03",18
"2026-01-24 21:28:03",18
"2026-01-24 21:30:03",18
"2026-01-24 21:32:03",18
"2026-01-24 21:43:03",18
"2026-01-24 21:46:03",18
"2026-01-24 21:47:03",18
"2026-01-24 21:48:03",18
"2026-01-24 21:49:03",18
"2026-01-24 22:17:03",18
"2026-01-24 22:18:03",18
"2026-01-24 22:20:03",18
"2026-01-24 22:22:03",18
"2026-01-24 22:23:03",18
"2026-01-24 22:24:03",18
"2026-01-24 22:26:03",18
"2026-01-24 22:31:03",18
"2026-01-24 22:34:03",18
"2026-01-24 22:35:03",18
"2026-01-24 22:40:03",18
"2026-01-24 22:41:03",18
"2026-01-24 22:43:03",18
"2026-01-24 22:47:03",18
"2026-01-24 22:48:03",18
"2026-01-24 22:53:03",18
"2026-01-24 23:01:03",18
"2026-01-24 23:04:03",18
"2026-01-24 23:10:03",18
"2026-01-24 23:11:03",18
"2026-01-24 23:12:03",18
"2026-01-24 23:13:03",18
"2026-01-24 23:22:32",18
"2026-01-24 23:53:32",18
"2026-01-24 23:59:32",18
"2026-01-25 00:01:32",18
"2026-01-25 00:02:32",18
"2026-01-25 00:03:32",18
"2026-01-25 00:07:32",18
"2026-01-25 00:12:32",18
"2026-01-25 00:13:32",18
"2026-01-25 00:15:32",18
"2026-01-25 00:18:32",18
"2026-01-25 00:25:32",18
"2026-01-25 00:35:32",18
"2026-01-25 00:36:32",18
"2026-01-25 00:40:32",18
"2026-01-25 00:48:32",18
"2026-01-25 00:49:32",18
"2026-01-25 00:50:32",18
"2026-01-25 00:51:32",18
"2026-01-25 00:52:32",18
"2026-01-25 01:37:32",18
"2026-01-25 01:38:32",18
"2026-01-25 01:42:32",18
"2026-01-25 01:43:32",18
"2026-01-25 01:45:32",18
"2026-01-25 01:46:32",18
"2026-01-25 01:47:32",18
"2026-01-25 01:49:32",18
"2026-01-25 01:51:32",18
"2026-01-25 01:53:32",18
"2026-01-25 01:54:32",18
"2026-01-25 01:56:32",18
"2026-01-25 02:00:32",18
"2026-01-25 02:01:32",18
"2026-01-25 02:09:32",18
"2026-01-25 02:11:32",18
"2026-01-25 02:16:32",18
"2026-01-25 02:53:32",18
"2026-01-25 02:56:32",18
"2026-01-25 02:57:32",18
"2026-01-25 02:58:32",18
"2026-01-25 03:04:32",18
"2026-01-25 03:05:32",18
"2026-01-25 03:07:32",18
"2026-01-25 03:10:32",18
"2026-01-25 03:11:32",18
"2026-01-25 03:12:32",18
"2026-01-25 03:22:32",18
"2026-01-25 03:24:32",18
"2026-01-25 03:27:32",18
"2026-01-25 03:40:32",18
"2026-01-25 03:41:32",18
"2026-01-25 03:44:32",18
"2026-01-25 03:45:32",18
"2026-01-25 03:59:32",18
"2026-01-25 04:02:32",18
"2026-01-25 04:04:32",18
"2026-01-25 04:55:32",18
"2026-01-25 04:56:32",18
"2026-01-25 04:58:32",18
"2026-01-25 05:04:32",18
"2026-01-25 05:05:32",18
"2026-01-25 05:08:32",18
"2026-01-25 05:17:32",18
"2026-01-25 05:19:32",18
"2026-01-25 05:21:32",18
"2026-01-25 05:39:32",18
"2026-01-25 05:42:32",18
"2026-01-25 05:43:32",18
"2026-01-25 05:45:32",18
"2026-01-25 05:56:32",18
"2026-01-25 05:57:32",18
"2026-01-25 05:58:32",18
"2026-01-25 05:59:32",18
"2026-01-25 06:00:32",18
"2026-01-25 06:05:32",18
"2026-01-25 06:06:32",18
"2026-01-25 06:18:32",18
"2026-01-25 06:19:32",18
"2026-01-25 06:21:32",18
"2026-01-25 06:30:32",18
"2026-01-25 06:32:32",18
"2026-01-25 06:39:32",18
"2026-01-25 06:52:32",18
"2026-01-25 06:54:32",18
"2026-01-25 06:58:32",18
"2026-01-25 06:59:32",18
"2026-01-25 07:00:32",18
"2026-01-25 07:05:32",18
"2026-01-25 07:06:32",18
"2026-01-25 07:35:32",18
"2026-01-25 07:37:32",18
"2026-01-25 07:38:32",18
"2026-01-25 07:40:32",18
"2026-01-25 07:57:32",18
"2026-01-25 07:58:32",18
"2026-01-25 07:59:32",18
"2026-01-25 08:00:32",18
"2026-01-25 08:05:32",18
"2026-01-25 08:06:32",18
"2026-01-25 08:10:32",18
"2026-01-25 08:22:32",18
"2026-01-25 08:26:32",18
"2026-01-25 08:27:32",18
"2026-01-25 08:29:32",18
"2026-01-25 08:39:32",18
"2026-01-25 08:40:32",18
"2026-01-25 08:52:32",18
"2026-01-25 08:53:32",18
"2026-01-25 08:54:32",18
"2026-01-25 08:55:32",18
"2026-01-25 08:56:32",18
"2026-01-25 08:57:32",18
"2026-01-25 08:58:32",18
"2026-01-25 09:11:32",18
"2026-01-25 09:14:32",18
"2026-01-25 09:40:32",18
"2026-01-25 09:41:32",18
"2026-01-25 09:44:32",18
"2026-01-25 09:48:32",18
"2026-01-25 10:01:32",18
"2026-01-25 10:03:32",18
"2026-01-25 10:10:32",18
"2026-01-25 10:18:32",18
"2026-01-25 10:21:32",18
"2026-01-25 10:28:32",18
"2026-01-25 10:53:32",18
"2026-01-25 10:57:32",18
"2026-01-25 11:02:32",18
"2026-01-25 11:10:32",18
"2026-01-25 11:15:32",18
"2026-01-25 11:16:32",18
"2026-01-25 11:19:32",18
"2026-01-25 11:22:32",18
"2026-01-25 11:38:32",18
"2026-01-25 11:40:32",18
"2026-01-25 11:45:32",18
"2026-01-25 12:24:32",18
"2026-01-25 12:25:32",18
"2026-01-25 12:29:32",18
"2026-01-25 12:39:32",18
"2026-01-25 12:40:32",18
"2026-01-25 12:51:32",18
"2026-01-25 12:52:32",18
"2026-01-25 12:54:32",18
"2026-01-25 12:57:32",18
"2026-01-25 13:02:32",18
"2026-01-25 13:03:32",18
"2026-01-25 13:05:32",18
"2026-01-25 13:08:32",18
"2026-01-25 13:10:32",18
"2026-01-25 13:12:32",18
"2026-01-25 13:13:32",18
"2026-01-25 13:15:32",18
"2026-01-25 13:19:32",18
"2026-01-25 13:20:32",18
"2026-01-25 13:22:32",18
"2026-01-25 13:34:32",18
"2026-01-25 13:35:32",18
"2026-01-25 13:42:32",18
"2026-01-25 13:45:32",18
"2026-01-25 13:47:32",18
"2026-01-25 14:23:32",18
"2026-01-25 14:24:32",18
"2026-01-25 14:26:32",18
"2026-01-25 14:27:32",18
"2026-01-25 14:29:32",18
"2026-01-25 14:33:32",18
"2026-01-25 14:38:32",18
"2026-01-25 14:39:32",18
"2026-01-25 14:48:32",18
"2026-01-25 14:49:32",18
"2026-01-25 15:04:32",18
"2026-01-25 15:05:32",18
"2026-01-25 15:07:32",18
"2026-01-25 15:10:32",18
"2026-01-25 15:11:32",18
"2026-01-25 15:14:32",18
"2026-01-25 15:16:32",18
"2026-01-25 15:21:32",18
"2026-01-25 15:22:32",18
"2026-01-25 15:41:32",18
"2026-01-25 15:42:32",18
"2026-01-25 15:43:32",18
"2026-01-25 15:44:32",18
"2026-01-25 15:47:32",18
"2026-01-25 16:02:32",18
"2026-01-25 16:03:32",18
"2026-01-25 16:07:32",18
"2026-01-25 16:10:32",18
"2026-01-25 16:11:32",18
"2026-01-25 16:22:32",18
"2026-01-25 16:29:32",18
"2026-01-25 16:42:32",18
"2026-01-25 16:43:32",18
"2026-01-25 16:44:32",18
"2026-01-25 16:45:32",18
"2026-01-25 16:48:32",18
"2026-01-25 16:58:32",18
"2026-01-25 16:59:32",18
"2026-01-25 17:03:32",18
"2026-01-25 17:04:32",18
"2026-01-25 17:37:32",18
"2026-01-25 17:39:32",18
"2026-01-25 17:42:32",18
"2026-01-25 17:49:32",17
"2026-01-25 17:50:32",18
"2026-01-25 17:51:32",17
"2026-01-25 17:58:32",18
"2026-01-25 18:00:32",18
"2026-01-25 18:03:32",18
"2026-01-25 18:16:32",18
"2026-01-25 18:17:32",18
"2026-01-25 18:18:32",18
"2026-01-25 18:21:32",18
"2026-01-25 18:22:32",18
"2026-01-25 18:24:32",18
"2026-01-25 18:31:32",18
"2026-01-25 18:32:32",18
"2026-01-25 18:34:32",18
"2026-01-25 19:14:32",18
"2026-01-25 19:15:32",18
"2026-01-25 19:18:32",18
"2026-01-25 19:22:32",17
"2026-01-25 19:34:32",18
"2026-01-25 19:36:32",18
"2026-01-25 19:42:32",18
"2026-01-25 19:57:32",18
"2026-01-25 19:58:32",18
"2026-01-25 20:03:32",18
"2026-01-25 20:18:32",18
"2026-01-25 20:19:32",18
"2026-01-25 20:21:32",18
"2026-01-25 20:23:32",18
"2026-01-25 20:25:32",18
"2026-01-25 20:28:32",18
"2026-01-25 20:49:32",18
"2026-01-25 20:51:32",18
"2026-01-25 20:53:32",18
"2026-01-25 20:58:32",17
"2026-01-25 21:11:32",18
"2026-01-25 21:16:32",18
"2026-01-25 22:07:32",18
"2026-01-25 22:13:32",18
"2026-01-25 22:14:32",18
"2026-01-25 22:16:32",18
"2026-01-25 22:29:32",18
"2026-01-25 22:35:32",17
"2026-01-25 22:36:32",18
"2026-01-25 22:37:32",17
"2026-01-25 22:45:32",17
"2026-01-25 22:46:32",17
"2026-01-25 22:47:32",17
"2026-01-25 22:48:32",17
"2026-01-25 22:52:32",18
"2026-01-25 23:19:32",18
"2026-01-25 23:22:32",18
"2026-01-25 23:24:32",18
"2026-01-25 23:25:32",18
"2026-01-25 23:46:32",18
"2026-01-25 23:54:32",18
"2026-01-25 23:55:32",18
"2026-01-26 00:01:32",18
"2026-01-26 00:02:32",18
"2026-01-26 00:04:32",18
"2026-01-26 00:07:32",17
"2026-01-26 00:14:32",17
"2026-01-26 00:26:32",17
"2026-01-26 00:34:32",18
"2026-01-26 01:35:32",18
"2026-01-26 01:36:32",18
"2026-01-26 01:37:32",18
"2026-01-26 01:38:32",18
"2026-01-26 01:45:32",17
"2026-01-26 01:48:32",17
"2026-01-26 01:54:32",17
"2026-01-26 01:56:32",17
"2026-01-26 01:57:32",17
"2026-01-26 01:58:32",17
"2026-01-26 01:59:32",17
"2026-01-26 02:01:32",17
"2026-01-26 02:02:32",17
"2026-01-26 02:03:32",17
"2026-01-26 02:06:32",17
"2026-01-26 02:21:32",18
"2026-01-26 02:22:32",17
"2026-01-26 02:48:32",18
"2026-01-26 03:02:32",17
"2026-01-26 03:03:32",18
"2026-01-26 03:09:32",17
"2026-01-26 03:10:32",18
"2026-01-26 03:11:32",17
"2026-01-26 03:12:32",18
"2026-01-26 03:21:32",17
"2026-01-26 03:24:32",17
"2026-01-26 03:37:32",17
"2026-01-26 03:39:32",17
"2026-01-26 03:45:32",17
"2026-01-26 04:18:32",18
"2026-01-26 04:19:32",17
"2026-01-26 04:24:32",18
"2026-01-26 04:38:32",17
"2026-01-26 04:39:32",18
"2026-01-26 04:40:32",17
"2026-01-26 04:44:32",18
"2026-01-26 04:58:32",17
"2026-01-26 05:01:32",17
"2026-01-26 05:05:32",17
"2026-01-26 05:17:32",17
"2026-01-26 05:18:32",17
"2026-01-26 05:20:32",17
"2026-01-26 05:27:32",17
"2026-01-26 05:34:32",17
"2026-01-26 05:38:32",17
"2026-01-26 05:39:32",17
"2026-01-26 05:42:32",17
"2026-01-26 06:39:32",17
"2026-01-26 06:42:32",17
"2026-01-26 06:51:32",17
"2026-01-26 06:58:32",17
"2026-01-26 07:02:32",17
"2026-01-26 07:10:32",17
"2026-01-26 07:15:32",17
"2026-01-26 07:17:32",17
"2026-01-26 07:19:32",17
"2026-01-26 07:22:32",17
"2026-01-26 07:23:32",17
"2026-01-26 07:25:32",17
"2026-01-26 07:26:32",17
"2026-01-26 07:29:32",17
"2026-01-26 07:43:32",17
"2026-01-26 07:44:32",17
"2026-01-26 07:51:32",17
"2026-01-26 07:53:32",17
"2026-01-26 08:03:32",17
"2026-01-26 08:05:32",17
"2026-01-26 08:16:32",17
"2026-01-26 08:19:32",17
"2026-01-26 08:22:32",17
"2026-01-26 08:37:32",17
"2026-01-26 08:41:32",17
"2026-01-26 09:20:32",17
"2026-01-26 09:21:32",17
"2026-01-26 09:29:32",17
"2026-01-26 09:30:32",17
"2026-01-26 09:31:32",17
"2026-01-26 09:32:32",17
"2026-01-26 09:33:32",17
"2026-01-26 09:34:32",17
"2026-01-26 09:38:32",17
"2026-01-26 09:41:32",17
"2026-01-26 09:46:32",17
"2026-01-26 09:47:32",17
"2026-01-26 09:48:32",17
"2026-01-26 09:49:32",17
"2026-01-26 09:57:32",17
"2026-01-26 09:59:32",17
"2026-01-26 10:05:32",17
"2026-01-26 10:07:32",17
"2026-01-26 10:08:32",17
"2026-01-26 10:14:32",17
"2026-01-26 10:18:32",17
"2026-01-26 10:22:32",17
"2026-01-26 10:23:32",17
"2026-01-26 10:24:32",17
"2026-01-26 10:25:32",17
"2026-01-26 10:29:32",17
"2026-01-26 10:30:32",17
"2026-01-26 10:32:32",17
"2026-01-26 10:46:32",17
"2026-01-26 10:49:32",17
"2026-01-26 11:32:32",17
"2026-01-26 11:36:32",17
"2026-01-26 11:40:32",17
"2026-01-26 11:52:32",17
"2026-01-26 11:56:32",17
"2026-01-26 12:21:32",17
"2026-01-26 12:23:32",17
"2026-01-26 12:24:32",17
"2026-01-26 12:38:32",17
"2026-01-26 12:41:32",17
"2026-01-26 12:46:32",17
"2026-01-26 12:50:32",17
"2026-01-26 13:06:32",17
"2026-01-26 13:07:32",17
"2026-01-26 13:10:32",17
"2026-01-26 13:13:32",17
"2026-01-26 13:15:32",17
"2026-01-26 13:19:32",17
"2026-01-26 13:20:32",17
"2026-01-26 13:22:32",17
"2026-01-26 13:30:32",17
"2026-01-26 13:32:32",17
"2026-01-26 13:35:32",17
"2026-01-26 13:57:32",17
"2026-01-26 14:02:32",17
"2026-01-26 14:04:32",17
"2026-01-26 14:08:32",17
"2026-01-26 14:09:32",17
"2026-01-26 14:13:32",17
"2026-01-26 14:15:32",17
"2026-01-26 14:16:32",17
"2026-01-26 14:19:32",17
"2026-01-26 14:20:32",17
"2026-01-26 14:23:32",17
"2026-01-26 14:32:32",17
"2026-01-26 14:33:32",17
"2026-01-26 14:39:32",17
"2026-01-26 14:41:32",17
"2026-01-26 14:42:32",17
"2026-01-26 14:43:32",17
"2026-01-26 14:46:32",17
"2026-01-26 14:48:32",17
"2026-01-26 14:51:32",17
"2026-01-26 15:03:17",17
"2026-01-26 15:04:17",17
"2026-01-26 15:05:17",17
"2026-01-26 15:06:17",17
"2026-01-26 15:09:17",17
"2026-01-26 15:12:17",17
"2026-01-26 15:20:17",17
"2026-01-26 15:35:17",17
"2026-01-26 15:38:17",17
"2026-01-26 15:39:17",17
"2026-01-26 15:42:17",17
"2026-01-26 15:43:17",17
"2026-01-26 16:28:17",17
"2026-01-26 16:32:17",17
"2026-01-26 16:38:17",17
"2026-01-26 16:46:17",17
"2026-01-26 16:47:17",17
"2026-01-26 16:49:17",17
"2026-01-26 16:53:17",17
"2026-01-26 17:12:17",17
"2026-01-26 17:16:17",17
"2026-01-26 17:17:17",17
"2026-01-26 17:18:17",17
"2026-01-26 17:19:17",17
"2026-01-26 17:20:17",17
"2026-01-26 17:21:17",17
"2026-01-26 17:23:17",17
"2026-01-26 17:24:17",17
"2026-01-26 17:26:17",17
"2026-01-26 17:54:17",17
"2026-01-26 17:55:17",17
"2026-01-26 17:56:17",17
"2026-01-26 17:58:17",17
"2026-01-26 18:00:17",17
"2026-01-26 18:02:17",17
"2026-01-26 18:05:17",17
"2026-01-26 18:06:17",17
"2026-01-26 18:09:17",17
"2026-01-26 18:15:17",17
"2026-01-26 18:25:17",17
"2026-01-26 18:27:17",17
"2026-01-26 18:29:17",17
"2026-01-26 18:34:17",17
"2026-01-26 18:41:17",17
"2026-01-26 18:45:17",17
"2026-01-26 18:52:17",17
"2026-01-26 18:56:17",17
"2026-01-26 19:00:17",17
"2026-01-26 19:02:17",17
"2026-01-26 19:46:17",17
"2026-01-26 19:48:17",17
"2026-01-26 19:55:17",17
"2026-01-26 20:09:17",17
"2026-01-26 20:21:17",17
"2026-01-26 20:22:17",17
"2026-01-26 20:26:17",17
"2026-01-26 20:37:17",17
"2026-01-26 20:38:17",17
"2026-01-26 20:48:17",17
"2026-01-26 20:49:17",17
"2026-01-26 20:57:17",17
"2026-01-26 21:03:17",17
"2026-01-26 21:15:17",17
"2026-01-26 21:17:17",17
"2026-01-26 21:21:17",17
"2026-01-26 21:22:17",17
"2026-01-26 21:25:17",17
"2026-01-26 21:27:17",17
"2026-01-26 21:29:17",17
"2026-01-26 21:34:17",17
"2026-01-26 21:43:17",17
"2026-01-26 21:48:17",17
"2026-01-26 21:50:17",17
"2026-01-26 21:54:17",17
"2026-01-26 21:55:17",17
"2026-01-26 22:00:17",17
"2026-01-26 22:02:17",17
"2026-01-26 22:04:17",17
"2026-01-26 22:32:17",17
"2026-01-26 22:44:17",17
"2026-01-26 22:47:17",17
"2026-01-26 22:53:17",17
"2026-01-26 22:54:17",17
"2026-01-26 23:08:17",17
"2026-01-26 23:09:17",17
"2026-01-26 23:14:17",17
"2026-01-26 23:19:17",17
"2026-01-26 23:29:17",17
"2026-01-26 23:32:17",17
"2026-01-26 23:59:17",17
"2026-01-27 00:01:17",17
"2026-01-27 00:14:17",17
"2026-01-27 00:15:17",17
"2026-01-27 00:17:17",17
"2026-01-27 00:18:17",17
"2026-01-27 00:21:17",17
"2026-01-27 00:23:17",17
"2026-01-27 00:25:17",17
"2026-01-27 00:32:17",17
"2026-01-27 00:39:17",17
"2026-01-27 00:45:17",17
"2026-01-27 00:50:17",17
"2026-01-27 00:51:17",17
"2026-01-27 00:54:17",17
"2026-01-27 01:00:17",17
"2026-01-27 01:02:17",17
"2026-01-27 01:03:17",17
"2026-01-27 01:11:17",17
"2026-01-27 01:15:17",17
"2026-01-27 01:30:17",17
"2026-01-27 01:38:17",17
"2026-01-27 01:45:17",17
"2026-01-27 01:46:17",17
"2026-01-27 01:47:17",17
"2026-01-27 01:48:17",17
"2026-01-27 01:50:17",17
"2026-01-27 02:01:17",17
"2026-01-27 02:02:17",17
"2026-01-27 02:05:17",17
"2026-01-27 02:09:17",17
"2026-01-27 02:15:17",17
"2026-01-27 02:27:17",17
"2026-01-27 02:30:17",17
"2026-01-27 02:32:17",17
"2026-01-27 02:33:17",17
"2026-01-27 02:37:17",17
"2026-01-27 02:41:17",17
"2026-01-27 02:54:17",17
"2026-01-27 02:57:17",17
"2026-01-27 02:58:17",17
"2026-01-27 02:59:17",17
"2026-01-27 03:01:17",17
"2026-01-27 03:17:17",17
"2026-01-27 03:22:17",17
"2026-01-27 03:24:17",17
"2026-01-27 03:29:17",17
"2026-01-27 03:32:17",17
"2026-01-27 03:34:17",17
"2026-01-27 03:38:17",17
"2026-01-27 03:46:17",17
"2026-01-27 03:48:17",17
"2026-01-27 03:49:17",17
"2026-01-27 03:54:17",17
"2026-01-27 04:01:17",17
"2026-01-27 04:02:17",17
"2026-01-27 04:14:17",17
"2026-01-27 04:16:17",17
"2026-01-27 04:19:17",17
"2026-01-27 04:23:17",17
"2026-01-27 04:36:17",17
"2026-01-27 04:38:17",17
"2026-01-27 04:50:17",17
"2026-01-27 04:59:17",17
"2026-01-27 05:01:17",17
"2026-01-27 05:07:17",17
"2026-01-27 05:09:17",17
"2026-01-27 05:11:17",17
"2026-01-27 05:34:17",17
"2026-01-27 05:35:17",17
"2026-01-27 05:36:17",17
"2026-01-27 05:41:17",17
"2026-01-27 05:47:17",17
"2026-01-27 05:50:17",17
"2026-01-27 05:52:17",17
"2026-01-27 05:53:17",17
"2026-01-27 05:57:17",17
"2026-01-27 06:00:17",17
"2026-01-27 06:04:17",17
"2026-01-27 06:09:17",17
"2026-01-27 06:18:17",17
"2026-01-27 06:21:17",17
"2026-01-27 06:26:17",17
"2026-01-27 06:39:17",17
"2026-01-27 06:40:17",17
"2026-01-27 06:43:17",17
"2026-01-27 07:24:17",17
"2026-01-27 07:25:17",17
"2026-01-27 07:27:17",17
"2026-01-27 07:30:17",17
"2026-01-27 07:31:17",17
"2026-01-27 07:36:17",17
"2026-01-27 07:39:17",17
"2026-01-27 07:40:17",17
"2026-01-27 07:45:17",17
"2026-01-27 07:53:17",17
"2026-01-27 07:55:17",17
"2026-01-27 07:57:17",17
"2026-01-27 08:01:17",17
"2026-01-27 08:02:17",17
"2026-01-27 08:05:17",17
"2026-01-27 08:13:17",17
"2026-01-27 08:23:17",17
"2026-01-27 08:27:17",17
"2026-01-27 08:28:17",17
"2026-01-27 08:33:17",17
"2026-01-27 08:56:17",17
"2026-01-27 08:59:17",17
"2026-01-27 09:00:17",17
"2026-01-27 09:03:17",17
"2026-01-27 09:20:17",17
"2026-01-27 09:21:17",17
"2026-01-27 09:23:17",17
"2026-01-27 09:25:17",17
"2026-01-27 09:29:17",17
"2026-01-27 09:33:17",17
"2026-01-27 09:43:17",17
"2026-01-27 09:45:17",17
"2026-01-27 09:47:17",17
"2026-01-27 09:57:17",17
"2026-01-27 10:04:17",17
"2026-01-27 10:12:17",17
"2026-01-27 10:19:17",17
"2026-01-27 10:29:17",17
"2026-01-27 10:32:17",17
"2026-01-27 10:33:17",17
"2026-01-27 10:34:17",17
"2026-01-27 10:35:17",17
"2026-01-27 10:52:17",17
"2026-01-27 10:55:17",17
"2026-01-27 11:02:17",17
"2026-01-27 11:05:17",17
"2026-01-27 11:10:17",17
"2026-01-27 11:19:17",17
"2026-01-27 11:24:17",17
"2026-01-27 11:26:17",17
"2026-01-27 11:28:17",17
"2026-01-27 11:30:17",17
"2026-01-27 11:31:17",17
"2026-01-27 11:48:17",17
"2026-01-27 12:19:17",17
"2026-01-27 12:20:17",17
"2026-01-27 12:21:17",17
"2026-01-27 12:42:17",17
"2026-01-27 12:44:17",17
"2026-01-27 12:45:17",17
"2026-01-27 12:47:17",17
"2026-01-27 12:55:17",17
"2026-01-27 12:57:17",17
"2026-01-27 12:58:17",17
"2026-01-27 13:05:17",17
"2026-01-27 13:06:17",17
"2026-01-27 13:08:17",17
"2026-01-27 13:11:17",17
"2026-01-27 13:31:17",17
"2026-01-27 13:47:17",17
"2026-01-27 13:48:17",17
"2026-01-27 14:12:17",18
"2026-01-27 14:17:17",17
"2026-01-27 14:18:17",18
"2026-01-27 14:22:17",17
"2026-01-27 14:24:17",17
"2026-01-27 14:25:17",17
"2026-01-27 14:28:17",17
"2026-01-27 14:31:17",17
"2026-01-27 14:46:17",17
"2026-01-27 14:48:17",17
"2026-01-27 14:50:17",17
"2026-01-27 14:59:17",17
"2026-01-27 15:00:17",17
"2026-01-27 15:02:17",17
"2026-01-27 15:08:17",17
"2026-01-27 15:11:17",17
"2026-01-27 15:28:17",18
"2026-01-27 15:31:17",17
"2026-01-27 15:32:17",18
"2026-01-27 15:41:17",17
"2026-01-27 15:42:17",18
"2026-01-27 15:43:17",17
"2026-01-27 15:45:17",18
"2026-01-27 16:02:17",17
"2026-01-27 16:03:17",17
"2026-01-27 16:05:17",17
"2026-01-27 16:07:17",17
"2026-01-27 16:10:17",17
"2026-01-27 16:20:17",17
"2026-01-27 16:21:17",17
"2026-01-27 16:24:17",17
"2026-01-27 16:26:17",17
"2026-01-27 16:28:17",17
"2026-01-27 16:35:17",17
"2026-01-27 17:16:17",18
"2026-01-27 17:18:17",17
"2026-01-27 17:19:17",18
"2026-01-27 17:20:17",17
"2026-01-27 17:23:17",18
"2026-01-27 17:24:17",17
"2026-01-27 17:26:17",18
"2026-01-27 17:43:17",17
"2026-01-27 17:44:17",17
"2026-01-27 17:46:17",17
"2026-01-27 17:48:17",17
"2026-01-27 17:52:17",17
"2026-01-27 18:06:17",17
"2026-01-27 18:08:17",17
"2026-01-27 18:10:17",17
"2026-01-27 18:15:17",17
"2026-01-27 18:16:17",17
"2026-01-27 18:17:17",17
"2026-01-27 18:18:17",17
"2026-01-27 18:19:17",17
"2026-01-27 18:22:17",17
"2026-01-27 18:23:17",17
"2026-01-27 18:46:17",18
"2026-01-27 18:49:17",17
"2026-01-27 18:55:17",18
"2026-01-27 19:20:17",17
"2026-01-27 19:21:17",18
"2026-01-27 19:23:17",17
"2026-01-27 19:24:17",18
"2026-01-27 19:25:17",17
"2026-01-27 19:27:17",17
"2026-01-27 19:28:17",17
"2026-01-27 19:30:17",17
"2026-01-27 19:34:17",17
"2026-01-27 19:35:17",17
"2026-01-27 19:36:17",17
"2026-01-27 19:47:17",17
"2026-01-27 19:49:17",17
"2026-01-27 19:50:17",17
"2026-01-27 19:53:17",17
"2026-01-27 19:54:17",17
"2026-01-27 19:55:17",17
"2026-01-27 20:04:17",18
"2026-01-27 20:05:17",17
"2026-01-27 20:19:17",18
"2026-01-27 20:21:17",17
"2026-01-27 20:31:17",18
"2026-01-27 20:40:17",17
"2026-01-27 20:41:17",18
"2026-01-27 20:42:17",17
"2026-01-27 20:43:17",18
"2026-01-27 20:48:17",17
"2026-01-27 20:54:17",18
"2026-01-27 21:00:17",17
"2026-01-27 21:01:17",18
"2026-01-27 21:04:17",17
"2026-01-27 21:07:17",17
"2026-01-27 21:09:17",17
"2026-01-27 21:12:17",17
"2026-01-27 21:28:17",17
"2026-01-27 21:30:17",17
"2026-01-27 21:34:17",17
"2026-01-27 21:48:17",18
"2026-01-27 21:52:17",17
"2026-01-27 21:53:17",18
"2026-01-27 22:05:17",17
"2026-01-27 22:10:17",18
"2026-01-27 22:12:17",17
"2026-01-27 22:14:17",18
"2026-01-27 22:29:17",17
"2026-01-27 22:31:17",18
"2026-01-27 22:37:17",17
"2026-01-27 22:39:17",18
"2026-01-27 22:44:17",17
"2026-01-27 22:45:17",17
"2026-01-27 22:49:17",17
"2026-01-27 22:56:17",17
"2026-01-27 23:06:17",17
"2026-01-27 23:07:17",17
"2026-01-27 23:15:17",17
"2026-01-27 23:16:17",17
"2026-01-27 23:19:17",17
"2026-01-27 23:24:17",17
"2026-01-27 23:27:17",17
"2026-01-27 23:35:17",17
"2026-01-27 23:36:17",17
"2026-01-27 23:40:17",17
"2026-01-27 23:41:17",17
"2026-01-27 23:43:17",17
"2026-01-27 23:44:17",17
"2026-01-27 23:52:17",17
"2026-01-27 23:53:17",17
"2026-01-27 23:54:17",17
"2026-01-27 23:55:17",17
"2026-01-27 23:56:17",17
"2026-01-27 23:57:17",17
"2026-01-28 00:22:17",17
"2026-01-28 00:26:17",17
"2026-01-28 00:33:17",17
"2026-01-28 00:44:17",17
"2026-01-28 00:45:17",17
"2026-01-28 00:49:17",17
"2026-01-28 00:51:17",17
"2026-01-28 01:33:17",17
"2026-01-28 01:34:17",17
"2026-01-28 01:44:17",17
"2026-01-28 01:45:17",17
"2026-01-28 01:51:17",17
"2026-01-28 01:57:17",17
"2026-01-28 02:05:17",17
"2026-01-28 02:09:17",17
"2026-01-28 02:23:17",17
"2026-01-28 02:28:17",17
"2026-01-28 02:35:17",17
"2026-01-28 02:38:17",17
"2026-01-28 02:50:17",17
"2026-01-28 02:51:17",17
"2026-01-28 02:58:17",17
"2026-01-28 03:01:17",17
"2026-01-28 03:24:17",17
"2026-01-28 03:25:17",17
"2026-01-28 03:29:17",17
"2026-01-28 03:30:17",17
"2026-01-28 03:31:17",17
"2026-01-28 03:32:17",17
"2026-01-28 03:38:17",17
"2026-01-28 03:39:17",17
"2026-01-28 03:40:17",17
"2026-01-28 03:48:17",17
"2026-01-28 04:05:17",17
"2026-01-28 04:23:17",17
"2026-01-28 04:24:17",17
"2026-01-28 04:25:17",17
"2026-01-28 04:26:17",17
"2026-01-28 04:28:17",17
"2026-01-28 04:30:17",17
"2026-01-28 04:40:17",17
"2026-01-28 04:41:17",17
"2026-01-28 04:42:17",17
"2026-01-28 04:43:17",17
"2026-01-28 04:47:17",17
"2026-01-28 04:54:17",17
"2026-01-28 04:58:17",17
"2026-01-28 05:16:17",17
"2026-01-28 05:20:17",17
"2026-01-28 05:34:17",17
"2026-01-28 05:38:17",17
"2026-01-28 05:52:17",17
"2026-01-28 05:55:17",17
"2026-01-28 05:57:17",17
"2026-01-28 05:58:17",17
"2026-01-28 05:59:17",17
"2026-01-28 06:11:17",17
"2026-01-28 06:13:17",17
"2026-01-28 06:14:17",17
"2026-01-28 06:16:17",17
"2026-01-28 06:30:17",17
"2026-01-28 06:32:17",17
"2026-01-28 06:33:17",17
"2026-01-28 06:34:17",17
"2026-01-28 06:39:17",17
"2026-01-28 06:40:17",17
"2026-01-28 06:42:17",17
"2026-01-28 06:55:17",17
"2026-01-28 06:58:17",17
"2026-01-28 07:06:17",17
"2026-01-28 07:17:17",17
"2026-01-28 07:23:17",17
"2026-01-28 07:24:17",17
"2026-01-28 07:25:17",17
"2026-01-28 07:26:17",17
"2026-01-28 07:30:17",17
"2026-01-28 07:32:17",17
"2026-01-28 07:33:17",17
"2026-01-28 07:45:17",17
"2026-01-28 07:47:17",17
"2026-01-28 07:48:17",17
"2026-01-28 07:53:17",17
"2026-01-28 07:54:17",17
"2026-01-28 07:55:17",17
"2026-01-28 07:56:17",17
"2026-01-28 07:58:17",17
"2026-01-28 07:59:17",17
"2026-01-28 08:00:17",17
"2026-01-28 08:25:17",17
"2026-01-28 08:26:17",17
"2026-01-28 08:32:17",17
"2026-01-28 08:41:17",17
"2026-01-28 08:48:17",17
"2026-01-28 08:49:17",17
"2026-01-28 08:54:17",17
"2026-01-28 08:55:17",17
"2026-01-28 08:56:17",17
"2026-01-28 09:14:17",17
"2026-01-28 09:15:17",17
"2026-01-28 09:35:17",17
"2026-01-28 09:36:17",17
"2026-01-28 09:37:17",17
"2026-01-28 09:39:17",17
"2026-01-28 09:42:17",17
"2026-01-28 09:58:17",17
"2026-01-28 09:59:17",17
"2026-01-28 10:07:17",17
"2026-01-28 10:08:17",17
"2026-01-28 10:11:17",17
"2026-01-28 10:17:17",17
"2026-01-28 10:24:17",17
"2026-01-28 10:32:17",17
"2026-01-28 10:35:17",17
"2026-01-28 10:51:17",17
"2026-01-28 11:00:17",17
"2026-01-28 11:02:17",17
"2026-01-28 11:04:17",17
"2026-01-28 11:07:17",17
"2026-01-28 11:30:17",17
"2026-01-28 11:33:17",17
"2026-01-28 11:37:17",17
"2026-01-28 11:41:17",17
"2026-01-28 11:42:17",17
"2026-01-28 11:49:17",17
"2026-01-28 11:50:17",17
"2026-01-28 11:54:17",17
"2026-01-28 11:57:17",17
"2026-01-28 12:11:17",17
"2026-01-28 12:14:17",17
"2026-01-28 12:19:17",17
"2026-01-28 12:21:17",17
"2026-01-28 12:24:17",17
"2026-01-28 12:25:17",17
"2026-01-28 12:27:17",17
"2026-01-28 12:28:17",17
"2026-01-28 12:31:17",17
"2026-01-28 12:35:17",17
"2026-01-28 12:38:17",17
"2026-01-28 12:40:17",17
"2026-01-28 12:41:17",17
"2026-01-28 12:50:17",17
"2026-01-28 12:51:17",17
"2026-01-28 12:54:17",17
"2026-01-28 12:55:17",17
"2026-01-28 12:58:17",17
"2026-01-28 13:02:17",17
"2026-01-28 13:17:17",17
"2026-01-28 13:21:17",17
"2026-01-28 13:31:17",17
"2026-01-28 13:33:17",17
"2026-01-28 13:35:17",17
"2026-01-28 13:53:17",17
"2026-01-28 13:54:17",17
"2026-01-28 13:56:17",17
"2026-01-28 13:57:17",17
"2026-01-28 14:00:17",17
"2026-01-28 14:21:17",17
"2026-01-28 14:25:17",17
"2026-01-28 14:50:17",17
"2026-01-28 14:51:17",17
"2026-01-28 14:56:17",17
"2026-01-28 15:03:17",17
"2026-01-28 15:10:17",17
"2026-01-28 15:13:17",17
"2026-01-28 15:18:17",17
"2026-01-28 15:19:17",17
"2026-01-28 15:21:17",17
"2026-01-28 15:25:17",17
"2026-01-28 15:26:17",17
"2026-01-28 15:30:17",17
"2026-01-28 15:34:17",17
"2026-01-28 15:42:17",17
"2026-01-28 15:51:17",17
"2026-01-28 15:52:17",17
"2026-01-28 15:59:17",17
"2026-01-28 16:00:17",17
"2026-01-28 16:05:17",17
"2026-01-28 16:21:17",17
"2026-01-28 16:23:17",17
"2026-01-28 16:29:17",17
"2026-01-28 16:44:17",17
"2026-01-28 16:45:17",17
"2026-01-28 16:48:17",17
"2026-01-28 16:52:17",17
"2026-01-28 17:03:17",17
"2026-01-28 17:08:17",17
"2026-01-28 17:12:17",17
"2026-01-28 17:13:17",17
"2026-01-28 17:14:17",17
"2026-01-28 17:26:17",17
"2026-01-28 17:28:17",17
"2026-01-28 17:33:17",17
"2026-01-28 17:34:17",17
"2026-01-28 17:39:17",17
"2026-01-28 17:40:17",17
"2026-01-28 17:44:17",17
"2026-01-28 17:45:17",17
"2026-01-28 17:49:17",17
"2026-01-28 17:50:17",17
"2026-01-28 17:51:17",17
"2026-01-28 18:03:17",17
"2026-01-28 18:17:17",17
"2026-01-28 18:27:17",17
"2026-01-28 18:30:17",17
"2026-01-28 18:38:17",17
"2026-01-28 18:47:17",17
"2026-01-28 18:48:17",17
"2026-01-28 18:50:17",17
"2026-01-28 18:51:17",17
"2026-01-28 18:58:17",17
"2026-01-28 19:15:17",17
"2026-01-28 19:16:17",17
"2026-01-28 19:18:17",17
"2026-01-28 19:19:17",17
"2026-01-28 19:21:17",17
"2026-01-28 19:26:17",17
"2026-01-28 19:30:17",17
"2026-01-28 19:31:17",17
"2026-01-28 19:34:17",17
"2026-01-28 19:38:17",17
"2026-01-28 19:43:17",17
"2026-01-28 19:59:17",17
"2026-01-28 20:02:17",17
"2026-01-28 20:10:17",17
"2026-01-28 20:20:17",17
"2026-01-28 20:22:17",17
"2026-01-28 20:23:17",17
"2026-01-28 20:25:17",17
"2026-01-28 20:27:17",17
"2026-01-28 20:39:17",17
"2026-01-28 20:41:17",17
"2026-01-28 20:52:17",17
"2026-01-28 20:59:17",17
"2026-01-28 21:00:17",17
"2026-01-28 21:02:17",17
"2026-01-28 21:13:17",17
"2026-01-28 21:40:17",17
"2026-01-28 21:43:17",17
"2026-01-28 21:45:17",17
"2026-01-28 21:48:17",17
"2026-01-28 21:54:17",17
"2026-01-28 21:55:17",17
"2026-01-28 21:58:17",17
"2026-01-28 21:59:17",17
"2026-01-28 22:01:17",17
"2026-01-28 22:04:17",17
"2026-01-28 22:08:17",17
"2026-01-28 22:13:17",17
"2026-01-28 22:14:17",17
"2026-01-28 22:17:17",17
"2026-01-28 22:19:17",17
"2026-01-28 22:21:17",17
"2026-01-28 22:39:17",17
"2026-01-28 22:40:17",17
"2026-01-28 22:42:17",17
"2026-01-28 22:46:17",17
"2026-01-28 22:51:17",17
"2026-01-28 22:52:17",17
"2026-01-28 22:54:17",17
"2026-01-28 22:55:17",17
"2026-01-28 22:58:17",17
"2026-01-28 22:59:17",17
"2026-01-28 23:01:17",17
"2026-01-28 23:02:17",17
"2026-01-28 23:05:17",17
"2026-01-28 23:17:17",17
"2026-01-28 23:19:17",17
"2026-01-28 23:22:17",17
"2026-01-28 23:25:17",17
"2026-01-28 23:29:17",17
"2026-01-28 23:36:17",17
"2026-01-28 23:43:17",17
"2026-01-28 23:45:17",17
"2026-01-28 23:50:17",17
"2026-01-28 23:53:17",17
"2026-01-28 23:54:17",17
"2026-01-28 23:55:17",17
"2026-01-28 23:56:17",17
"2026-01-29 00:07:17",17
"2026-01-29 00:08:17",17
"2026-01-29 00:17:17",17
"2026-01-29 00:20:17",17
"2026-01-29 00:26:17",17
"2026-01-29 00:43:17",17
"2026-01-29 00:45:17",17
"2026-01-29 01:01:17",17
"2026-01-29 01:04:17",17
"2026-01-29 01:08:17",17
"2026-01-29 01:09:17",17
"2026-01-29 01:11:17",17
"2026-01-29 01:20:17",17
"2026-01-29 01:22:17",17
"2026-01-29 01:24:17",17
"2026-01-29 01:32:17",17
"2026-01-29 01:33:17",17
"2026-01-29 01:34:17",17
"2026-01-29 01:36:17",17
"2026-01-29 01:37:17",17
"2026-01-29 01:49:17",17
"2026-01-29 01:50:17",17
"2026-01-29 01:54:17",17
"2026-01-29 01:56:17",17
"2026-01-29 01:57:17",17
"2026-01-29 02:03:17",17
"2026-01-29 02:08:17",17
"2026-01-29 02:10:17",17
"2026-01-29 02:11:17",17
"2026-01-29 02:13:17",17
"2026-01-29 02:21:17",17
"2026-01-29 02:31:17",17
"2026-01-29 02:32:17",17
"2026-01-29 02:40:17",17
"2026-01-29 02:42:17",17
"2026-01-29 02:47:17",17
"2026-01-29 03:02:17",17
"2026-01-29 03:05:17",17
"2026-01-29 03:06:17",17
"2026-01-29 03:08:17",17
"2026-01-29 03:14:17",17
"2026-01-29 03:16:17",17
"2026-01-29 03:22:17",17
"2026-01-29 03:23:17",17
"2026-01-29 03:24:17",17
"2026-01-29 03:26:17",17
"2026-01-29 03:37:17",17
"2026-01-29 03:41:17",17
"2026-01-29 03:47:17",17
"2026-01-29 03:49:17",17
"2026-01-29 03:50:17",17
"2026-01-29 03:51:17",17
"2026-01-29 03:52:17",17
"2026-01-29 03:53:17",17
"2026-01-29 03:56:17",17
"2026-01-29 03:57:17",17
"2026-01-29 03:58:17",17
"2026-01-29 03:59:17",17
"2026-01-29 04:00:17",17
"2026-01-29 04:01:17",17
"2026-01-29 04:04:17",17
"2026-01-29 04:10:17",17
"2026-01-29 04:11:17",17
"2026-01-29 04:13:17",17
"2026-01-29 04:21:17",17
"2026-01-29 04:25:17",17
"2026-01-29 04:39:17",17
"2026-01-29 04:47:17",17
"2026-01-29 04:56:17",17
"2026-01-29 04:57:17",17
"2026-01-29 04:58:17",17
"2026-01-29 05:00:17",17
"2026-01-29 05:06:17",17
"2026-01-29 05:07:17",17
"2026-01-29 05:16:17",17
"2026-01-29 05:20:17",17
"2026-01-29 05:25:17",17
"2026-01-29 05:26:17",17
"2026-01-29 05:34:17",17
"2026-01-29 05:45:17",17
"2026-01-29 05:46:17",17
"2026-01-29 05:53:17",17
"2026-01-29 06:00:17",17
"2026-01-29 06:06:17",17
"2026-01-29 06:08:17",17
"2026-01-29 06:10:17",17
"2026-01-29 06:17:17",17
"2026-01-29 06:29:17",17
"2026-01-29 06:30:17",17
"2026-01-29 06:32:17",17
"2026-01-29 06:51:17",17
"2026-01-29 06:53:17",17
"2026-01-29 06:54:17",17
"2026-01-29 06:55:17",17
"2026-01-29 06:56:17",17
"2026-01-29 06:57:17",17
"2026-01-29 07:32:17",17
"2026-01-29 07:33:17",17
"2026-01-29 07:35:17",17
"2026-01-29 07:41:17",17
"2026-01-29 07:55:17",17
"2026-01-29 08:00:17",17
"2026-01-29 08:37:17",17
"2026-01-29 08:38:17",17
"2026-01-29 08:41:17",17
"2026-01-29 08:42:17",17
"2026-01-29 09:00:17",17
"2026-01-29 09:01:17",17
"2026-01-29 09:02:17",17
"2026-01-29 09:03:17",17
"2026-01-29 09:15:17",17
"2026-01-29 09:20:17",17
"2026-01-29 09:21:17",17
"2026-01-29 09:22:17",17
"2026-01-29 09:23:17",17
"2026-01-29 09:24:17",17
"2026-01-29 09:35:17",17
"2026-01-29 09:45:17",17
"2026-01-29 10:29:17",17
"2026-01-29 10:30:17",17
"2026-01-29 10:47:17",17
"2026-01-29 10:49:17",17
"2026-01-29 10:56:17",17
"2026-01-29 11:04:17",17
"2026-01-29 11:05:17",17
"2026-01-29 11:06:17",17
"2026-01-29 11:08:17",17
"2026-01-29 11:09:17",17
"2026-01-29 11:12:17",17
"2026-01-29 11:47:17",17
"2026-01-29 11:54:17",17
"2026-01-29 11:55:17",17
"2026-01-29 11:57:17",17
"2026-01-29 11:58:17",17
"2026-01-29 12:19:17",17
"2026-01-29 12:21:17",17
"2026-01-29 12:33:17",17
"2026-01-29 12:40:17",17
"2026-01-29 12:43:17",17
"2026-01-29 12:44:17",17
"2026-01-29 12:48:17",17
"2026-01-29 12:49:17",17
"2026-01-29 12:52:17",17
"2026-01-29 12:55:17",17
"2026-01-29 13:13:17",17
"2026-01-29 13:14:17",17
"2026-01-29 13:15:17",17
"2026-01-29 13:16:17",17
"2026-01-29 13:17:17",17
"2026-01-29 13:19:17",17
"2026-01-29 13:21:17",17
"2026-01-29 13:24:17",17
"2026-01-29 13:34:17",17
"2026-01-29 13:49:17",17
"2026-01-29 13:52:17",17
"2026-01-29 13:55:17",17
"2026-01-29 13:57:17",17
"2026-01-29 14:00:17",17
"2026-01-29 14:13:17",17
"2026-01-29 14:22:17",17
"2026-01-29 14:29:17",17
"2026-01-29 14:39:17",17
"2026-01-29 14:41:17",17
"2026-01-29 14:42:17",17
"2026-01-29 14:47:17",17
"2026-01-29 14:49:17",17
"2026-01-29 15:05:17",17
"2026-01-29 15:10:17",17
"2026-01-29 15:13:17",17
"2026-01-29 15:14:17",17
"2026-01-29 15:52:17",17
"2026-01-29 16:00:17",17
"2026-01-29 16:08:17",17
"2026-01-29 16:14:17",17
"2026-01-29 16:29:17",17
"2026-01-29 16:30:17",17
"2026-01-29 16:37:17",17
"2026-01-29 16:46:17",17
"2026-01-29 16:48:17",17
"2026-01-29 16:49:17",17
"2026-01-29 17:19:17",17
"2026-01-29 17:21:17",17
"2026-01-29 17:28:17",17
"2026-01-29 17:34:17",17
"2026-01-29 17:46:17",17
"2026-01-29 18:04:17",17
"2026-01-29 18:07:17",17
"2026-01-29 18:09:17",17
"2026-01-29 18:22:17",17
"2026-01-29 18:23:17",17
"2026-01-29 18:42:17",17
"2026-01-29 18:43:17",17
"2026-01-29 18:47:17",17
"2026-01-29 18:54:17",17
"2026-01-29 18:56:17",17
"2026-01-29 19:03:17",17
"2026-01-29 19:08:17",17
"2026-01-29 19:13:17",17
"2026-01-29 19:14:17",17
"2026-01-29 19:15:17",17
"2026-01-29 19:17:17",17
"2026-01-29 19:18:17",17
"2026-01-29 19:28:17",17
"2026-01-29 19:51:17",17
"2026-01-29 19:52:17",17
"2026-01-29 19:53:17",17
"2026-01-29 19:57:17",17
"2026-01-29 19:58:17",17
"2026-01-29 20:12:17",17
"2026-01-29 20:15:17",17
"2026-01-29 20:17:17",17
"2026-01-29 20:18:17",17
"2026-01-29 20:38:17",17
"2026-01-29 20:39:17",17
"2026-01-29 20:42:17",17
"2026-01-29 20:53:17",17
"2026-01-29 21:08:17",17
"2026-01-29 21:09:17",17
"2026-01-29 21:10:17",17
"2026-01-29 21:11:17",17
"2026-01-29 21:12:17",17
"2026-01-29 21:38:17",17
"2026-01-29 21:39:17",17
"2026-01-29 21:56:17",17
"2026-01-29 21:57:17",17
"2026-01-29 22:32:17",17
"2026-01-29 22:46:17",17
"2026-01-29 22:47:17",17
"2026-01-29 22:48:17",17
"2026-01-29 22:49:17",17
"2026-01-29 22:50:17",17
"2026-01-29 23:07:17",17
"2026-01-29 23:27:17",17
"2026-01-29 23:29:17",17
"2026-01-29 23:30:17",17
"2026-01-29 23:31:17",17
"2026-01-29 23:33:17",17
"2026-01-29 23:34:17",17
"2026-01-29 23:36:17",17
"2026-01-29 23:45:17",17
"2026-01-29 23:48:17",17
"2026-01-30 00:07:17",17
"2026-01-30 00:15:17",17
"2026-01-30 00:17:17",17
"2026-01-30 00:24:17",17
"2026-01-30 00:25:17",17
"2026-01-30 00:26:17",17
"2026-01-30 00:30:17",17
"2026-01-30 00:32:17",17
"2026-01-30 00:37:17",17
"2026-01-30 00:40:17",17
"2026-01-30 00:41:17",17
"2026-01-30 00:43:17",17
"2026-01-30 00:49:17",17
"2026-01-30 00:50:17",17
"2026-01-30 00:54:17",17
"2026-01-30 00:55:17",17
"2026-01-30 01:00:17",17
"2026-01-30 01:01:17",17
"2026-01-30 01:02:17",17
"2026-01-30 01:03:17",17
"2026-01-30 01:04:17",17
"2026-01-30 01:38:17",17
"2026-01-30 01:44:17",17
"2026-01-30 01:48:17",17
"2026-01-30 01:49:17",17
"2026-01-30 01:51:17",17
"2026-01-30 01:58:17",17
"2026-01-30 02:05:17",17
"2026-01-30 02:13:17",17
"2026-01-30 02:14:17",17
"2026-01-30 02:21:17",17
"2026-01-30 02:24:17",17
"2026-01-30 02:25:17",17
"2026-01-30 02:26:17",17
"2026-01-30 02:28:17",17
"2026-01-30 02:30:17",17
"2026-01-30 02:31:17",17
"2026-01-30 02:32:17",17
"2026-01-30 02:36:17",17
"2026-01-30 02:37:17",17
"2026-01-30 02:38:17",17
"2026-01-30 02:42:17",17
"2026-01-30 02:43:17",17
"2026-01-30 02:59:17",17
"2026-01-30 03:00:17",17
"2026-01-30 03:01:17",17
"2026-01-30 03:03:17",17
"2026-01-30 03:08:17",17
"2026-01-30 03:09:17",17
"2026-01-30 03:19:17",17
"2026-01-30 03:26:17",17
"2026-01-30 03:27:17",17
"2026-01-30 03:28:17",17
"2026-01-30 03:35:17",17
"2026-01-30 03:40:17",17
"2026-01-30 03:43:17",17
"2026-01-30 03:52:17",17
"2026-01-30 03:55:17",17
"2026-01-30 03:56:17",17
"2026-01-30 04:11:17",17
"2026-01-30 04:12:17",17
"2026-01-30 04:18:17",17
"2026-01-30 04:19:17",17
"2026-01-30 04:23:17",17
"2026-01-30 04:27:17",17
"2026-01-30 04:31:17",17
"2026-01-30 04:32:17",17
"2026-01-30 04:33:17",17
"2026-01-30 04:34:17",17
"2026-01-30 04:35:17",17
"2026-01-30 04:44:17",17
"2026-01-30 04:45:17",17
"2026-01-30 04:55:17",17
"2026-01-30 04:58:17",17
"2026-01-30 04:59:17",17
"2026-01-30 05:06:17",17
"2026-01-30 05:16:17",17
"2026-01-30 05:20:17",17
"2026-01-30 05:23:17",17
"2026-01-30 05:28:17",17
"2026-01-30 06:07:17",17
"2026-01-30 06:08:17",17
"2026-01-30 06:18:17",17
"2026-01-30 06:19:17",17
"2026-01-30 06:40:17",17
"2026-01-30 06:46:17",17
"2026-01-30 06:56:17",17
"2026-01-30 07:01:17",17
"2026-01-30 07:05:17",17
"2026-01-30 07:17:17",17
"2026-01-30 07:20:17",17
"2026-01-30 07:21:17",17
"2026-01-30 07:22:17",17
"2026-01-30 07:27:17",17
"2026-01-30 07:28:17",17
"2026-01-30 07:32:17",17
"2026-01-30 07:36:17",17
"2026-01-30 07:37:17",17
"2026-01-30 07:42:17",17
"2026-01-30 07:43:17",17
"2026-01-30 08:14:17",17
"2026-01-30 08:15:17",17
"2026-01-30 08:21:17",17
"2026-01-30 08:26:17",17
"2026-01-30 08:27:17",17
"2026-01-30 08:29:17",17
"2026-01-30 08:35:17",17
"2026-01-30 08:45:17",17
"2026-01-30 08:47:17",17
"2026-01-30 08:49:17",17
"2026-01-30 08:50:17",17
"2026-01-30 08:51:17",17
"2026-01-30 08:52:17",17
"2026-01-30 08:58:17",17
"2026-01-30 09:31:17",17
"2026-01-30 09:32:17",17
"2026-01-30 09:50:17",17
"2026-01-30 09:51:17",17
"2026-01-30 10:03:17",17
"2026-01-30 10:09:17",17
"2026-01-30 10:14:17",17
"2026-01-30 10:22:17",17
"2026-01-30 10:23:17",17
"2026-01-30 10:24:17",17
"2026-01-30 10:26:17",17
"2026-01-30 10:32:17",17
"2026-01-30 10:55:17",17
"2026-01-30 10:56:17",17
"2026-01-30 11:14:17",17
"2026-01-30 11:15:17",17
"2026-01-30 11:16:17",17
"2026-01-30 11:25:17",17
"2026-01-30 11:26:17",17
"2026-01-30 11:27:17",17
"2026-01-30 11:29:17",17
"2026-01-30 11:40:17",17
"2026-01-30 11:44:17",17
"2026-01-30 11:47:17",17
"2026-01-30 11:51:17",17
"2026-01-30 12:02:17",17
"2026-01-30 12:05:17",17
"2026-01-30 12:12:17",17
"2026-01-30 12:29:17",17
"2026-01-30 12:38:17",17
"2026-01-30 12:40:17",17
"2026-01-30 13:09:17",17
"2026-01-30 13:10:17",17
"2026-01-30 13:19:17",17
"2026-01-30 13:22:17",17
"2026-01-30 13:25:17",17
"2026-01-30 13:43:17",17
"2026-01-30 13:45:17",17
"2026-01-30 13:55:17",17
"2026-01-30 14:00:17",17
"2026-01-30 14:02:17",17
"2026-01-30 14:20:17",17
"2026-01-30 14:21:17",17
"2026-01-30 14:22:17",17
"2026-01-30 14:23:17",17
"2026-01-30 14:29:17",17
"2026-01-30 14:42:17",17
"2026-01-30 14:43:17",17
"2026-01-30 14:47:17",17
"2026-01-30 14:49:17",17
"2026-01-30 14:52:17",17
"2026-01-30 14:53:17",17
"2026-01-30 14:59:17",17
"2026-01-30 15:02:17",17
"2026-01-30 15:04:17",17
"2026-01-30 15:07:17",17
"2026-01-30 15:21:17",17
"2026-01-30 15:23:17",17
"2026-01-30 15:27:17",17
"2026-01-30 15:35:17",17
"2026-01-30 15:50:17",17
"2026-01-30 15:52:17",17
"2026-01-30 15:56:17",17
"2026-01-30 15:59:17",17
"2026-01-30 16:31:17",18
"2026-01-30 16:32:17",17
"2026-01-30 16:38:17",17
"2026-01-30 16:39:17",17
"2026-01-30 16:40:17",17
"2026-01-30 16:54:17",17
"2026-01-30 16:55:17",17
"2026-01-30 16:57:17",17
"2026-01-30 16:59:17",17
"2026-01-30 17:00:17",17
"2026-01-30 17:02:17",17
"2026-01-30 17:10:17",17
"2026-01-30 17:11:17",17
"2026-01-30 17:14:17",17
"2026-01-30 17:18:17",17
"2026-01-30 17:19:17",17
"2026-01-30 17:20:17",17
"2026-01-30 17:21:17",17
"2026-01-30 17:24:17",17
"2026-01-30 17:28:17",17
"2026-01-30 17:54:17",18
"2026-01-30 17:56:17",17
"2026-01-30 17:58:17",18
"2026-01-30 17:59:17",17
"2026-01-30 18:00:17",18
"2026-01-30 18:02:17",17
"2026-01-30 18:03:17",18
"2026-01-30 18:04:17",17
"2026-01-30 18:07:17",18
"2026-01-30 18:13:17",17
"2026-01-30 18:16:17",17
"2026-01-30 18:18:17",17
"2026-01-30 18:21:17",17
"2026-01-30 18:38:17",17
"2026-01-30 18:40:17",17
"2026-01-30 18:46:17",17
"2026-01-30 18:57:17",18
"2026-01-30 18:58:17",17
"2026-01-30 19:00:17",18
"2026-01-30 19:52:17",18
"2026-01-30 19:53:17",18
"2026-01-30 19:54:17",17
"2026-01-30 19:55:17",17
"2026-01-30 19:57:17",17
"2026-01-30 20:01:17",17
"2026-01-30 20:15:17",17
"2026-01-30 20:18:17",17
"2026-01-30 20:22:17",18
"2026-01-30 20:23:17",17
"2026-01-30 20:24:17",18
"2026-01-30 20:52:17",18
"2026-01-30 20:53:17",18
"2026-01-30 20:54:17",18
"2026-01-30 20:55:17",18
"2026-01-30 20:57:17",18
"2026-01-30 20:58:17",18
"2026-01-30 20:59:17",18
"2026-01-30 21:03:17",18
"2026-01-30 21:04:17",18
"2026-01-30 21:10:17",18
"2026-01-30 21:14:17",18
"2026-01-30 21:29:17",18
"2026-01-30 21:30:17",17
"2026-01-30 21:32:17",17
"2026-01-30 21:35:17",17
"2026-01-30 21:47:17",17
"2026-01-30 21:48:17",17
"2026-01-30 21:51:17",17
"2026-01-30 21:53:17",17
"2026-01-30 21:57:17",18
"2026-01-30 22:32:17",18
"2026-01-30 22:33:17",18
"2026-01-30 22:40:17",18
"2026-01-30 22:41:17",18
"2026-01-30 22:43:17",18
"2026-01-30 22:44:17",18
"2026-01-30 22:46:17",18
"2026-01-30 23:05:17",18
"2026-01-30 23:06:17",17
"2026-01-30 23:08:17",17
"2026-01-30 23:13:17",17
"2026-01-30 23:27:17",17
"2026-01-30 23:29:17",17
"2026-01-30 23:33:17",18
"2026-01-30 23:45:17",18
"2026-01-30 23:46:17",18
"2026-01-30 23:49:17",18
"2026-01-30 23:50:17",18
"2026-01-30 23:51:17",18
"2026-01-31 00:01:17",18
"2026-01-31 00:02:17",18
"2026-01-31 00:03:17",18
"2026-01-31 00:31:17",18
"2026-01-31 00:32:17",18
"2026-01-31 00:34:17",18
"2026-01-31 00:35:17",18
"2026-01-31 00:36:17",18
"2026-01-31 00:37:17",18
"2026-01-31 00:40:17",18
"2026-01-31 00:42:17",18
"2026-01-31 00:43:17",17
"2026-01-31 00:47:17",17
"2026-01-31 01:00:17",17
"2026-01-31 01:01:17",17
"2026-01-31 01:03:17",17
"2026-01-31 01:04:17",18
"2026-01-31 01:13:17",18
"2026-01-31 01:37:17",18
"2026-01-31 01:38:17",18
"2026-01-31 01:39:17",18
"2026-01-31 01:40:17",18
"2026-01-31 01:41:17",18
"2026-01-31 01:42:17",18
"2026-01-31 01:54:17",18
"2026-01-31 01:55:17",18
"2026-01-31 01:58:17",18
"2026-01-31 01:59:17",18
"2026-01-31 02:00:17",18
"2026-01-31 02:15:17",18
"2026-01-31 02:16:17",18
"2026-01-31 02:18:17",17
"2026-01-31 02:20:17",17
"2026-01-31 02:39:17",17
"2026-01-31 02:41:17",18
"2026-01-31 02:53:17",18
"2026-01-31 03:07:17",18
"2026-01-31 03:10:17",18
"2026-01-31 03:14:17",18
"2026-01-31 03:15:17",18
"2026-01-31 03:16:17",18
"2026-01-31 03:17:17",18
"2026-01-31 03:19:17",18
"2026-01-31 03:21:17",18
"2026-01-31 03:22:17",18
"2026-01-31 03:25:17",18
"2026-01-31 03:26:17",18
"2026-01-31 03:28:17",18
"2026-01-31 03:29:17",18
"2026-01-31 03:33:17",18
"2026-01-31 03:34:17",18
"2026-01-31 03:51:17",18
"2026-01-31 03:52:17",18
"2026-01-31 03:55:17",17
"2026-01-31 03:58:17",17
"2026-01-31 04:13:17",17
"2026-01-31 04:15:17",18
"2026-01-31 04:18:17",18
"2026-01-31 04:19:17",18
"2026-01-31 04:20:17",18
"2026-01-31 04:30:17",18
"2026-01-31 04:31:17",18
"2026-01-31 04:50:17",18
"2026-01-31 04:56:17",18
"2026-01-31 04:57:17",18
"2026-01-31 04:58:17",18
"2026-01-31 05:27:17",18
"2026-01-31 05:28:17",17
"2026-01-31 05:31:17",17
"2026-01-31 05:49:17",17
"2026-01-31 05:50:17",18
"2026-01-31 05:58:17",18
"2026-01-31 06:07:17",18
"2026-01-31 06:10:17",18
"2026-01-31 06:37:17",18
"2026-01-31 06:38:17",18
"2026-01-31 06:53:17",18
"2026-01-31 06:58:17",18
"2026-01-31 06:59:17",18
"2026-01-31 07:02:17",18
"2026-01-31 07:03:17",18
"2026-01-31 07:06:17",17
"2026-01-31 07:08:17",17
"2026-01-31 07:10:17",17
"2026-01-31 07:11:17",17
"2026-01-31 07:24:17",17
"2026-01-31 07:26:17",18
"2026-01-31 07:32:17",18
"2026-01-31 07:33:17",18
"2026-01-31 07:36:17",18
"2026-01-31 07:37:17",18
"2026-01-31 07:38:17",18
"2026-01-31 07:39:17",18
"2026-01-31 07:41:17",18
"2026-01-31 07:48:17",18
"2026-01-31 07:50:17",18
"2026-01-31 08:05:17",18
"2026-01-31 08:09:17",18
"2026-01-31 08:40:17",18
"2026-01-31 08:44:17",17
"2026-01-31 09:00:17",18
"2026-01-31 09:09:17",18
"2026-01-31 09:10:17",18
"2026-01-31 09:23:17",18
"2026-01-31 09:26:17",18
"2026-01-31 09:27:17",18
"2026-01-31 09:36:17",18
"2026-01-31 09:37:17",18
"2026-01-31 09:50:17",18
"2026-01-31 09:51:17",18
"2026-01-31 09:56:17",18
"2026-01-31 10:13:17",18
"2026-01-31 10:15:17",18
"2026-01-31 10:18:17",17
"2026-01-31 10:25:17",17
"2026-01-31 10:33:17",17
"2026-01-31 10:35:17",18
"2026-01-31 10:37:17",18
"2026-01-31 10:45:17",18
"2026-01-31 10:50:17",18
"2026-01-31 10:52:17",18
"2026-01-31 11:01:17",18
"2026-01-31 11:02:17",18
"2026-01-31 11:03:17",18
"2026-01-31 11:04:17",18
"2026-01-31 11:05:17",18
"2026-01-31 11:21:17",18
"2026-01-31 11:22:17",18
"2026-01-31 11:46:17",18
"2026-01-31 11:47:17",18
"2026-01-31 11:48:17",18
"2026-01-31 11:50:17",17
"2026-01-31 11:56:17",17
"2026-01-31 12:07:17",17
"2026-01-31 12:08:17",18
"2026-01-31 12:10:17",18
"2026-01-31 12:14:17",18
"2026-01-31 12:19:17",18
"2026-01-31 12:21:17",18
"2026-01-31 12:22:17",18
"2026-01-31 12:40:17",18
"2026-01-31 12:41:17",18
"2026-01-31 12:48:17",18
"2026-01-31 12:55:17",18
"2026-01-31 12:57:17",18
"2026-01-31 13:00:17",18
"2026-01-31 13:01:17",18
"2026-01-31 13:02:17",18
"2026-01-31 13:03:17",18
"2026-01-31 13:19:17",18
"2026-01-31 13:20:17",18
"2026-01-31 13:21:17",18
"2026-01-31 13:23:17",18
"2026-01-31 13:27:17",17
"2026-01-31 13:41:17",18
"2026-01-31 13:42:17",18
"2026-01-31 13:45:17",18
"2026-01-31 13:50:17",18
"2026-01-31 14:14:17",18
"2026-01-31 14:33:17",18
"2026-01-31 14:34:17",18
"2026-01-31 14:38:17",18
"2026-01-31 14:40:17",18
"2026-01-31 14:41:17",18
"2026-01-31 14:42:17",18
"2026-01-31 14:53:17",18
"2026-01-31 14:54:17",18
"2026-01-31 14:55:17",18
"2026-01-31 14:58:17",18
"2026-01-31 15:09:17",17
"2026-01-31 15:12:17",18
"2026-01-31 15:15:17",18
"2026-01-31 15:17:17",18
"2026-01-31 15:20:17",18
"2026-01-31 15:49:17",18
"2026-01-31 16:13:17",18
"2026-01-31 16:14:17",18
"2026-01-31 16:15:17",18
"2026-01-31 16:16:17",18
"2026-01-31 16:19:17",18
"2026-01-31 16:20:17",18
"2026-01-31 16:21:17",18
"2026-01-31 16:24:17",18
"2026-01-31 16:25:17",18
"2026-01-31 16:26:17",18
"2026-01-31 16:27:17",18
"2026-01-31 16:31:17",18
"2026-01-31 16:46:17",18
"2026-01-31 16:47:17",18
"2026-01-31 16:50:17",18
"2026-01-31 16:55:17",18
"2026-01-31 17:16:17",18
"2026-01-31 17:37:17",18
"2026-01-31 17:43:17",18
"2026-01-31 17:54:17",18
"2026-01-31 17:57:17",18
"2026-01-31 17:58:17",18
"2026-01-31 17:59:17",18
"2026-01-31 18:00:17",18
"2026-01-31 18:03:17",18
"2026-01-31 18:12:17",18
"2026-01-31 18:13:17",18
"2026-01-31 18:19:17",18
"2026-01-31 18:20:17",18
"2026-01-31 18:24:17",18
"2026-01-31 19:11:17",18
"2026-01-31 19:16:17",18
"2026-01-31 19:28:17",18
"2026-01-31 19:31:17",18
"2026-01-31 19:33:17",18
"2026-01-31 19:38:17",18
"2026-01-31 19:39:17",18
"2026-01-31 19:40:17",18
"2026-01-31 19:41:17",18
"2026-01-31 19:42:17",18
"2026-01-31 19:43:17",18
"2026-01-31 19:46:17",18
"2026-01-31 19:51:17",18
"2026-01-31 19:53:17",18
"2026-01-31 19:56:17",18
"2026-01-31 21:03:17",18
"2026-01-31 21:04:17",18
"2026-01-31 21:13:17",18
"2026-01-31 21:15:17",18
"2026-01-31 21:20:17",18
"2026-01-31 21:22:17",18
"2026-01-31 21:23:17",18
"2026-01-31 21:27:17",18
"2026-01-31 21:28:17",18
"2026-01-31 21:29:17",18
"2026-01-31 21:42:17",18
"2026-01-31 21:46:17",18
"2026-01-31 22:10:17",18
"2026-01-31 22:31:17",18
"2026-01-31 22:36:17",18
"2026-01-31 22:37:17",18
"2026-01-31 22:41:17",18
"2026-01-31 22:55:17",18
"2026-01-31 22:57:17",18
"2026-01-31 23:06:17",18
"2026-01-31 23:07:17",18
"2026-01-31 23:09:17",18
"2026-01-31 23:53:17",18
"2026-02-01 00:00:17",18
"2026-02-01 00:06:17",18
"2026-02-01 00:07:17",18
"2026-02-01 00:12:17",18
"2026-02-01 00:27:17",18
"2026-02-01 00:29:17",18
"2026-02-01 00:35:17",18
"2026-02-01 00:36:17",18
"2026-02-01 00:37:17",18
"2026-02-01 00:52:17",18
"2026-02-01 00:54:17",18
"2026-02-01 01:37:17",18
"2026-02-01 01:39:17",18
"2026-02-01 01:42:17",18
"2026-02-01 01:59:17",18
"2026-02-01 02:01:17",18
"2026-02-01 02:09:17",18
"2026-02-01 02:10:17",18
"2026-02-01 02:13:17",18
"2026-02-01 02:17:17",18
"2026-02-01 02:20:17",18
"2026-02-01 03:10:17",18
"2026-02-01 03:12:17",18
"2026-02-01 03:15:17",18
"2026-02-01 03:28:17",17
"2026-02-01 03:29:17",18
"2026-02-01 03:32:17",18
"2026-02-01 03:34:17",18
"2026-02-01 03:38:17",18
"2026-02-01 03:39:17",18
"2026-02-01 03:40:17",18
"2026-02-01 03:48:17",18
"2026-02-01 03:54:17",18
"2026-02-01 03:55:17",18
"2026-02-01 03:57:17",18
"2026-02-01 04:00:17",18
"2026-02-01 04:01:17",18
"2026-02-01 04:02:17",18
"2026-02-01 04:05:17",18
"2026-02-01 04:43:17",18
"2026-02-01 04:45:17",18
"2026-02-01 04:47:17",18
"2026-02-01 05:00:17",17
"2026-02-01 05:01:17",18
"2026-02-01 05:04:17",18
"2026-02-01 05:06:17",18
"2026-02-01 05:12:17",18
"2026-02-01 05:13:17",18
"2026-02-01 05:20:17",18
"2026-02-01 06:14:17",18
"2026-02-01 06:16:17",18
"2026-02-01 06:20:17",18
"2026-02-01 06:33:17",18
"2026-02-01 06:35:17",18
"2026-02-01 06:42:17",18
"2026-02-01 06:47:17",18
"2026-02-01 06:49:17",18
"2026-02-01 06:50:17",18
"2026-02-01 06:52:17",18
"2026-02-01 07:07:17",18
"2026-02-01 07:13:17",18
"2026-02-01 07:14:17",18
"2026-02-01 07:16:17",18
"2026-02-01 07:17:17",18
"2026-02-01 07:18:17",18
"2026-02-01 07:27:17",18
"2026-02-01 07:28:17",18
"2026-02-01 07:36:17",18
"2026-02-01 07:37:17",18
"2026-02-01 07:38:17",18
"2026-02-01 07:39:17",18
"2026-02-01 07:40:17",18
"2026-02-01 07:41:17",18
"2026-02-01 07:42:17",18
"2026-02-01 07:46:17",18
"2026-02-01 07:52:17",18
"2026-02-01 08:05:17",18
"2026-02-01 08:10:17",18
"2026-02-01 08:30:17",18
"2026-02-01 08:31:17",18
"2026-02-01 08:32:17",18
"2026-02-01 08:34:17",18
"2026-02-01 08:45:17",18
"2026-02-01 08:46:17",18
"2026-02-01 08:48:17",18
"2026-02-01 08:49:17",18
"2026-02-01 08:50:17",18
"2026-02-01 08:54:17",18
"2026-02-01 08:58:17",18
"2026-02-01 09:12:17",18
"2026-02-01 09:13:17",18
"2026-02-01 09:16:17",18
"2026-02-01 09:18:17",18
"2026-02-01 09:25:17",18
"2026-02-01 09:37:17",18
"2026-02-01 09:40:17",18
"2026-02-01 09:41:17",18
"2026-02-01 09:43:17",18
"2026-02-01 09:50:17",18
"2026-02-01 09:52:17",18
"2026-02-01 09:57:17",18
"2026-02-01 09:58:17",18
"2026-02-01 10:00:17",18
"2026-02-01 10:21:17",18
"2026-02-01 10:22:17",18
"2026-02-01 10:28:17",18
"2026-02-01 10:29:17",18
"2026-02-01 10:47:17",18
"2026-02-01 10:48:17",18
"2026-02-01 10:52:17",18
"2026-02-01 11:02:17",17
"2026-02-01 11:05:17",18
"2026-02-01 11:07:17",18
"2026-02-01 11:11:17",18
"2026-02-01 11:14:17",18
"2026-02-01 11:35:17",18
"2026-02-01 11:36:17",18
"2026-02-01 11:39:17",18
"2026-02-01 11:42:17",18
"2026-02-01 11:43:17",18
"2026-02-01 11:44:17",18
"2026-02-01 11:47:17",18
"2026-02-01 11:48:17",18
"2026-02-01 11:49:17",18
"2026-02-01 12:09:17",18
"2026-02-01 12:10:17",18
"2026-02-01 12:11:17",18
"2026-02-01 12:12:17",18
"2026-02-01 12:16:17",18
"2026-02-01 12:17:17",18
"2026-02-01 12:19:17",18
"2026-02-01 12:20:17",18
"2026-02-01 12:22:17",18
"2026-02-01 12:27:17",18
"2026-02-01 12:40:17",18
"2026-02-01 12:42:17",18
"2026-02-01 12:44:17",18
"2026-02-01 12:52:17",18
"2026-02-01 13:17:17",18
"2026-02-01 13:18:17",18
"2026-02-01 13:23:17",18
"2026-02-01 13:24:17",18
"2026-02-01 13:25:17",18
"2026-02-01 13:49:17",18
"2026-02-01 13:50:17",18
"2026-02-01 13:52:17",18
"2026-02-01 13:54:17",18
"2026-02-01 14:00:17",18
"2026-02-01 14:11:17",18
"2026-02-01 14:12:17",18
"2026-02-01 14:15:17",18
"2026-02-01 14:28:17",18
"2026-02-01 14:29:17",18
"2026-02-01 14:30:17",18
"2026-02-01 14:35:17",18
"2026-02-01 14:37:17",18
"2026-02-01 15:00:17",18
"2026-02-01 15:02:17",18
"2026-02-01 15:03:17",18
"2026-02-01 15:04:17",18
"2026-02-01 15:05:17",18
"2026-02-01 15:07:17",18
"2026-02-01 15:08:17",18
"2026-02-01 15:09:17",18
"2026-02-01 15:21:17",18
"2026-02-01 15:23:17",18
"2026-02-01 15:26:17",18
"2026-02-01 15:32:17",18
"2026-02-01 15:42:17",18
"2026-02-01 15:43:17",18
"2026-02-01 15:45:17",18
"2026-02-01 15:53:17",18
"2026-02-01 15:54:17",18
"2026-02-01 15:56:17",18
"2026-02-01 16:05:17",18
"2026-02-01 16:06:17",18
"2026-02-01 16:31:17",18
"2026-02-01 16:32:17",18
"2026-02-01 16:53:17",18
"2026-02-01 16:54:17",18
"2026-02-01 16:56:17",18
"2026-02-01 17:00:17",18
"2026-02-01 17:14:17",18
"2026-02-01 17:15:17",18
"2026-02-01 17:18:17",18
"2026-02-01 17:35:17",18
"2026-02-01 17:39:17",18
"2026-02-01 17:40:17",18
"2026-02-01 17:41:17",18
"2026-02-01 17:53:17",18
"2026-02-01 17:57:17",18
"2026-02-01 17:58:17",18
"2026-02-01 18:08:17",18
"2026-02-01 18:10:17",18
"2026-02-01 18:13:17",18
"2026-02-01 18:14:17",18
"2026-02-01 18:24:17",18
"2026-02-01 18:26:17",18
"2026-02-01 18:28:17",18
"2026-02-01 18:34:17",18
"2026-02-01 18:36:17",18
"2026-02-01 18:37:17",18
"2026-02-01 18:38:17",18
"2026-02-01 18:39:17",18
"2026-02-01 18:45:17",18
"2026-02-01 18:48:17",18
"2026-02-01 18:50:17",18
"2026-02-01 19:40:17",18
"2026-02-01 19:57:17",18
"2026-02-01 19:58:17",18
"2026-02-01 20:01:17",18
"2026-02-01 20:04:17",18
"2026-02-01 20:05:17",18
"2026-02-01 20:06:17",18
"2026-02-01 20:17:17",18
"2026-02-01 20:19:17",18
"2026-02-01 20:21:17",18
"2026-02-01 20:32:17",18
"2026-02-01 20:35:17",18
"2026-02-01 20:36:17",18
"2026-02-01 20:37:17",18
"2026-02-01 20:40:17",18
"2026-02-01 20:49:17",18
"2026-02-01 20:51:17",18
"2026-02-01 20:52:17",18
"2026-02-01 20:53:17",18
"2026-02-01 21:01:17",18
"2026-02-01 21:02:17",18
"2026-02-01 21:07:17",18
"2026-02-01 21:23:17",18
"2026-02-01 21:27:17",18
"2026-02-01 21:30:17",18
"2026-02-01 21:32:17",18
"2026-02-01 21:43:17",18
"2026-02-01 21:46:17",18
"2026-02-01 21:49:17",18
"2026-02-01 21:52:17",18
"2026-02-01 22:16:17",18
"2026-02-01 22:17:17",18
"2026-02-01 22:18:17",18
"2026-02-01 22:21:17",18
"2026-02-01 22:22:17",18
"2026-02-01 22:24:17",18
"2026-02-01 22:28:17",18
"2026-02-01 22:29:17",18
"2026-02-01 23:01:17",18
"2026-02-01 23:02:17",18
"2026-02-01 23:17:17",18
"2026-02-01 23:18:17",18
"2026-02-01 23:21:17",18
"2026-02-01 23:27:17",18
"2026-02-01 23:34:17",18
"2026-02-01 23:36:17",18
"2026-02-02 00:26:17",18
"2026-02-02 00:29:17",18
"2026-02-02 00:33:17",18
"2026-02-02 00:35:17",18
"2026-02-02 00:49:17",18
"2026-02-02 00:50:17",18
"2026-02-02 00:51:17",18
"2026-02-02 00:55:17",18
"2026-02-02 01:46:17",18
"2026-02-02 01:49:17",18
"2026-02-02 01:59:17",18
"2026-02-02 02:00:17",18
"2026-02-02 02:03:17",18
"2026-02-02 02:05:17",18
"2026-02-02 02:09:17",18
"2026-02-02 02:17:17",18
"2026-02-02 02:18:17",18
"2026-02-02 02:21:17",18
"2026-02-02 02:23:17",18
"2026-02-02 02:27:17",18
"2026-02-02 02:29:17",18
"2026-02-02 02:30:17",18
"2026-02-02 02:39:17",18
"2026-02-02 02:41:17",18
"2026-02-02 02:54:17",18
"2026-02-02 02:55:17",18
"2026-02-02 03:33:17",18
"2026-02-02 03:36:17",18
"2026-02-02 03:39:17",18
"2026-02-02 03:52:17",18
"2026-02-02 03:56:17",18
"2026-02-02 04:02:17",18
"2026-02-02 04:55:17",18
"2026-02-02 04:58:17",18
"2026-02-02 05:00:17",18
"2026-02-02 05:01:17",18
"2026-02-02 05:06:17",18
"2026-02-02 05:08:17",18
"2026-02-02 05:11:17",18
"2026-02-02 05:14:17",18
"2026-02-02 05:15:17",18
"2026-02-02 05:24:17",18
"2026-02-02 05:27:17",18
"2026-02-02 05:33:17",18
"2026-02-02 05:51:17",18
"2026-02-02 05:52:17",18
"2026-02-02 06:16:17",18
"2026-02-02 06:17:17",18
"2026-02-02 06:37:17",18
"2026-02-02 06:40:17",18
"2026-02-02 06:43:17",18
"2026-02-02 06:56:17",18
"2026-02-02 06:58:17",18
"2026-02-02 07:00:17",18
"2026-02-02 08:04:17",18
"2026-02-02 08:05:17",18
"2026-02-02 08:10:17",18
"2026-02-02 08:12:17",18
"2026-02-02 08:18:17",18
"2026-02-02 08:29:17",18
"2026-02-02 08:31:17",18
"2026-02-02 08:37:17",18
"2026-02-02 09:04:17",18
"2026-02-02 09:08:17",18
"2026-02-02 09:09:17",18
"2026-02-02 09:11:17",18
"2026-02-02 09:12:17",18
"2026-02-02 09:14:17",18
"2026-02-02 09:16:17",18
"2026-02-02 09:19:17",18
"2026-02-02 09:22:17",18
"2026-02-02 09:42:17",18
"2026-02-02 09:44:17",18
"2026-02-02 09:48:17",18
"2026-02-02 09:56:17",18
"2026-02-02 09:57:17",18
"2026-02-02 09:58:17",18
"2026-02-02 09:59:17",18
"2026-02-02 10:00:17",18
"2026-02-02 10:01:17",18
"2026-02-02 10:03:17",18
"2026-02-02 10:05:17",18
"2026-02-02 10:08:17",18
"2026-02-02 10:14:17",18
"2026-02-02 10:16:17",18
"2026-02-02 10:25:17",18
"2026-02-02 10:27:17",18
"2026-02-02 10:30:17",18
"2026-02-02 10:31:17",18
"2026-02-02 10:35:17",18
"2026-02-02 10:37:17",18
"2026-02-02 11:07:17",18
"2026-02-02 11:10:17",18
"2026-02-02 11:12:17",18
"2026-02-02 11:13:17",18
"2026-02-02 11:14:17",18
"2026-02-02 11:16:17",18
"2026-02-02 11:17:17",18
"2026-02-02 11:26:17",18
"2026-02-02 11:33:17",18
"2026-02-02 11:35:17",18
"2026-02-02 11:37:17",18
"2026-02-02 11:39:17",18
"2026-02-02 11:53:17",18
"2026-02-02 12:02:17",18
"2026-02-02 12:03:17",18
"2026-02-02 12:07:17",18
"2026-02-02 12:08:17",18
"2026-02-02 12:11:17",18
"2026-02-02 12:18:17",18
"2026-02-02 12:19:17",18
"2026-02-02 12:22:17",18
"2026-02-02 12:24:17",18
"2026-02-02 12:25:17",18
"2026-02-02 12:46:17",18
"2026-02-02 12:47:17",18
"2026-02-02 12:49:17",18
"2026-02-02 12:51:17",18
"2026-02-02 13:07:17",18
"2026-02-02 13:09:17",18
"2026-02-02 13:14:17",18
"2026-02-02 13:18:17",18
"2026-02-02 13:19:17",18
"2026-02-02 13:30:17",18
"2026-02-02 13:32:17",18
"2026-02-02 13:40:17",18
"2026-02-02 13:43:17",18
"2026-02-02 13:44:17",18
"2026-02-02 13:45:17",18
"2026-02-02 14:07:17",18
"2026-02-02 14:09:17",18
"2026-02-02 14:19:17",18
"2026-02-02 14:22:17",18
"2026-02-02 14:25:17",18
"2026-02-02 14:35:17",18
"2026-02-02 14:40:17",18
"2026-02-02 14:41:17",18
"2026-02-02 14:44:17",18
"2026-02-02 14:54:17",18
"2026-02-02 14:56:17",18
"2026-02-02 15:03:17",18
"2026-02-02 15:09:17",18
"2026-02-02 15:13:17",18
"2026-02-02 15:18:17",18
"2026-02-02 15:20:17",18
"2026-02-02 15:38:17",18
"2026-02-02 15:46:17",18
"2026-02-02 15:47:17",18
"2026-02-02 15:53:17",18
"2026-02-02 15:56:17",18
"2026-02-02 16:09:17",18
"2026-02-02 16:10:17",18
"2026-02-02 16:12:17",18
"2026-02-02 16:14:17",18
"2026-02-02 16:51:17",18
"2026-02-02 16:53:17",18
"2026-02-02 17:00:17",18
"2026-02-02 17:01:17",18
"2026-02-02 17:17:17",18
"2026-02-02 17:20:17",18
"2026-02-02 17:21:17",18
"2026-02-02 17:23:17",18
"2026-02-02 17:26:17",18
"2026-02-02 17:28:17",18
"2026-02-02 17:34:17",18
"2026-02-02 17:41:17",18
"2026-02-02 17:42:17",18
"2026-02-02 17:44:17",18
"2026-02-02 17:46:17",18
"2026-02-02 17:48:17",18
"2026-02-02 17:53:17",18
"2026-02-02 17:54:17",18
"2026-02-02 18:02:17",18
"2026-02-02 18:07:17",18
"2026-02-02 18:08:17",18
"2026-02-02 18:10:17",18
"2026-02-02 18:12:17",18
"2026-02-02 18:16:17",18
"2026-02-02 18:17:17",18
"2026-02-02 18:37:17",18
"2026-02-02 18:41:17",18
"2026-02-02 18:44:17",18
"2026-02-02 18:46:17",18
"2026-02-02 18:51:17",18
"2026-02-02 18:52:17",18
"2026-02-02 18:53:17",18
"2026-02-02 18:54:17",18
"2026-02-02 18:55:17",18
"2026-02-02 18:58:17",18
"2026-02-02 18:59:17",18
"2026-02-02 19:02:17",18
"2026-02-02 19:17:17",18
"2026-02-02 19:18:17",18
"2026-02-02 19:20:17",18
"2026-02-02 19:25:17",18
"2026-02-02 19:41:17",18
"2026-02-02 19:59:17",18
"2026-02-02 20:00:17",18
"2026-02-02 20:01:17",18
"2026-02-02 20:07:17",18
"2026-02-02 20:27:17",18
"2026-02-02 20:28:17",18
"2026-02-02 20:30:17",18
"2026-02-02 20:32:17",18
"2026-02-02 20:37:17",18
"2026-02-02 20:48:17",18
"2026-02-02 20:50:17",18
"2026-02-02 20:51:17",18
"2026-02-02 20:59:17",18
"2026-02-02 21:08:17",18
"2026-02-02 21:09:17",18
"2026-02-02 21:13:17",18
"2026-02-02 21:14:17",18
"2026-02-02 21:18:17",18
"2026-02-02 21:19:17",18
"2026-02-02 21:38:17",18
"2026-02-02 21:39:17",18
"2026-02-02 21:40:17",18
"2026-02-02 21:44:17",18
"2026-02-02 21:59:17",18
"2026-02-02 22:02:17",18
"2026-02-02 22:04:17",18
"2026-02-02 22:08:17",18
"2026-02-02 22:20:17",18
"2026-02-02 22:21:17",18
"2026-02-02 22:23:17",18
"2026-02-02 22:28:17",18
"2026-02-02 22:33:17",18
"2026-02-02 22:38:17",18
"2026-02-02 22:39:17",18
"2026-02-02 22:43:17",18
"2026-02-02 22:44:17",18
"2026-02-02 22:46:17",18
"2026-02-02 22:49:17",18
"2026-02-02 22:50:17",18
"2026-02-02 22:52:17",18
"2026-02-02 22:56:17",18
"2026-02-02 22:58:17",18
"2026-02-02 22:59:17",18
"2026-02-02 23:00:17",18
"2026-02-02 23:04:17",18
"2026-02-02 23:05:17",18
"2026-02-02 23:06:17",18
"2026-02-02 23:08:17",18
"2026-02-02 23:09:17",18
"2026-02-02 23:10:17",18
"2026-02-02 23:13:17",18
"2026-02-02 23:17:17",18
"2026-02-02 23:20:17",18
"2026-02-02 23:26:17",18
"2026-02-02 23:28:17",18
"2026-02-02 23:29:17",18
"2026-02-02 23:30:17",18
"2026-02-02 23:31:17",18
"2026-02-02 23:33:17",18
"2026-02-02 23:35:17",18
"2026-02-02 23:37:17",18
"2026-02-02 23:52:17",18
"2026-02-02 23:53:17",18
"2026-02-02 23:54:17",18
"2026-02-03 00:01:17",18
"2026-02-03 00:03:17",18
"2026-02-03 00:04:17",18
"2026-02-03 00:25:17",18
"2026-02-03 00:27:17",18
"2026-02-03 00:30:17",18
"2026-02-03 00:32:17",18
"2026-02-03 00:37:17",18
"2026-02-03 00:41:17",18
"2026-02-03 00:43:17",18
"2026-02-03 01:04:17",18
"2026-02-03 01:06:17",18
"2026-02-03 01:07:17",18
"2026-02-03 01:09:17",18
"2026-02-03 01:18:17",17
"2026-02-03 01:19:17",18
"2026-02-03 01:24:17",18
"2026-02-03 01:25:17",18
"2026-02-03 01:27:17",18
"2026-02-03 01:31:17",18
"2026-02-03 01:35:17",18
"2026-02-03 02:15:17",18
"2026-02-03 02:16:17",18
"2026-02-03 02:20:17",18
"2026-02-03 02:35:17",18
"2026-02-03 02:36:17",18
"2026-02-03 02:37:17",18
"2026-02-03 02:39:17",18
"2026-02-03 02:41:17",18
"2026-02-03 02:44:17",18
"2026-02-03 02:45:17",18
"2026-02-03 02:46:17",18
"2026-02-03 02:56:17",18
"2026-02-03 02:57:17",18
"2026-02-03 02:59:17",18
"2026-02-03 03:01:17",18
"2026-02-03 03:06:17",18
"2026-02-03 03:26:17",18
"2026-02-03 03:28:17",18
"2026-02-03 03:32:17",18
"2026-02-03 03:33:17",18
"2026-02-03 03:49:17",18
"2026-02-03 03:50:17",18
"2026-02-03 03:59:17",18
"2026-02-03 04:00:17",18
"2026-02-03 04:04:17",18
"2026-02-03 04:05:17",18
"2026-02-03 04:07:17",18
"2026-02-03 04:09:17",18
"2026-02-03 04:10:17",18
"2026-02-03 04:12:17",18
"2026-02-03 04:15:17",18
"2026-02-03 04:29:17",18
"2026-02-03 04:30:17",18
"2026-02-03 04:31:17",18
"2026-02-03 04:35:17",18
"2026-02-03 04:44:17",18
"2026-02-03 04:46:17",18
"2026-02-03 04:48:17",18
"2026-02-03 04:49:17",18
"2026-02-03 04:50:17",18
"2026-02-03 05:30:17",18
"2026-02-03 05:31:17",18
"2026-02-03 05:32:17",18
"2026-02-03 05:37:17",18
"2026-02-03 05:38:17",18
"2026-02-03 05:40:17",18
"2026-02-03 05:41:17",18
"2026-02-03 05:42:17",18
"2026-02-03 05:43:17",18
"2026-02-03 05:45:17",18
"2026-02-03 05:48:17",18
"2026-02-03 06:02:17",18
"2026-02-03 06:03:17",18
"2026-02-03 06:05:17",18
"2026-02-03 06:10:17",18
"2026-02-03 06:11:17",18
"2026-02-03 06:13:17",18
"2026-02-03 06:14:17",18
"2026-02-03 06:15:17",18
"2026-02-03 06:41:17",18
"2026-02-03 07:06:17",18
"2026-02-03 07:07:17",18
"2026-02-03 07:11:17",18
"2026-02-03 07:12:17",18
"2026-02-03 07:13:17",18
"2026-02-03 07:15:17",18
"2026-02-03 07:17:17",18
"2026-02-03 07:18:17",18
"2026-02-03 07:21:17",18
"2026-02-03 07:34:17",18
"2026-02-03 07:37:17",18
"2026-02-03 07:40:17",18
"2026-02-03 08:33:17",18
"2026-02-03 08:34:17",18
"2026-02-03 08:46:17",18
"2026-02-03 08:50:17",18
"2026-02-03 09:00:17",18
"2026-02-03 09:01:17",18
"2026-02-03 09:02:17",18
"2026-02-03 09:07:17",18
"2026-02-03 09:12:17",18
"2026-02-03 09:35:17",18
"2026-02-03 09:38:17",18
"2026-02-03 10:04:17",18
"2026-02-03 10:05:17",18
"2026-02-03 10:06:17",18
"2026-02-03 10:08:17",18
"2026-02-03 10:19:17",18
"2026-02-03 10:26:17",18
"2026-02-03 10:38:17",17
"2026-02-03 10:40:17",18
"2026-02-03 10:45:17",18
"2026-02-03 10:46:17",18
"2026-02-03 10:47:17",18
"2026-02-03 11:58:17",18
"2026-02-03 12:10:17",17
"2026-02-03 12:17:17",18
"2026-02-03 12:24:17",18
"2026-02-03 12:25:17",18
"2026-02-03 12:28:17",18
"2026-02-03 12:30:17",18
"2026-02-03 12:34:17",18
"2026-02-03 13:29:17",18
"2026-02-03 13:43:17",17
"2026-02-03 13:50:17",18
"2026-02-03 13:54:17",18
"2026-02-03 14:07:17",18
"2026-02-03 14:08:17",18
"2026-02-03 14:12:17",18
"2026-02-03 14:16:17",18
"2026-02-03 14:17:17",18
"2026-02-03 14:22:17",18
"2026-02-03 14:27:17",18
"2026-02-03 14:28:17",18
"2026-02-03 14:30:17",18
"2026-02-03 14:40:17",18
"2026-02-03 14:41:17",18
"2026-02-03 15:04:17",17
"2026-02-03 15:11:17",18
"2026-02-03 15:12:17",17
"2026-02-03 15:14:17",18
"2026-02-03 15:17:17",17
"2026-02-03 15:21:17",17
"2026-02-03 15:22:17",17
"2026-02-03 15:32:17",18
"2026-02-03 15:33:17",17
"2026-02-03 15:34:17",18
"2026-02-03 15:36:17",17
"2026-02-03 15:37:17",18
"2026-02-03 15:52:17",17
"2026-02-03 15:53:17",18
"2026-02-03 16:20:17",17
"2026-02-03 16:21:17",18
"2026-02-03 16:25:17",17
"2026-02-03 16:27:17",18
"2026-02-03 16:28:17",17
"2026-02-03 16:31:17",18
"2026-02-03 16:33:17",17
"2026-02-03 16:34:17",18
"2026-02-03 16:35:17",17
"2026-02-03 16:54:17",17
"2026-02-03 17:02:17",17
"2026-02-03 17:11:17",18
"2026-02-03 17:12:17",17
"2026-02-03 18:15:17",17
"2026-02-03 18:17:17",17
"2026-02-03 18:22:17",17
"2026-02-03 18:31:17",17
"2026-02-03 18:32:17",17
"2026-02-03 18:33:17",17
"2026-02-03 18:36:17",17
"2026-02-03 18:44:17",17
"2026-02-03 18:55:17",17
"2026-02-03 18:56:17",17
"2026-02-03 19:43:17",17
"2026-02-03 19:44:17",17
"2026-02-03 19:51:17",17
"2026-02-03 19:56:17",17
"2026-02-03 19:57:17",17
"2026-02-03 20:07:17",17
"2026-02-03 20:08:17",17
"2026-02-03 20:09:17",17
"2026-02-03 20:15:17",17
"2026-02-03 20:23:17",17
"2026-02-03 20:41:17",17
"2026-02-03 20:45:17",17
"2026-02-03 20:46:17",17
"2026-02-03 20:49:17",17
"2026-02-03 20:53:17",17
"2026-02-03 20:54:17",17
"2026-02-03 20:55:17",17
"2026-02-03 20:56:17",17
"2026-02-03 20:58:17",17
"2026-02-03 21:03:17",17
"2026-02-03 21:04:17",17
"2026-02-03 21:05:17",17
"2026-02-03 21:21:17",17
"2026-02-03 21:23:17",17
"2026-02-03 21:27:17",17
"2026-02-03 21:42:17",17
"2026-02-03 21:49:17",17
"2026-02-03 22:19:17",17
"2026-02-03 22:23:17",17
"2026-02-03 22:24:17",17
"2026-02-03 22:32:17",17
"2026-02-03 22:33:17",17
"2026-02-03 22:35:17",17
"2026-02-03 22:36:17",17
"2026-02-03 22:46:17",17
"2026-02-03 22:54:17",17
"2026-02-03 22:55:17",17
"2026-02-03 22:56:17",17
"2026-02-03 22:57:17",17
"2026-02-03 22:58:17",17
"2026-02-03 23:00:17",17
"2026-02-03 23:01:17",17
"2026-02-03 23:02:17",17
"2026-02-03 23:18:17",17
"2026-02-03 23:23:17",17
"2026-02-03 23:24:17",17
"2026-02-03 23:25:17",17
"2026-02-03 23:26:17",17
"2026-02-03 23:30:17",17
"2026-02-03 23:41:17",17
"2026-02-03 23:42:17",17
"2026-02-03 23:44:17",17
"2026-02-03 23:45:17",17
"2026-02-03 23:52:17",17
"2026-02-03 23:56:17",17
"2026-02-03 23:57:17",17
"2026-02-04 00:02:17",17
"2026-02-04 00:14:17",17
"2026-02-04 00:15:17",17
"2026-02-04 00:24:17",17
"2026-02-04 00:25:17",17
"2026-02-04 00:39:17",17
"2026-02-04 00:40:17",17
"2026-02-04 00:49:17",17
"2026-02-04 00:50:17",17
"2026-02-04 00:51:17",17
"2026-02-04 01:08:17",17
"2026-02-04 01:09:17",17
"2026-02-04 01:10:17",17
"2026-02-04 01:22:17",17
"2026-02-04 01:23:17",17
"2026-02-04 02:08:17",17
"2026-02-04 02:09:17",17
"2026-02-04 02:22:17",17
"2026-02-04 02:24:17",17
"2026-02-04 02:30:17",17
"2026-02-04 02:33:17",17
"2026-02-04 02:41:17",17
"2026-02-04 02:46:17",17
"2026-02-04 03:27:17",17
"2026-02-04 03:28:17",17
"2026-02-04 03:39:17",17
"2026-02-04 03:41:17",17
"2026-02-04 03:42:17",17
"2026-02-04 03:43:17",17
"2026-02-04 04:03:17",17
"2026-02-04 04:10:17",17
"2026-02-04 04:18:17",17
"2026-02-04 04:24:17",17
"2026-02-04 04:25:17",17
"2026-02-04 04:26:17",17
"2026-02-04 04:39:17",17
"2026-02-04 04:40:17",17
"2026-02-04 04:46:17",17
"2026-02-04 04:47:17",17
"2026-02-04 04:53:17",17
"2026-02-04 04:56:17",17
"2026-02-04 05:10:17",17
"2026-02-04 05:11:17",17
"2026-02-04 05:39:17",17
"2026-02-04 05:40:17",17
"2026-02-04 05:44:17",17
"2026-02-04 05:47:17",17
"2026-02-04 05:58:17",17
"2026-02-04 06:05:17",17
"2026-02-04 06:08:17",17
"2026-02-04 06:09:17",17
"2026-02-04 06:27:17",17
"2026-02-04 06:36:17",17
"2026-02-04 06:40:17",17
"2026-02-04 06:42:17",17
"2026-02-04 06:52:17",17
"2026-02-04 07:03:17",17
"2026-02-04 07:04:17",17
"2026-02-04 07:13:17",17
"2026-02-04 07:22:17",17
"2026-02-04 07:24:17",17
"2026-02-04 07:37:17",17
"2026-02-04 07:48:17",17
"2026-02-04 07:49:17",17
"2026-02-04 07:55:17",17
"2026-02-04 08:16:17",17
"2026-02-04 08:19:17",17
"2026-02-04 08:24:17",17
"2026-02-04 08:25:17",17
"2026-02-04 08:29:17",17
"2026-02-04 08:31:17",17
"2026-02-04 08:32:17",17
"2026-02-04 08:53:17",17
"2026-02-04 09:02:17",17
"2026-02-04 09:10:17",17
"2026-02-04 09:11:17",17
"2026-02-04 09:15:17",17
"2026-02-04 09:17:17",17
"2026-02-04 09:19:17",17
"2026-02-04 09:38:17",17
"2026-02-04 09:39:17",17
"2026-02-04 09:42:17",17
"2026-02-04 09:45:17",17
"2026-02-04 09:48:17",17
"2026-02-04 09:53:17",17
"2026-02-04 09:55:17",17
"2026-02-04 09:56:17",17
"2026-02-04 10:02:17",17
"2026-02-04 10:04:17",17
"2026-02-04 10:17:17",17
"2026-02-04 10:18:17",17
"2026-02-04 10:21:17",17
"2026-02-04 10:22:17",17
"2026-02-04 10:23:17",17
"2026-02-04 10:30:17",17
"2026-02-04 10:39:17",17
"2026-02-04 10:48:17",17
"2026-02-04 10:49:17",17
"2026-02-04 10:50:17",17
"2026-02-04 10:51:17",17
"2026-02-04 10:56:17",17
"2026-02-04 11:18:17",17
"2026-02-04 11:19:17",17
"2026-02-04 11:20:17",17
"2026-02-04 11:21:17",17
"2026-02-04 11:23:17",17
"2026-02-04 11:35:17",18
"2026-02-04 11:36:17",17
"2026-02-04 11:39:17",18
"2026-02-04 11:53:17",17
"2026-02-04 11:58:17",18
"2026-02-04 12:00:17",17
"2026-02-04 12:08:17",17
"2026-02-04 12:16:17",17
"2026-02-04 12:22:17",17
"2026-02-04 12:30:17",17
"2026-02-04 12:33:17",17
"2026-02-04 12:39:17",17
"2026-02-04 12:49:17",18
"2026-02-04 12:50:17",17
"2026-02-04 13:01:17",18
"2026-02-04 13:02:17",17
"2026-02-04 13:07:17",18
"2026-02-04 13:09:17",17
"2026-02-04 13:43:17",18
"2026-02-04 13:45:17",17
"2026-02-04 13:48:17",17
"2026-02-04 13:52:17",17
"2026-02-04 13:57:17",17
"2026-02-04 13:59:17",17
"2026-02-04 14:00:17",17
"2026-02-04 14:06:17",17
"2026-02-04 14:09:17",17
"2026-02-04 14:13:17",17
"2026-02-04 14:16:17",17
"2026-02-04 14:17:17",17
"2026-02-04 14:21:17",17
"2026-02-04 14:25:17",17
"2026-02-04 14:27:17",17
"2026-02-04 14:29:17",17
"2026-02-04 14:30:17",17
"2026-02-04 14:32:17",17
"2026-02-04 14:53:17",18
"2026-02-04 14:54:17",17
"2026-02-04 14:57:17",18
"2026-02-04 15:02:17",17
"2026-02-04 15:14:17",18
"2026-02-04 15:23:17",17
"2026-02-04 15:25:17",17
"2026-02-04 15:28:17",17
"2026-02-04 15:33:17",17
"2026-02-04 15:43:17",17
"2026-02-04 15:45:17",17
"2026-02-04 15:56:17",17
"2026-02-04 16:07:17",18
"2026-02-04 16:11:17",17
"2026-02-04 16:12:17",18
"2026-02-04 16:22:17",18
"2026-02-04 16:23:17",18
"2026-02-04 16:40:17",18
"2026-02-04 16:48:17",18
"2026-02-04 16:49:17",18
"2026-02-04 16:50:17",18
"2026-02-04 16:59:17",17
"2026-02-04 17:01:17",17
"2026-02-04 17:04:17",17
"2026-02-04 17:11:17",17
"2026-02-04 17:15:17",17
"2026-02-04 17:16:17",17
"2026-02-04 17:17:17",17
"2026-02-04 17:20:17",17
"2026-02-04 17:22:17",17
"2026-02-04 17:33:17",18
"2026-02-04 17:39:17",17
"2026-02-04 17:40:17",18
"2026-02-04 17:42:17",17
"2026-02-04 17:43:17",18
"2026-02-04 18:14:17",18
"2026-02-04 18:18:17",18
"2026-02-04 18:24:17",18
"2026-02-04 18:27:17",18
"2026-02-04 18:33:17",18
"2026-02-04 18:34:17",18
"2026-02-04 18:37:17",17
"2026-02-04 18:40:17",17
"2026-02-04 18:46:17",17
"2026-02-04 18:56:17",17
"2026-02-04 19:01:17",17
"2026-02-04 19:06:17",18
"2026-02-04 19:09:17",17
"2026-02-04 19:13:17",18
"2026-02-04 19:46:17",18
"2026-02-04 19:49:17",18
"2026-02-04 20:08:17",18
"2026-02-04 20:11:17",18
"2026-02-04 20:14:17",17
"2026-02-04 20:18:17",17
"2026-02-04 20:24:17",17
"2026-02-04 20:31:17",17
"2026-02-04 20:37:17",17
"2026-02-04 20:42:17",18
"2026-02-04 20:45:17",17
"2026-02-04 20:46:17",18
"2026-02-04 20:47:17",17
"2026-02-04 20:55:17",18
"2026-02-04 20:56:17",17
"2026-02-04 20:59:17",18
"2026-02-04 21:19:17",18
"2026-02-04 21:20:17",18
"2026-02-04 21:33:17",18
"2026-02-04 21:34:17",18
"2026-02-04 21:47:17",17
"2026-02-04 21:50:17",17
"2026-02-04 22:01:17",17
"2026-02-04 22:02:17",17
"2026-02-04 22:04:17",17
"2026-02-04 22:05:17",17
"2026-02-04 22:07:17",17
"2026-02-04 22:15:17",18
"2026-02-04 22:55:17",18
"2026-02-04 22:56:17",18
"2026-02-04 23:16:17",18
"2026-02-04 23:17:17",18
"2026-02-04 23:23:17",17
"2026-02-04 23:27:17",17
"2026-02-04 23:35:17",17
"2026-02-04 23:38:17",17
"2026-02-04 23:39:17",17
"2026-02-04 23:40:17",17
"2026-02-04 23:45:17",17
"2026-02-04 23:55:17",18
"2026-02-05 00:15:17",18
"2026-02-05 00:16:17",18
"2026-02-05 00:50:17",17
"2026-02-05 00:51:17",18
"2026-02-05 00:52:17",17
"2026-02-05 00:53:17",18
"2026-02-05 00:56:17",17
"2026-02-05 01:03:17",17
"2026-02-05 01:12:17",17
"2026-02-05 01:13:17",17
"2026-02-05 01:16:17",17
"2026-02-05 01:18:17",17
"2026-02-05 01:26:17",17
"2026-02-05 01:36:17",18
"2026-02-05 01:39:17",17
"2026-02-05 01:40:17",18
"2026-02-05 01:43:17",17
"2026-02-05 01:45:17",18
"2026-02-05 02:31:17",17
"2026-02-05 02:37:17",17
"2026-02-05 02:47:17",17
"2026-02-05 02:51:17",17
"2026-02-05 02:56:17",17
"2026-02-05 03:01:17",17
"2026-02-05 03:02:17",17
"2026-02-05 03:09:17",18
"2026-02-05 03:28:17",17
"2026-02-05 03:29:17",18
"2026-02-05 03:31:17",17
"2026-02-05 03:35:17",18
"2026-02-05 03:39:17",17
"2026-02-05 03:41:17",18
"2026-02-05 03:57:17",17
"2026-02-05 04:00:17",18
"2026-02-05 04:08:17",17
"2026-02-05 04:12:17",17
"2026-02-05 04:19:17",17
"2026-02-05 04:28:17",17
"2026-02-05 04:35:17",17
"2026-02-05 04:50:17",18
"2026-02-05 04:51:17",17
"2026-02-05 04:55:17",18
"2026-02-05 04:59:17",17
"2026-02-05 05:01:17",18
"2026-02-05 05:04:17",17
"2026-02-05 05:07:17",18
"2026-02-05 05:28:17",17
"2026-02-05 05:29:17",18
"2026-02-05 05:36:17",17
"2026-02-05 05:39:17",18
"2026-02-05 05:43:17",17
"2026-02-05 05:47:17",17
"2026-02-05 05:54:17",17
"2026-02-05 06:04:17",17
"2026-02-05 06:09:17",17
"2026-02-05 06:21:17",18
"2026-02-05 07:07:17",18
"2026-02-05 07:09:17",18
"2026-02-05 07:17:17",17
"2026-02-05 07:22:17",17
"2026-02-05 07:31:17",17
"2026-02-05 07:40:17",17
"2026-02-05 07:46:17",17
"2026-02-05 07:51:17",18
"2026-02-05 07:56:17",17
"2026-02-05 08:03:17",18
"2026-02-05 08:04:17",17
"2026-02-05 08:12:17",18
"2026-02-05 08:13:17",17
"2026-02-05 08:15:17",18
"2026-02-05 08:17:17",17
"2026-02-05 08:18:17",18
"2026-02-05 08:32:17",18
"2026-02-05 08:35:17",18
"2026-02-05 08:54:17",17
"2026-02-05 08:56:17",17
"2026-02-05 08:57:17",17
"2026-02-05 08:59:17",17
"2026-02-05 09:05:17",17
"2026-02-05 09:14:17",17
"2026-02-05 09:16:17",17
"2026-02-05 09:19:17",18
"2026-02-05 10:19:17",17
"2026-02-05 10:21:17",18
"2026-02-05 10:29:17",17
"2026-02-05 10:32:17",17
"2026-02-05 10:39:17",17
"2026-02-05 10:44:17",17
"2026-02-05 10:45:17",17
"2026-02-05 10:47:17",17
"2026-02-05 10:48:17",17
"2026-02-05 10:50:17",17
"2026-02-05 10:54:17",17
"2026-02-05 10:57:17",18
"2026-02-05 11:05:17",17
"2026-02-05 11:06:17",18
"2026-02-05 11:07:17",17
"2026-02-05 11:08:17",18
"2026-02-05 11:24:17",17
"2026-02-05 11:29:17",18
"2026-02-05 11:57:17",17
"2026-02-05 12:08:17",17
"2026-02-05 12:14:17",17
"2026-02-05 12:20:17",17
"2026-02-05 12:24:17",17
"2026-02-05 12:28:17",17
"2026-02-05 12:33:17",17
"2026-02-05 12:57:17",18
"2026-02-05 12:58:17",17
"2026-02-05 13:19:17",18
"2026-02-05 13:22:17",17
"2026-02-05 13:24:17",18
"2026-02-05 13:26:17",17
"2026-02-05 13:35:17",18
"2026-02-05 13:36:17",17
"2026-02-05 13:42:17",17
"2026-02-05 13:47:17",17
"2026-02-05 13:52:17",17
"2026-02-05 14:00:17",17
"2026-02-05 14:02:17",17
"2026-02-05 14:07:17",17
"2026-02-05 14:10:17",17
"2026-02-05 14:13:17",17
"2026-02-05 14:15:17",17
"2026-02-05 14:16:17",17
"2026-02-05 14:41:17",18
"2026-02-05 14:46:17",17
"2026-02-05 14:47:17",18
"2026-02-05 14:51:17",17
"2026-02-05 14:56:17",18
"2026-02-05 14:58:17",17
"2026-02-05 14:59:17",18
"2026-02-05 15:00:17",17
"2026-02-05 15:17:17",17
"2026-02-05 15:21:17",17
"2026-02-05 15:32:17",17
"2026-02-05 15:35:17",17
"2026-02-05 15:36:17",17
"2026-02-05 15:37:17",17
"2026-02-05 15:42:17",17
"2026-02-05 15:50:17",17
"2026-02-05 15:51:17",17
"2026-02-05 15:52:17",17
"2026-02-05 15:53:17",17
"2026-02-05 15:55:17",17
"2026-02-05 15:56:17",17
"2026-02-05 15:59:17",17
"2026-02-05 16:00:17",17
"2026-02-05 16:03:17",17
"2026-02-05 16:20:17",17
"2026-02-05 16:22:17",17
"2026-02-05 16:36:17",17
"2026-02-05 16:37:17",17
"2026-02-05 16:43:17",17
"2026-02-05 16:44:17",17
"2026-02-05 16:45:17",17
"2026-02-05 16:46:17",17
"2026-02-05 16:47:17",17
"2026-02-05 16:54:17",17
"2026-02-05 16:58:17",17
"2026-02-05 17:00:17",17
"2026-02-05 17:06:17",17
"2026-02-05 17:07:17",17
"2026-02-05 17:11:17",17
"2026-02-05 17:12:17",17
"2026-02-05 17:17:17",17
"2026-02-05 17:43:17",17
"2026-02-05 17:44:17",17
"2026-02-05 17:45:17",17
"2026-02-05 17:53:17",17
"2026-02-05 17:59:17",17
"2026-02-05 18:04:17",17
"2026-02-05 18:10:17",17
"2026-02-05 18:11:17",17
"2026-02-05 18:14:17",17
"2026-02-05 18:20:17",17
"2026-02-05 18:33:17",17
"2026-02-05 18:42:17",17
"2026-02-05 18:50:17",17
"2026-02-05 18:56:17",17
"2026-02-05 20:07:17",17
"2026-02-05 20:20:17",17
"2026-02-05 20:26:17",17
"2026-02-05 20:32:17",17
"2026-02-05 20:40:17",17
"2026-02-05 20:41:17",17
"2026-02-05 20:50:17",17
"2026-02-05 20:53:17",17
"2026-02-05 20:56:17",17
"2026-02-05 20:57:17",17
"2026-02-05 21:20:17",17
"2026-02-05 21:21:17",17
"2026-02-05 21:22:17",17
"2026-02-05 21:26:17",17
"2026-02-05 21:46:17",17
"2026-02-05 21:51:17",17
"2026-02-05 22:01:17",17
"2026-02-05 22:02:17",17
"2026-02-05 22:04:17",17
"2026-02-05 22:07:17",17
"2026-02-05 22:25:17",17
"2026-02-05 22:30:17",17
"2026-02-05 22:46:17",17
"2026-02-05 22:47:17",17
"2026-02-05 22:59:17",17
"2026-02-05 23:00:17",17
"2026-02-05 23:20:17",17
"2026-02-05 23:33:17",17
"2026-02-05 23:42:17",17
"2026-02-05 23:48:17",17
"2026-02-05 23:49:17",17
"2026-02-05 23:53:17",17
"2026-02-06 00:58:17",17
"2026-02-06 01:02:17",17
"2026-02-06 01:03:17",17
"2026-02-06 01:08:17",17
"2026-02-06 01:20:17",17
"2026-02-06 01:21:17",17
"2026-02-06 01:22:17",17
"2026-02-06 01:26:17",17
"2026-02-06 01:29:17",17
"2026-02-06 01:42:17",17
"2026-02-06 02:36:17",17
"2026-02-06 02:45:17",17
"2026-02-06 02:48:17",17
"2026-02-06 02:49:17",17
"2026-02-06 03:02:17",17
"2026-02-06 03:21:17",17
"2026-02-06 03:26:17",17
"2026-02-06 03:28:17",17
"2026-02-06 03:36:17",17
"2026-02-06 03:37:17",17
"2026-02-06 03:56:17",17
"2026-02-06 03:57:17",17
"2026-02-06 04:13:17",17
"2026-02-06 04:21:17",17
"2026-02-06 04:39:17",17
"2026-02-06 04:45:17",17
"2026-02-06 04:46:17",17
"2026-02-06 04:52:17",17
"2026-02-06 04:53:17",17
"2026-02-06 04:54:17",17
"2026-02-06 04:55:17",17
"2026-02-06 04:56:17",17
"2026-02-06 05:12:17",17
"2026-02-06 05:17:17",17
"2026-02-06 05:18:17",17
"2026-02-06 05:19:17",17
"2026-02-06 05:27:17",17
"2026-02-06 05:29:17",17
"2026-02-06 05:49:17",17
"2026-02-06 05:58:17",17
"2026-02-06 06:05:17",17
"2026-02-06 06:06:17",17
"2026-02-06 06:09:17",17
"2026-02-06 06:10:17",17
"2026-02-06 06:16:17",17
"2026-02-06 06:28:17",17
"2026-02-06 06:29:17",17
"2026-02-06 06:32:17",17
"2026-02-06 06:33:17",17
"2026-02-06 06:36:17",17
"2026-02-06 06:58:17",17
"2026-02-06 07:06:17",17
"2026-02-06 07:14:17",17
"2026-02-06 07:16:17",17
"2026-02-06 07:18:17",17
"2026-02-06 07:19:17",17
"2026-02-06 07:20:17",17
"2026-02-06 07:21:17",17
"2026-02-06 07:25:17",17
"2026-02-06 07:34:17",17
"2026-02-06 07:35:17",17
"2026-02-06 07:36:17",17
"2026-02-06 07:46:17",17
"2026-02-06 07:49:17",17
"2026-02-06 07:57:17",17
"2026-02-06 08:10:17",17
"2026-02-06 08:11:17",17
"2026-02-06 08:19:17",17
"2026-02-06 08:22:17",17
"2026-02-06 08:26:17",17
"2026-02-06 08:35:17",17
"2026-02-06 08:37:17",17
"2026-02-06 08:40:17",17
"2026-02-06 08:41:17",17
"2026-02-06 08:42:17",17
"2026-02-06 08:43:17",17
"2026-02-06 08:47:17",17
"2026-02-06 08:48:17",17
"2026-02-06 08:52:17",17
"2026-02-06 08:54:17",17
"2026-02-06 08:59:17",17
"2026-02-06 09:00:17",17
"2026-02-06 09:05:17",17
"2026-02-06 09:15:17",17
"2026-02-06 09:19:17",17
"2026-02-06 09:20:17",17
"2026-02-06 09:29:17",17
"2026-02-06 09:30:17",17
"2026-02-06 09:32:17",17
"2026-02-06 09:49:17",17
"2026-02-06 10:01:17",17
"2026-02-06 10:02:17",17
"2026-02-06 10:03:17",17
"2026-02-06 10:04:17",17
"2026-02-06 10:45:17",17
"2026-02-06 10:48:17",17
"2026-02-06 11:04:17",17
"2026-02-06 11:15:17",17
"2026-02-06 12:10:17",17
"2026-02-06 12:11:17",17
"2026-02-06 12:12:17",17
"2026-02-06 12:13:17",17
"2026-02-06 12:14:17",17
"2026-02-06 12:18:17",17
"2026-02-06 12:25:17",17
"2026-02-06 12:28:17",17
"2026-02-06 12:41:17",17
"2026-02-06 12:45:17",17
"2026-02-06 12:47:17",17
"2026-02-06 12:48:17",17
"2026-02-06 13:30:17",17
"2026-02-06 13:39:17",17
"2026-02-06 13:40:17",17
"2026-02-06 13:41:17",17
"2026-02-06 13:42:17",17
"2026-02-06 13:50:17",17
"2026-02-06 13:51:17",17
"2026-02-06 13:57:17",17
"2026-02-06 13:58:17",17
"2026-02-06 13:59:17",17
"2026-02-06 14:03:17",17
"2026-02-06 14:09:17",17
"2026-02-06 14:13:17",17
"2026-02-06 14:19:17",17
"2026-02-06 14:41:17",17
"2026-02-06 15:06:17",17
"2026-02-06 15:07:17",17
"2026-02-06 15:35:17",17
"2026-02-06 15:42:17",17
"2026-02-06 15:49:17",17
"2026-02-06 15:53:17",17
"2026-02-06 15:57:17",17
"2026-02-06 16:12:17",17
"2026-02-06 16:13:17",17
"2026-02-06 16:20:17",17
"2026-02-06 16:21:17",17
"2026-02-06 16:25:17",17
"2026-02-06 16:26:17",17
"2026-02-06 16:27:17",17
"2026-02-06 16:39:17",17
"2026-02-06 16:40:17",17
"2026-02-06 17:11:17",17
"2026-02-06 17:17:17",17
"2026-02-06 17:18:17",17
"2026-02-06 17:19:17",17
"2026-02-06 17:20:17",17
"2026-02-06 17:21:17",17
"2026-02-06 17:31:17",17
"2026-02-06 17:43:17",17
"2026-02-06 17:45:17",17
"2026-02-06 17:46:17",17
"2026-02-06 17:49:17",17
"2026-02-06 17:50:17",17
"2026-02-06 17:51:17",17
"2026-02-06 17:52:17",17
"2026-02-06 17:53:17",17
"2026-02-06 17:54:17",17
"2026-02-06 17:55:17",17
"2026-02-06 17:56:17",17
"2026-02-06 18:48:17",17
"2026-02-06 18:57:17",17
"2026-02-06 18:58:17",17
"2026-02-06 18:59:17",17
"2026-02-06 19:06:17",17
"2026-02-06 19:10:17",17
"2026-02-06 19:24:17",18
"2026-02-06 19:25:17",17
"2026-02-06 20:25:17",17
"2026-02-06 20:36:17",17
"2026-02-06 20:38:17",17
"2026-02-06 20:39:17",17
"2026-02-06 20:42:17",17
"2026-02-06 20:44:17",17
"2026-02-06 20:45:17",17
"2026-02-06 20:46:17",17
"2026-02-06 20:48:17",17
"2026-02-06 20:49:17",17
"2026-02-06 21:37:17",18
"2026-02-06 21:38:17",17
"2026-02-06 21:40:17",18
"2026-02-06 21:41:17",17
"2026-02-06 21:43:17",18
"2026-02-06 21:48:17",17
"2026-02-06 21:49:17",18
"2026-02-06 21:50:17",17
"2026-02-06 21:51:17",18
"2026-02-06 21:55:17",17
"2026-02-06 22:02:17",17
"2026-02-06 22:10:17",17
"2026-02-06 22:12:17",17
"2026-02-06 22:14:17",17
"2026-02-06 22:15:17",17
"2026-02-06 22:23:17",17
"2026-02-06 22:49:17",18
"2026-02-06 22:51:17",17
"2026-02-06 22:59:17",18
"2026-02-06 23:00:17",17
"2026-02-06 23:03:17",18
"2026-02-06 23:06:17",17
"2026-02-06 23:13:17",18
"2026-02-06 23:19:17",17
"2026-02-06 23:22:17",18
"2026-02-06 23:25:17",17
"2026-02-06 23:26:17",18
"2026-02-06 23:29:17",17
"2026-02-06 23:30:17",18
"2026-02-06 23:31:17",17
"2026-02-06 23:36:17",17
"2026-02-06 23:47:17",17
"2026-02-06 23:51:17",17
"2026-02-06 23:55:17",17
"2026-02-07 00:27:17",18
"2026-02-07 00:29:17",17
"2026-02-07 00:41:17",18
"2026-02-07 00:42:17",17
"2026-02-07 00:43:17",18
"2026-02-07 00:44:17",17
"2026-02-07 00:45:17",18
"2026-02-07 00:48:17",17
"2026-02-07 00:49:17",18
"2026-02-07 00:50:17",17
"2026-02-07 00:51:17",18
"2026-02-07 00:54:17",17
"2026-02-07 00:55:17",18
"2026-02-07 00:56:17",17
"2026-02-07 00:57:17",18
"2026-02-07 01:09:17",17
"2026-02-07 01:15:17",17
"2026-02-07 01:22:17",17
"2026-02-07 01:23:17",17
"2026-02-07 01:24:17",17
"2026-02-07 01:26:17",17
"2026-02-07 01:37:17",17
"2026-02-07 01:38:17",17
"2026-02-07 01:39:17",17
"2026-02-07 02:18:17",18
"2026-02-07 02:19:17",17
"2026-02-07 02:21:17",18
"2026-02-07 02:22:17",17
"2026-02-07 02:23:17",18
"2026-02-07 02:25:17",17
"2026-02-07 02:29:17",18
"2026-02-07 02:31:17",17
"2026-02-07 02:32:17",18
"2026-02-07 02:36:17",17
"2026-02-07 02:42:17",18
"2026-02-07 02:44:17",17
"2026-02-07 02:51:17",17
"2026-02-07 02:57:17",17
"2026-02-07 02:58:17",17
"2026-02-07 03:05:17",17
"2026-02-07 03:06:17",17
"2026-02-07 03:13:17",17
"2026-02-07 03:37:17",18
"2026-02-07 03:39:17",17
"2026-02-07 03:45:17",18
"2026-02-07 03:47:17",17
"2026-02-07 03:49:17",18
"2026-02-07 03:51:17",17
"2026-02-07 03:52:17",18
"2026-02-07 04:04:17",17
"2026-02-07 04:11:17",18
"2026-02-07 04:12:17",17
"2026-02-07 04:14:17",18
"2026-02-07 04:18:17",17
"2026-02-07 04:21:17",18
"2026-02-07 04:22:17",17
"2026-02-07 04:28:17",17
"2026-02-07 04:32:17",17
"2026-02-07 04:43:17",17
"2026-02-07 04:49:17",17
"2026-02-07 05:05:17",18
"2026-02-07 05:06:17",17
"2026-02-07 05:09:17",18
"2026-02-07 05:10:17",17
"2026-02-07 05:11:17",18
"2026-02-07 05:14:17",17
"2026-02-07 05:16:17",18
"2026-02-07 05:19:17",17
"2026-02-07 05:20:17",18
"2026-02-07 05:26:17",17
"2026-02-07 05:27:17",18
"2026-02-07 05:33:17",17
"2026-02-07 05:35:17",18
"2026-02-07 05:36:17",17
"2026-02-07 05:38:17",18
"2026-02-07 05:43:17",17
"2026-02-07 05:45:17",18
"2026-02-07 05:47:17",17
"2026-02-07 05:52:17",18
"2026-02-07 05:53:17",17
"2026-02-07 05:54:17",18
"2026-02-07 05:55:17",17
"2026-02-07 05:56:17",18
"2026-02-07 05:57:17",17
"2026-02-07 06:00:17",17
"2026-02-07 06:13:17",17
"2026-02-07 06:14:17",17
"2026-02-07 06:15:17",17
"2026-02-07 06:18:17",17
"2026-02-07 06:24:17",17
"2026-02-07 06:43:17",18
"2026-02-07 06:44:17",17
"2026-02-07 06:46:17",18
"2026-02-07 06:47:17",17
"2026-02-07 06:54:17",18
"2026-02-07 06:56:17",17
"2026-02-07 07:02:17",18
"2026-02-07 07:03:17",17
"2026-02-07 07:04:17",18
"2026-02-07 07:06:17",17
"2026-02-07 07:15:17",18
"2026-02-07 07:16:17",17
"2026-02-07 07:39:17",17
"2026-02-07 07:59:17",17
"2026-02-07 08:00:17",17
"2026-02-07 08:01:17",17
"2026-02-07 08:19:17",18
"2026-02-07 08:20:17",17
"2026-02-07 08:21:17",18
"2026-02-07 08:22:17",17
"2026-02-07 08:24:17",18
"2026-02-07 08:29:17",17
"2026-02-07 08:31:17",18
"2026-02-07 08:32:17",17
"2026-02-07 08:33:17",18
"2026-02-07 08:34:17",17
"2026-02-07 08:35:17",18
"2026-02-07 08:37:17",17
"2026-02-07 08:47:17",18
"2026-02-07 08:50:17",17
"2026-02-07 08:54:17",18
"2026-02-07 08:55:17",17
"2026-02-07 08:57:17",18
"2026-02-07 08:58:17",17
"2026-02-07 09:16:17",17
"2026-02-07 09:26:17",17
"2026-02-07 09:29:17",17
"2026-02-07 09:34:17",17
"2026-02-07 10:23:17",18
"2026-02-07 10:25:17",17
"2026-02-07 10:26:17",18
"2026-02-07 10:47:17",17
"2026-02-07 10:50:17",17
"2026-02-07 11:01:17",17
"2026-02-07 11:03:17",17
"2026-02-07 11:04:17",17
"2026-02-07 11:05:17",17
"2026-02-07 11:08:17",17
"2026-02-07 11:35:17",18
"2026-02-07 11:48:17",17
"2026-02-07 11:50:17",18
"2026-02-07 11:51:17",17
"2026-02-07 11:52:17",18
"2026-02-07 11:55:17",17
"2026-02-07 11:56:17",18
"2026-02-07 12:02:17",17
"2026-02-07 12:03:17",18
"2026-02-07 12:22:17",17
"2026-02-07 12:25:17",17
"2026-02-07 12:38:17",17
"2026-02-07 12:40:17",17
"2026-02-07 12:42:17",17
"2026-02-07 12:44:17",18
"2026-02-07 12:49:17",17
"2026-02-07 12:51:17",18
"2026-02-07 12:52:17",17
"2026-02-07 12:55:17",18
"2026-02-07 13:36:17",18
"2026-02-07 13:37:17",18
"2026-02-07 13:48:17",18
"2026-02-07 13:49:17",18
"2026-02-07 13:51:17",18
"2026-02-07 13:53:17",18
"2026-02-07 13:54:17",18
"2026-02-07 13:55:17",18
"2026-02-07 13:59:17",17
"2026-02-07 14:02:17",17
"2026-02-07 14:16:17",17
"2026-02-07 14:18:17",18
"2026-02-07 14:30:17",18
"2026-02-07 14:31:17",18
"2026-02-07 14:36:17",18
"2026-02-07 14:38:17",18
"2026-02-07 14:40:17",18
"2026-02-07 14:42:17",18
"2026-02-07 14:47:17",18
"2026-02-07 14:50:17",18
"2026-02-07 14:51:17",18
"2026-02-07 14:58:17",18
"2026-02-07 14:59:17",18
"2026-02-07 15:00:17",18
"2026-02-07 15:01:17",18
"2026-02-07 15:20:17",18
"2026-02-07 15:21:17",18
"2026-02-07 15:28:17",18
"2026-02-07 15:31:17",17
"2026-02-07 15:36:17",17
"2026-02-07 15:37:17",17
"2026-02-07 15:38:17",17
"2026-02-07 15:49:17",17
"2026-02-07 15:50:17",18
"2026-02-07 16:08:17",18
"2026-02-07 16:24:17",18
"2026-02-07 16:25:17",18
"2026-02-07 17:02:17",18
"2026-02-07 17:05:17",17
"2026-02-07 17:12:17",17
"2026-02-07 17:16:17",17
"2026-02-07 17:18:17",17
"2026-02-07 17:22:17",17
"2026-02-07 17:23:17",18
"2026-02-07 17:28:17",18
"2026-02-07 17:33:17",18
"2026-02-07 17:34:17",18
"2026-02-07 17:36:17",18
"2026-02-07 17:38:17",18
"2026-02-07 17:56:17",18
"2026-02-07 18:14:17",18
"2026-02-07 18:17:17",18
"2026-02-07 18:23:17",18
"2026-02-07 18:26:17",18
"2026-02-07 18:31:17",18
"2026-02-07 18:34:17",18
"2026-02-07 18:35:17",18
"2026-02-07 18:37:17",18
"2026-02-07 18:42:17",17
"2026-02-07 18:57:17",18
"2026-02-07 18:58:17",18
"2026-02-07 19:07:17",18
"2026-02-07 19:10:17",18
"2026-02-07 19:11:17",18
"2026-02-07 19:24:17",18
"2026-02-07 19:25:17",18
"2026-02-07 20:08:17",18
"2026-02-07 20:10:17",18
"2026-02-07 20:14:17",17
"2026-02-07 20:30:17",18
"2026-02-07 20:33:17",18
"2026-02-07 20:43:17",18
"2026-02-07 20:44:17",18
"2026-02-07 20:45:17",18
"2026-02-07 20:46:17",18
"2026-02-07 20:49:17",18
"2026-02-07 20:50:17",18
"2026-02-07 20:51:17",18
"2026-02-07 20:52:17",18
"2026-02-07 21:03:17",18
"2026-02-07 21:05:17",18
"2026-02-07 21:09:17",18
"2026-02-07 21:14:17",18
"2026-02-07 21:16:17",18
"2026-02-07 21:37:17",18
"2026-02-07 21:38:17",18
"2026-02-07 21:40:17",18
"2026-02-07 21:43:17",18
"2026-02-07 21:47:17",17
"2026-02-07 22:01:17",18
"2026-02-07 22:06:17",18
"2026-02-07 22:33:17",18
"2026-02-07 22:34:17",18
"2026-02-07 22:35:17",18
"2026-02-07 22:37:17",18
"2026-02-07 22:38:17",18
"2026-02-07 23:02:17",18
"2026-02-07 23:13:17",18
"2026-02-07 23:14:17",18
"2026-02-07 23:18:17",18
"2026-02-07 23:29:17",17
"2026-02-07 23:30:17",18
"2026-02-07 23:32:17",17
"2026-02-07 23:33:17",18
"2026-02-07 23:35:17",18
"2026-02-07 23:44:17",18
"2026-02-08 00:27:17",18
"2026-02-08 00:44:17",18
"2026-02-08 00:46:17",18
"2026-02-08 00:49:17",18
"2026-02-08 00:56:17",17
"2026-02-08 00:59:17",18
"2026-02-08 01:06:17",18
"2026-02-08 01:08:17",18
"2026-02-08 01:14:17",18
"2026-02-08 01:15:17",18
"2026-02-08 01:35:17",18
"2026-02-08 01:36:17",18
"2026-02-08 01:38:17",18
"2026-02-08 01:39:17",18
"2026-02-08 01:40:17",18
"2026-02-08 01:52:17",18
"2026-02-08 01:55:17",18
"2026-02-08 01:59:17",18
"2026-02-08 02:00:17",18
"2026-02-08 02:03:17",18
"2026-02-08 02:09:17",18
"2026-02-08 02:13:17",18
"2026-02-08 02:15:17",18
"2026-02-08 02:18:17",18
"2026-02-08 02:27:17",17
"2026-02-08 02:28:17",18
"2026-02-08 02:30:17",17
"2026-02-08 02:35:17",18
"2026-02-08 02:37:17",18
"2026-02-08 02:46:17",18
"2026-02-08 02:48:17",18
"2026-02-08 02:49:17",18
"2026-02-08 02:50:17",18
"2026-02-08 02:54:17",18
"2026-02-08 03:40:17",18
"2026-02-08 03:41:17",18
"2026-02-08 03:42:17",18
"2026-02-08 03:43:17",18
"2026-02-08 03:46:17",18
"2026-02-08 03:49:17",18
"2026-02-08 03:54:17",17
"2026-02-08 04:06:17",18
"2026-02-08 04:09:17",18
"2026-02-08 04:19:17",18
"2026-02-08 05:17:17",18
"2026-02-08 05:19:17",18
"2026-02-08 05:24:17",17
"2026-02-08 05:37:17",18
"2026-02-08 05:41:17",18
"2026-02-08 05:55:17",18
"2026-02-08 05:58:17",18
"2026-02-08 06:03:17",18
"2026-02-08 06:06:17",18
"2026-02-08 06:07:17",18
"2026-02-08 06:08:17",18
"2026-02-08 06:11:17",18
"2026-02-08 06:40:17",18
"2026-02-08 06:41:17",18
"2026-02-08 06:48:17",18
"2026-02-08 06:50:17",18
"2026-02-08 06:55:17",17
"2026-02-08 06:58:17",18
"2026-02-08 06:59:17",17
"2026-02-08 07:08:17",18
"2026-02-08 07:12:17",18
"2026-02-08 07:22:17",18
"2026-02-08 07:23:17",18
"2026-02-08 07:24:17",18
"2026-02-08 07:25:17",18
"2026-02-08 07:27:17",18
"2026-02-08 07:29:17",18
"2026-02-08 07:44:17",18
"2026-02-08 07:45:17",18
"2026-02-08 07:46:17",18
"2026-02-08 07:47:17",18
"2026-02-08 07:56:17",18
"2026-02-08 08:17:17",18
"2026-02-08 08:19:17",18
"2026-02-08 08:24:17",17
"2026-02-08 08:39:17",18
"2026-02-08 08:43:17",18
"2026-02-08 08:57:17",18
"2026-02-08 08:58:17",18
"2026-02-08 09:01:17",18
"2026-02-08 09:06:17",18
"2026-02-08 09:12:17",18
"2026-02-08 09:14:17",18
"2026-02-08 09:16:17",18
"2026-02-08 09:36:17",18
"2026-02-08 09:37:17",18
"2026-02-08 09:48:17",18
"2026-02-08 09:50:17",18
"2026-02-08 09:54:17",17
"2026-02-08 10:06:17",17
"2026-02-08 10:08:17",17
"2026-02-08 10:10:17",18
"2026-02-08 10:13:17",18
"2026-02-08 10:32:17",18
"2026-02-08 10:33:17",18
"2026-02-08 10:35:17",18
"2026-02-08 10:37:17",18
"2026-02-08 10:38:17",18
"2026-02-08 10:39:17",18
"2026-02-08 10:40:17",18
"2026-02-08 10:43:17",18
"2026-02-08 10:44:17",18
"2026-02-08 10:57:17",18
"2026-02-08 11:00:17",18
"2026-02-08 11:02:17",18
"2026-02-08 11:03:17",18
"2026-02-08 11:09:17",18
"2026-02-08 11:10:17",18
"2026-02-08 11:11:17",18
"2026-02-08 11:19:17",18
"2026-02-08 11:20:17",18
"2026-02-08 11:22:17",18
"2026-02-08 11:26:17",17
"2026-02-08 11:33:17",18
"2026-02-08 11:34:17",17
"2026-02-08 11:39:17",18
"2026-02-08 11:41:17",18
"2026-02-08 11:45:17",18
"2026-02-08 11:46:17",18
"2026-02-08 11:47:17",18
"2026-02-08 11:49:17",18
"2026-02-08 11:50:17",18
"2026-02-08 12:03:17",18
"2026-02-08 12:10:17",18
"2026-02-08 12:12:17",18
"2026-02-08 12:47:17",18
"2026-02-08 12:50:17",18
"2026-02-08 12:51:17",18
"2026-02-08 12:52:17",18
"2026-02-08 12:55:17",18
"2026-02-08 13:11:17",18
"2026-02-08 13:15:17",18
"2026-02-08 13:20:17",18
"2026-02-08 13:22:17",18
"2026-02-08 13:25:17",18
"2026-02-08 13:50:17",18
"2026-02-08 13:51:17",18
"2026-02-08 14:03:17",18
"2026-02-08 14:08:17",18
"2026-02-08 14:09:17",18
"2026-02-08 14:20:17",18
"2026-02-08 14:22:17",18
"2026-02-08 14:23:17",18
"2026-02-08 14:27:17",18
"2026-02-08 14:41:17",18
"2026-02-08 14:43:17",18
"2026-02-08 14:50:17",18
"2026-02-08 15:17:17",18
"2026-02-08 15:20:17",18
"2026-02-08 15:21:17",18
"2026-02-08 15:23:17",18
"2026-02-08 15:25:17",18
"2026-02-08 15:26:17",18
"2026-02-08 15:35:17",18
"2026-02-08 15:40:17",18
"2026-02-08 15:41:17",18
"2026-02-08 15:49:17",18
"2026-02-08 15:51:17",18
"2026-02-08 15:52:17",18
"2026-02-08 15:58:17",18
"2026-02-08 16:11:17",18
"2026-02-08 16:13:17",18
"2026-02-08 16:16:17",18
"2026-02-08 17:07:17",18
"2026-02-08 17:08:17",18
"2026-02-08 17:15:17",18
"2026-02-08 17:16:17",18
"2026-02-08 17:17:17",18
"2026-02-08 17:18:17",18
"2026-02-08 17:21:17",18
"2026-02-08 17:23:17",18
"2026-02-08 17:26:17",18
"2026-02-08 17:39:17",18
"2026-02-08 17:42:17",18
"2026-02-08 17:45:17",18
"2026-02-08 17:59:17",18
"2026-02-08 18:00:17",18
"2026-02-08 18:36:17",18
"2026-02-08 18:37:17",18
"2026-02-08 18:44:17",18
"2026-02-08 18:45:17",18
"2026-02-08 18:47:17",18
"2026-02-08 18:48:17",18
"2026-02-08 18:51:17",18
"2026-02-08 18:52:17",18
"2026-02-08 18:57:17",18
"2026-02-08 18:58:17",18
"2026-02-08 18:59:17",18
"2026-02-08 19:01:17",18
"2026-02-08 19:02:17",18
"2026-02-08 19:04:17",18
"2026-02-08 19:06:17",18
"2026-02-08 19:08:17",18
"2026-02-08 19:11:17",18
"2026-02-08 19:13:17",18
"2026-02-08 19:28:17",18
"2026-02-08 19:29:17",18
"2026-02-08 19:58:17",18
"2026-02-08 20:05:17",18
"2026-02-08 20:07:17",18
"2026-02-08 20:08:17",18
"2026-02-08 20:09:17",18
"2026-02-08 20:11:17",18
"2026-02-08 20:19:17",18
"2026-02-08 20:21:17",18
"2026-02-08 20:26:17",18
"2026-02-08 20:27:17",18
"2026-02-08 20:30:17",18
"2026-02-08 20:38:17",18
"2026-02-08 20:41:17",18
"2026-02-08 20:45:17",18
"2026-02-08 20:46:17",18
"2026-02-08 20:47:17",18
"2026-02-08 21:33:17",18
"2026-02-08 21:34:17",18
"2026-02-08 21:45:17",18
"2026-02-08 21:47:17",18
"2026-02-08 21:50:17",18
"2026-02-08 21:51:17",18
"2026-02-08 21:57:17",18
"2026-02-08 22:08:17",18
"2026-02-08 22:10:17",18
"2026-02-08 22:14:17",18
"2026-02-08 22:15:17",18
"2026-02-08 22:17:17",18
"2026-02-08 23:08:17",18
"2026-02-08 23:10:17",18
"2026-02-08 23:18:17",18
"2026-02-08 23:20:17",18
"2026-02-08 23:24:17",18
"2026-02-08 23:38:17",18
"2026-02-08 23:41:17",18
"2026-02-08 23:43:17",18
"2026-02-08 23:44:17",18
"2026-02-08 23:46:17",18
"2026-02-09 00:17:17",18
"2026-02-09 00:20:17",18
"2026-02-09 00:21:17",18
"2026-02-09 00:24:17",18
"2026-02-09 00:25:17",18
"2026-02-09 00:31:17",18
"2026-02-09 00:41:17",18
"2026-02-09 00:42:17",18
"2026-02-09 00:47:17",18
"2026-02-09 00:49:17",18
"2026-02-09 00:52:17",18
"2026-02-09 01:07:17",18
"2026-02-09 01:09:17",18
"2026-02-09 01:12:17",18
"2026-02-09 01:57:17",18
"2026-02-09 01:58:17",18
"2026-02-09 02:08:17",18
"2026-02-09 02:15:17",18
"2026-02-09 02:17:17",18
"2026-02-09 02:19:17",18
"2026-02-09 02:30:17",18
"2026-02-09 02:37:17",18
"2026-02-09 02:39:17",18
"2026-02-09 02:42:17",18
"2026-02-09 03:16:17",18
"2026-02-09 03:18:17",18
"2026-02-09 03:24:17",18
"2026-02-09 03:33:17",18
"2026-02-09 03:34:17",18
"2026-02-09 03:44:17",18
"2026-02-09 03:47:17",18
"2026-02-09 03:50:17",18
"2026-02-09 04:00:17",18
"2026-02-09 04:04:17",18
"2026-02-09 04:07:17",18
"2026-02-09 04:10:17",18
"2026-02-09 04:26:17",18
"2026-02-09 04:27:17",18
"2026-02-09 04:28:17",18
"2026-02-09 04:29:17",18
"2026-02-09 04:34:17",18
"2026-02-09 04:36:17",18
"2026-02-09 05:11:17",18
"2026-02-09 05:12:17",18
"2026-02-09 05:16:17",18
"2026-02-09 05:18:17",18
"2026-02-09 05:19:17",18
"2026-02-09 05:21:17",18
"2026-02-09 05:28:17",18
"2026-02-09 05:34:17",18
"2026-02-09 05:37:17",18
"2026-02-09 05:40:17",18
"2026-02-09 06:07:17",18
"2026-02-09 06:08:17",18
"2026-02-09 06:12:17",18
"2026-02-09 06:13:17",18
"2026-02-09 06:29:17",18
"2026-02-09 06:31:17",18
"2026-02-09 06:32:17",18
"2026-02-09 06:36:17",18
"2026-02-09 06:37:17",18
"2026-02-09 06:38:17",18
"2026-02-09 06:42:17",18
"2026-02-09 06:43:17",18
"2026-02-09 06:46:17",18
"2026-02-09 06:47:17",18
"2026-02-09 07:05:17",18
"2026-02-09 07:08:17",18
"2026-02-09 07:09:17",18
"2026-02-09 07:10:17",18
"2026-02-09 07:54:17",18
"2026-02-09 07:55:17",18
"2026-02-09 07:56:17",18
"2026-02-09 08:14:17",18
"2026-02-09 08:17:17",18
"2026-02-09 08:20:17",18
"2026-02-09 08:35:17",18
"2026-02-09 08:37:17",18
"2026-02-09 08:43:17",18
"2026-02-09 08:44:17",18
"2026-02-09 08:56:17",18
"2026-02-09 08:57:17",18
"2026-02-09 08:59:17",18
"2026-02-09 09:00:17",18
"2026-02-09 09:06:17",18
"2026-02-09 09:22:17",18
"2026-02-09 09:24:17",18
"2026-02-09 09:45:17",18
"2026-02-09 09:47:17",18
"2026-02-09 09:51:17",18
"2026-02-09 10:01:17",18
"2026-02-09 10:03:17",18
"2026-02-09 10:06:17",18
"2026-02-09 10:10:17",18
"2026-02-09 10:36:17",18
"2026-02-09 10:37:17",18
"2026-02-09 10:38:17",18
"2026-02-09 10:58:17",18
"2026-02-09 10:59:17",18
"2026-02-09 11:15:17",18
"2026-02-09 11:17:17",18
"2026-02-09 11:21:17",18
"2026-02-09 11:36:17",18
"2026-02-09 11:38:17",18
"2026-02-09 11:45:17",18
"2026-02-09 11:54:17",18
"2026-02-09 11:58:17",18
"2026-02-09 12:24:17",18
"2026-02-09 12:27:17",18
"2026-02-09 12:30:17",18
"2026-02-09 12:32:17",18
"2026-02-09 12:34:17",18
"2026-02-09 12:35:17",18
"2026-02-09 12:37:17",18
"2026-02-09 12:40:17",18
"2026-02-09 12:42:17",18
"2026-02-09 12:44:17",18
"2026-02-09 12:45:17",18
"2026-02-09 12:47:17",18
"2026-02-09 12:54:17",18
"2026-02-09 12:55:17",18
"2026-02-09 12:56:17",18
"2026-02-09 13:05:17",18
"2026-02-09 13:06:17",18
"2026-02-09 13:14:17",18
"2026-02-09 13:39:17",18
"2026-02-09 13:42:17",18
"2026-02-09 13:43:17",18
"2026-02-09 13:44:17",18
"2026-02-09 13:46:17",18
"2026-02-09 13:47:17",18
"2026-02-09 13:49:17",18
"2026-02-09 14:15:17",18
"2026-02-09 14:16:17",18
"2026-02-09 14:20:17",18
"2026-02-09 14:26:17",18
"2026-02-09 14:27:17",18
"2026-02-09 14:30:17",18
"2026-02-09 14:35:17",18
"2026-02-09 14:36:17",18
"2026-02-09 14:41:17",18
"2026-02-09 14:52:17",18
"2026-02-09 14:53:17",18
"2026-02-09 14:54:17",18
"2026-02-09 14:57:17",18
"2026-02-09 15:04:17",18
"2026-02-09 15:05:17",18
"2026-02-09 15:08:17",18
"2026-02-09 15:09:17",18
"2026-02-09 15:10:17",18
"2026-02-09 15:23:17",18
"2026-02-09 15:24:17",18
"2026-02-09 15:30:17",18
"2026-02-09 15:31:17",18
"2026-02-09 15:44:17",18
"2026-02-09 15:46:17",18
"2026-02-09 15:49:17",18
"2026-02-09 16:00:17",18
"2026-02-09 16:03:17",18
"2026-02-09 16:05:17",18
"2026-02-09 16:10:17",18
"2026-02-09 16:21:17",18
"2026-02-09 16:24:17",18
"2026-02-09 16:26:17",18
"2026-02-09 16:27:17",18
"2026-02-09 16:28:17",18
"2026-02-09 16:29:17",18
"2026-02-09 16:31:17",18
"2026-02-09 16:35:17",18
"2026-02-09 16:37:17",18
"2026-02-09 16:38:17",18
"2026-02-09 16:39:17",18
"2026-02-09 17:14:17",18
"2026-02-09 17:16:17",18
"2026-02-09 17:21:17",18
"2026-02-09 17:27:17",18
"2026-02-09 17:29:17",18
"2026-02-09 17:35:17",18
"2026-02-09 17:41:17",18
"2026-02-09 17:47:17",18
"2026-02-09 17:50:17",18
"2026-02-09 17:56:17",18
"2026-02-09 17:57:17",18
"2026-02-09 17:59:17",18
"2026-02-09 18:00:17",18
"2026-02-09 18:01:17",18
"2026-02-09 18:02:17",18
"2026-02-09 18:03:17",18
"2026-02-09 18:44:17",18
"2026-02-09 18:45:17",18
"2026-02-09 18:51:17",18
"2026-02-09 19:05:17",18
"2026-02-09 19:09:17",18
"2026-02-09 19:10:17",18
"2026-02-09 19:12:17",18
"2026-02-09 19:20:17",18
"2026-02-09 19:21:17",18
"2026-02-09 19:39:17",18
"2026-02-09 19:46:17",18
"2026-02-09 20:06:17",18
"2026-02-09 20:07:17",18
"2026-02-09 20:08:17",18
"2026-02-09 20:13:17",18
"2026-02-09 20:15:17",18
"2026-02-09 20:22:17",18
"2026-02-09 20:36:17",18
"2026-02-09 20:45:17",18
"2026-02-09 20:46:17",18
"2026-02-09 20:47:17",18
"2026-02-09 21:01:17",18
"2026-02-09 21:02:17",18
"2026-02-09 21:04:17",18
"2026-02-09 21:08:17",18
"2026-02-09 21:09:17",18
"2026-02-09 21:10:17",18
"2026-02-09 21:11:17",18
"2026-02-09 21:13:17",18
"2026-02-09 21:15:17",18
"2026-02-09 21:18:17",18
"2026-02-09 21:24:17",18
"2026-02-09 21:28:17",18
"2026-02-09 21:29:17",18
"2026-02-09 21:31:17",18
"2026-02-09 21:34:17",18
"2026-02-09 21:44:17",18
"2026-02-09 21:47:17",18
"2026-02-09 21:56:17",18
"2026-02-09 22:00:17",18
"2026-02-09 22:07:17",18
"2026-02-09 22:27:17",18
"2026-02-09 22:28:17",18
"2026-02-09 22:32:17",18
"2026-02-09 22:35:17",18
"2026-02-09 22:36:17",18
"2026-02-09 22:37:17",18
"2026-02-09 22:38:17",18
"2026-02-09 23:13:17",18
"2026-02-09 23:19:17",18
"2026-02-09 23:27:17",18
"2026-02-09 23:28:17",18
"2026-02-09 23:30:17",18
"2026-02-09 23:31:17",18
"2026-02-09 23:35:17",18
"2026-02-10 00:14:17",18
"2026-02-10 00:19:17",18
"2026-02-10 00:36:17",18
"2026-02-10 00:38:17",18
"2026-02-10 00:39:17",18
"2026-02-10 00:40:17",18
"2026-02-10 00:44:17",18
"2026-02-10 00:53:17",18
"2026-02-10 00:55:17",18
"2026-02-10 00:56:17",18
"2026-02-10 01:01:17",18
"2026-02-10 01:08:17",18
"2026-02-10 01:28:17",18
"2026-02-10 01:29:17",18
"2026-02-10 01:35:17",18
"2026-02-10 01:36:17",18
"2026-02-10 01:47:17",18
"2026-02-10 01:48:17",18
"2026-02-10 01:51:17",18
"2026-02-10 01:52:17",18
"2026-02-10 01:55:17",18
"2026-02-10 01:56:17",18
"2026-02-10 01:59:17",18
"2026-02-10 02:10:17",18
"2026-02-10 02:13:17",18
"2026-02-10 02:22:17",18
"2026-02-10 02:31:17",18
"2026-02-10 02:37:17",18
"2026-02-10 02:38:17",18
"2026-02-10 02:42:17",18
"2026-02-10 02:43:17",18
"2026-02-10 02:44:17",18
"2026-02-10 03:41:17",18
"2026-02-10 03:46:17",18
"2026-02-10 03:51:17",18
"2026-02-10 03:54:17",18
"2026-02-10 03:55:17",18
"2026-02-10 03:59:17",18
"2026-02-10 04:01:17",18
"2026-02-10 04:22:17",18
"2026-02-10 04:27:17",18
"2026-02-10 04:28:17",18
"2026-02-10 04:47:17",18
"2026-02-10 04:50:17",18
"2026-02-10 05:10:17",18
"2026-02-10 05:18:17",18
"2026-02-10 05:25:17",18
"2026-02-10 05:28:17",18
"2026-02-10 05:30:17",18
"2026-02-10 05:35:17",18
"2026-02-10 05:37:17",18
"2026-02-10 05:47:17",18
"2026-02-10 05:51:17",18
"2026-02-10 05:52:17",18
"2026-02-10 05:53:17",18
"2026-02-10 05:55:17",18
"2026-02-10 05:56:17",18
"2026-02-10 05:59:17",18
"2026-02-10 06:01:17",18
"2026-02-10 06:02:17",18
"2026-02-10 06:19:17",18
"2026-02-10 06:20:17",18
"2026-02-10 06:24:17",18
"2026-02-10 06:25:17",18
"2026-02-10 06:26:17",18
"2026-02-10 06:27:17",18
"2026-02-10 06:40:17",18
"2026-02-10 06:45:17",18
"2026-02-10 06:56:17",18
"2026-02-10 06:57:17",18
"2026-02-10 06:58:17",18
"2026-02-10 06:59:17",18
"2026-02-10 07:01:17",18
"2026-02-10 07:10:17",18
"2026-02-10 07:16:17",18
"2026-02-10 07:20:17",18
"2026-02-10 07:21:17",18
"2026-02-10 07:22:17",18
"2026-02-10 07:36:17",18
"2026-02-10 07:37:17",18
"2026-02-10 07:39:17",18
"2026-02-10 07:40:17",18
"2026-02-10 07:42:17",18
"2026-02-10 07:43:17",18
"2026-02-10 08:12:17",18
"2026-02-10 08:19:17",18
"2026-02-10 08:30:17",18
"2026-02-10 08:31:17",18
"2026-02-10 08:32:17",18
"2026-02-10 08:43:17",18
"2026-02-10 08:44:17",18
"2026-02-10 08:45:17",18
"2026-02-10 08:50:17",18
"2026-02-10 08:51:17",18
"2026-02-10 09:25:17",18
"2026-02-10 09:27:17",18
"2026-02-10 09:28:17",18
"2026-02-10 09:40:17",18
"2026-02-10 09:42:17",18
"2026-02-10 09:44:17",18
"2026-02-10 09:56:17",18
"2026-02-10 09:59:17",18
"2026-02-10 10:01:17",18
"2026-02-10 10:03:17",18
"2026-02-10 10:10:17",18
"2026-02-10 10:13:17",18
"2026-02-10 10:36:17",18
"2026-02-10 10:44:17",18
"2026-02-10 10:45:17",18
"2026-02-10 11:11:17",18
"2026-02-10 11:13:17",18
"2026-02-10 11:17:17",18
"2026-02-10 11:27:17",18
"2026-02-10 11:31:17",18
"2026-02-10 11:32:17",18
"2026-02-10 11:35:17",18
"2026-02-10 11:36:17",18
"2026-02-10 11:37:17",18
"2026-02-10 11:50:17",18
"2026-02-10 11:51:17",18
"2026-02-10 12:14:17",18
"2026-02-10 12:15:17",18
"2026-02-10 12:16:17",18
"2026-02-10 12:17:17",18
"2026-02-10 12:18:17",18
"2026-02-10 12:20:17",18
"2026-02-10 12:21:17",18
"2026-02-10 12:23:17",18
"2026-02-10 12:42:17",18
"2026-02-10 12:50:17",18
"2026-02-10 12:57:17",18
"2026-02-10 12:58:17",18
"2026-02-10 13:01:17",18
"2026-02-10 13:05:17",18
"2026-02-10 13:09:17",18
"2026-02-10 13:48:17",18
"2026-02-10 14:09:17",18
"2026-02-10 14:11:17",18
"2026-02-10 14:14:17",18
"2026-02-10 14:21:17",18
"2026-02-10 14:22:17",18
"2026-02-10 14:25:17",18
"2026-02-10 14:29:17",18
"2026-02-10 14:31:17",18
"2026-02-10 14:33:17",18
"2026-02-10 14:34:17",18
"2026-02-10 14:35:17",18
"2026-02-10 14:56:17",18
"2026-02-10 14:57:17",18
"2026-02-10 14:59:17",18
"2026-02-10 15:00:17",18
"2026-02-10 15:03:17",18
"2026-02-10 15:15:17",18
"2026-02-10 15:16:17",18
"2026-02-10 15:18:17",18
"2026-02-10 15:19:17",18
"2026-02-10 15:38:17",18
"2026-02-10 15:39:17",18
"2026-02-10 15:42:17",18
"2026-02-10 15:53:17",18
"2026-02-10 15:54:17",18
"2026-02-10 15:56:17",18
"2026-02-10 15:59:17",18
"2026-02-10 16:00:17",18
"2026-02-10 16:03:17",18
"2026-02-10 16:10:17",18
"2026-02-10 16:14:17",18
"2026-02-10 16:15:17",18
"2026-02-10 16:51:17",18
"2026-02-10 16:52:17",18
"2026-02-10 16:59:17",18
"2026-02-10 17:01:17",18
"2026-02-10 17:02:17",18
"2026-02-10 17:04:17",18
"2026-02-10 17:05:17",18
"2026-02-10 17:10:17",18
"2026-02-10 17:13:17",18
"2026-02-10 17:29:17",18
"2026-02-10 17:39:17",18
"2026-02-10 18:31:17",18
"2026-02-10 18:33:17",18
"2026-02-10 18:35:17",18
"2026-02-10 18:36:17",18
"2026-02-10 18:41:17",18
"2026-02-10 18:43:17",18
"2026-02-10 18:53:17",18
"2026-02-10 18:54:17",18
"2026-02-10 18:55:17",18
"2026-02-10 18:57:17",18
"2026-02-10 19:01:17",18
"2026-02-10 19:08:17",18
"2026-02-10 19:54:17",18
"2026-02-10 19:55:17",18
"2026-02-10 19:58:17",18
"2026-02-10 20:00:17",18
"2026-02-10 20:03:17",18
"2026-02-10 20:04:17",18
"2026-02-10 20:05:17",18
"2026-02-10 20:10:17",18
"2026-02-10 20:32:17",18
"2026-02-10 20:46:17",18
"2026-02-10 20:52:17",18
"2026-02-10 20:53:17",18
"2026-02-10 21:16:17",18
"2026-02-10 21:17:17",18
"2026-02-10 21:22:17",18
"2026-02-10 21:27:17",18
"2026-02-10 21:41:17",18
"2026-02-10 21:46:17",18
"2026-02-10 22:01:17",18
"2026-02-10 22:07:17",18
"2026-02-10 22:08:17",18
"2026-02-10 22:09:17",18
"2026-02-10 22:23:17",18
"2026-02-10 22:24:17",18
"2026-02-10 22:28:17",18
"2026-02-10 22:29:17",18
"2026-02-10 23:13:17",18
"2026-02-10 23:16:17",18
"2026-02-10 23:34:17",18
"2026-02-10 23:50:17",18
"2026-02-10 23:55:17",18
"2026-02-11 00:00:17",18
"2026-02-11 00:42:17",18
"2026-02-11 00:47:17",18
"2026-02-11 00:48:17",18
"2026-02-11 00:49:17",18
"2026-02-11 00:55:17",18
"2026-02-11 00:56:17",18
"2026-02-11 01:05:17",18
"2026-02-11 01:15:17",18
"2026-02-11 01:18:17",18
"2026-02-11 01:19:17",18
"2026-02-11 01:22:17",18
"2026-02-11 01:28:17",18
"2026-02-11 01:33:17",18
"2026-02-11 01:36:17",18
"2026-02-11 01:37:17",18
"2026-02-11 01:44:17",18
"2026-02-11 01:45:17",18
"2026-02-11 01:50:17",18
"2026-02-11 01:51:17",18
"2026-02-11 01:52:17",18
"2026-02-11 01:54:17",18
"2026-02-11 01:55:17",18
"2026-02-11 02:05:17",18
"2026-02-11 02:07:17",18
"2026-02-11 02:11:17",18
"2026-02-11 02:12:17",18
"2026-02-11 02:13:17",18
"2026-02-11 02:18:17",18
"2026-02-11 02:37:17",18
"2026-02-11 02:42:17",18
"2026-02-11 03:45:17",18
"2026-02-11 03:48:17",18
"2026-02-11 04:08:17",18
"2026-02-11 04:10:17",18
"2026-02-11 04:14:17",18
"2026-02-11 04:41:17",18
"2026-02-11 04:49:17",18
"2026-02-11 04:53:17",18
"2026-02-11 04:54:17",18
"2026-02-11 04:56:17",18
"2026-02-11 04:57:17",18
"2026-02-11 04:58:17",18
"2026-02-11 05:12:17",18
"2026-02-11 05:13:17",18
"2026-02-11 05:15:17",18
"2026-02-11 05:18:17",18
"2026-02-11 05:41:17",18
"2026-02-11 05:46:17",18
"2026-02-11 05:47:17",18
"2026-02-11 06:11:17",18
"2026-02-11 06:12:17",18
"2026-02-11 06:16:17",18
"2026-02-11 06:41:17",18
"2026-02-11 06:47:17",18
"2026-02-11 07:06:17",18
"2026-02-11 07:26:17",18
"2026-02-11 07:27:17",18
"2026-02-11 07:28:17",18
"2026-02-11 08:13:17",18
"2026-02-11 08:16:17",18
"2026-02-11 08:32:17",18
"2026-02-11 08:33:17",18
"2026-02-11 08:37:17",18
"2026-02-11 08:52:17",18
"2026-02-11 08:54:17",18
"2026-02-11 08:56:17",18
"2026-02-11 08:57:17",18
"2026-02-11 08:58:17",18
"2026-02-11 09:04:17",18
"2026-02-11 09:05:17",18
"2026-02-11 09:32:17",18
"2026-02-11 09:33:17",18
"2026-02-11 09:34:17",18
"2026-02-11 09:35:17",18
"2026-02-11 09:41:17",18
"2026-02-11 09:47:17",18
"2026-02-11 10:00:17",18
"2026-02-11 10:04:17",18
"2026-02-11 10:13:17",18
"2026-02-11 10:33:17",18
"2026-02-11 10:36:17",18
"2026-02-11 10:38:17",18
"2026-02-11 10:39:17",18
"2026-02-11 10:43:17",18
"2026-02-11 10:44:17",18
"2026-02-11 10:45:17",18
"2026-02-11 10:46:17",18
"2026-02-11 10:50:17",18
"2026-02-11 10:56:17",18
"2026-02-11 10:58:17",18
"2026-02-11 11:00:17",18
"2026-02-11 11:01:17",18
"2026-02-11 11:02:17",18
"2026-02-11 11:04:17",18
"2026-02-11 11:05:17",18
"2026-02-11 11:08:17",18
"2026-02-11 11:10:17",18
"2026-02-11 11:11:17",18
"2026-02-11 11:12:17",18
"2026-02-11 11:13:17",18
"2026-02-11 11:14:17",18
"2026-02-11 11:17:17",18
"2026-02-11 11:25:17",18
"2026-02-11 11:26:17",18
"2026-02-11 11:27:17",18
"2026-02-11 11:36:17",18
"2026-02-11 11:43:17",18
"2026-02-11 11:59:17",18
"2026-02-11 12:01:17",18
"2026-02-11 12:02:17",18
"2026-02-11 12:05:17",18
"2026-02-11 12:10:17",18
"2026-02-11 12:11:17",18
"2026-02-11 12:12:17",18
"2026-02-11 12:15:17",18
"2026-02-11 12:18:17",18
"2026-02-11 12:23:17",18
"2026-02-11 12:24:17",18
"2026-02-11 12:26:17",18
"2026-02-11 12:27:17",18
"2026-02-11 12:28:17",18
"2026-02-11 12:29:17",18
"2026-02-11 12:40:17",18
"2026-02-11 12:44:17",18
"2026-02-11 12:46:17",18
"2026-02-11 12:49:17",18
"2026-02-11 12:56:17",18
"2026-02-11 13:06:17",18
"2026-02-11 13:10:17",18
"2026-02-11 13:18:17",18
"2026-02-11 13:22:17",18
"2026-02-11 13:25:17",18
"2026-02-11 13:26:17",18
"2026-02-11 13:28:17",18
"2026-02-11 13:40:17",18
"2026-02-11 13:44:17",18
"2026-02-11 13:46:17",18
"2026-02-11 14:14:17",18
"2026-02-11 14:18:17",18
"2026-02-11 14:21:17",18
"2026-02-11 14:37:17",18
"2026-02-11 14:40:17",18
"2026-02-11 14:51:17",18
"2026-02-11 15:06:17",18
"2026-02-11 15:07:17",18
"2026-02-11 15:11:17",18
"2026-02-11 15:12:17",18
"2026-02-11 15:14:17",18
"2026-02-11 15:39:17",18
"2026-02-11 15:40:17",18
"2026-02-11 15:45:17",18
"2026-02-11 15:47:17",18
"2026-02-11 15:48:17",18
"2026-02-11 15:53:17",18
"2026-02-11 16:07:17",18
"2026-02-11 16:08:17",18
"2026-02-11 16:12:17",18
"2026-02-11 16:27:17",18
"2026-02-11 16:32:17",18
"2026-02-11 16:34:17",18
"2026-02-11 16:51:17",18
"2026-02-11 16:53:17",18
"2026-02-11 16:55:17",18
"2026-02-11 17:02:17",18
"2026-02-11 17:03:17",18
"2026-02-11 17:04:17",18
"2026-02-11 17:12:17",18
"2026-02-11 17:15:17",18
"2026-02-11 17:16:17",18
"2026-02-11 17:19:17",18
"2026-02-11 17:22:17",18
"2026-02-11 17:32:17",18
"2026-02-11 17:33:17",18
"2026-02-11 17:34:17",18
"2026-02-11 17:37:17",18
"2026-02-11 17:39:17",18
"2026-02-11 17:41:17",18
"2026-02-11 17:45:17",18
"2026-02-11 17:46:17",18
"2026-02-11 17:47:17",18
"2026-02-11 17:51:17",18
"2026-02-11 17:54:17",18
"2026-02-11 18:15:17",18
"2026-02-11 18:16:17",18
"2026-02-11 18:21:17",18
"2026-02-11 18:22:17",18
"2026-02-11 18:30:17",18
"2026-02-11 18:31:17",18
"2026-02-11 18:46:17",18
"2026-02-11 18:48:17",18
"2026-02-11 18:50:17",18
"2026-02-11 19:08:17",18
"2026-02-11 19:11:17",18
"2026-02-11 20:18:17",18
"2026-02-11 20:20:17",18
"2026-02-11 20:37:17",18
"2026-02-11 20:43:17",18
"2026-02-11 20:45:17",18
"2026-02-11 20:46:17",18
"2026-02-11 21:46:17",18
"2026-02-11 21:52:17",18
"2026-02-11 21:53:17",18
"2026-02-11 21:54:17",18
"2026-02-11 22:07:17",18
"2026-02-11 22:19:17",18
"2026-02-11 22:25:17",18
"2026-02-11 22:26:17",18
"2026-02-11 22:30:17",18
"2026-02-11 22:34:17",18
"2026-02-11 22:57:17",18
"2026-02-11 22:58:17",18
"2026-02-11 23:18:17",18
"2026-02-11 23:22:17",18
"2026-02-11 23:23:17",18
"2026-02-11 23:25:17",18
"2026-02-11 23:37:17",18
"2026-02-11 23:44:17",18
"2026-02-11 23:48:17",18
"2026-02-11 23:49:17",18
"2026-02-12 00:11:17",18
"2026-02-12 00:12:17",18
"2026-02-12 00:48:17",18
"2026-02-12 00:53:17",18
"2026-02-12 01:09:17",18
"2026-02-12 01:36:17",18
"2026-02-12 01:37:17",18
"2026-02-12 01:39:17",18
"2026-02-12 01:46:17",18
"2026-02-12 01:48:17",18
"2026-02-12 01:49:17",18
"2026-02-12 01:50:17",18
"2026-02-12 01:51:17",18
"2026-02-12 01:56:17",18
"2026-02-12 01:59:17",18
"2026-02-12 02:00:17",18
"2026-02-12 02:08:17",18
"2026-02-12 02:09:17",18
"2026-02-12 02:11:17",18
"2026-02-12 02:13:17",18
"2026-02-12 02:15:17",18
"2026-02-12 02:21:17",18
"2026-02-12 02:26:17",18
"2026-02-12 02:27:17",18
"2026-02-12 02:28:17",18
"2026-02-12 02:29:17",18
"2026-02-12 02:30:17",18
"2026-02-12 02:31:17",18
"2026-02-12 02:32:17",18
"2026-02-12 02:36:17",18
"2026-02-12 02:41:17",18
"2026-02-12 03:05:17",18
"2026-02-12 03:45:17",18
"2026-02-12 03:51:17",18
"2026-02-12 03:56:17",18
"2026-02-12 04:07:18",18
"2026-02-12 04:11:18",18
"2026-02-12 05:21:18",18
"2026-02-12 05:30:18",18
"2026-02-12 05:37:18",18
"2026-02-12 05:42:18",18
"2026-02-12 05:43:18",18
"2026-02-12 05:45:18",18
"2026-02-12 05:47:18",18
"2026-02-12 05:49:18",18
"2026-02-12 05:51:18",18
"2026-02-12 05:52:18",18
"2026-02-12 05:53:18",18
"2026-02-12 05:54:18",18
"2026-02-12 06:00:18",18
"2026-02-12 06:01:18",18
"2026-02-12 06:46:18",18
"2026-02-12 06:47:18",18
"2026-02-12 06:48:18",18
"2026-02-12 06:52:18",18
"2026-02-12 07:07:18",18
"2026-02-12 07:20:18",18
"2026-02-12 07:21:18",18
"2026-02-12 07:27:18",18
"2026-02-12 07:28:18",18
"2026-02-12 07:35:18",18
"2026-02-12 07:36:18",18
"2026-02-12 07:38:18",18
"2026-02-12 07:46:18",18
"2026-02-12 07:47:18",18
"2026-02-12 07:48:18",18
"2026-02-12 07:50:18",18
"2026-02-12 07:51:18",18
"2026-02-12 07:52:18",18
"2026-02-12 07:55:18",18
"2026-02-12 08:00:18",18
"2026-02-12 08:03:18",18
"2026-02-12 08:04:18",18
"2026-02-12 08:05:18",18
"2026-02-12 08:09:18",18
"2026-02-12 08:10:18",18
"2026-02-12 08:13:18",18
"2026-02-12 08:14:18",18
"2026-02-12 08:24:18",18
"2026-02-12 08:34:18",18
"2026-02-12 08:35:18",18
"2026-02-12 08:41:18",18
"2026-02-12 09:10:18",18
"2026-02-12 09:11:18",18
"2026-02-12 09:54:18",18
"2026-02-12 10:03:18",18
"2026-02-12 10:06:18",18
"2026-02-12 10:14:18",18
"2026-02-12 10:17:18",18
"2026-02-12 10:18:18",18
"2026-02-12 10:25:18",18
"2026-02-12 10:26:18",18
"2026-02-12 11:19:18",18
"2026-02-12 11:21:18",18
"2026-02-12 11:24:18",18
"2026-02-12 11:31:18",18
"2026-02-12 11:38:18",18
"2026-02-12 11:50:18",18
"2026-02-12 11:56:18",18
"2026-02-12 11:58:18",18
"2026-02-12 12:04:18",18
"2026-02-12 12:05:18",18
"2026-02-12 12:11:18",18
"2026-02-12 12:15:18",18
"2026-02-12 12:49:18",18
"2026-02-12 12:56:18",18
"2026-02-12 13:01:18",18
"2026-02-12 13:02:18",18
"2026-02-12 13:03:18",18
"2026-02-12 13:04:18",18
"2026-02-12 13:05:18",18
"2026-02-12 13:08:18",18
"2026-02-12 13:10:18",18
"2026-02-12 13:24:18",18
"2026-02-12 13:27:18",18
"2026-02-12 13:28:18",18
"2026-02-12 13:30:18",18
"2026-02-12 13:31:18",18
"2026-02-12 13:32:18",18
"2026-02-12 13:38:18",18
"2026-02-12 13:53:18",18
"2026-02-12 13:58:18",18
"2026-02-12 14:07:18",18
"2026-02-12 14:08:18",18
"2026-02-12 14:15:18",18
"2026-02-12 14:28:18",18
"2026-02-12 14:41:18",18
"2026-02-12 14:55:18",18
"2026-02-12 14:57:18",18
"2026-02-12 14:58:18",18
"2026-02-12 14:59:18",18
"2026-02-12 15:00:18",18
"2026-02-12 15:06:18",18
"2026-02-12 15:07:18",18
"2026-02-12 15:09:18",18
"2026-02-12 15:16:18",18
"2026-02-12 15:17:18",18
"2026-02-12 15:18:18",18
"2026-02-12 15:33:18",18
"2026-02-12 15:35:18",18
"2026-02-12 15:37:18",18
"2026-02-12 15:45:18",18
"2026-02-12 15:46:18",18
"2026-02-12 15:59:18",18
"2026-02-12 16:11:18",18
"2026-02-12 16:18:18",18
"2026-02-12 16:19:18",18
"2026-02-12 16:31:18",18
"2026-02-12 16:39:18",18
"2026-02-12 16:40:18",18
"2026-02-12 16:44:18",18
"2026-02-12 16:45:18",18
"2026-02-12 16:58:18",18
"2026-02-12 16:59:18",18
"2026-02-12 17:00:18",18
"2026-02-12 17:02:18",18
"2026-02-12 17:04:18",18
"2026-02-12 17:05:18",18
"2026-02-12 17:09:18",18
"2026-02-12 17:10:18",18
"2026-02-12 17:20:18",18
"2026-02-12 17:37:18",18
"2026-02-12 17:41:18",18
"2026-02-12 17:53:18",18
"2026-02-12 17:54:18",18
"2026-02-12 18:00:18",18
"2026-02-12 18:02:18",18
"2026-02-12 18:04:18",18
"2026-02-12 18:13:18",18
"2026-02-12 18:14:18",18
"2026-02-12 18:38:18",18
"2026-02-12 18:41:18",18
"2026-02-12 18:51:18",18
"2026-02-12 19:08:18",18
"2026-02-12 19:14:18",18
"2026-02-12 20:15:18",18
"2026-02-12 20:16:18",18
"2026-02-12 20:17:18",18
"2026-02-12 20:18:18",18
"2026-02-12 20:21:18",18
"2026-02-12 20:22:18",18
"2026-02-12 20:35:18",18
"2026-02-12 20:47:18",18
"2026-02-12 20:50:18",18
"2026-02-12 20:51:18",18
"2026-02-12 22:09:18",18
"2026-02-12 22:15:18",18
"2026-02-12 22:16:18",18
"2026-02-12 22:20:18",18
"2026-02-12 23:33:18",18
"2026-02-12 23:59:18",18
"2026-02-13 00:05:18",18
"2026-02-13 00:07:18",18
"2026-02-13 01:00:18",18
"2026-02-13 01:17:18",18
"2026-02-13 01:22:18",18
"2026-02-13 01:31:18",18
"2026-02-13 01:47:18",18
"2026-02-13 01:48:18",18
"2026-02-13 01:54:18",18
"2026-02-13 01:56:18",18
"2026-02-13 01:58:18",18
"2026-02-13 01:59:18",18
"2026-02-13 02:04:18",18
"2026-02-13 02:06:18",18
"2026-02-13 02:09:18",18
"2026-02-13 02:10:18",18
"2026-02-13 02:11:18",18
"2026-02-13 02:12:18",18
"2026-02-13 02:14:18",18
"2026-02-13 02:16:18",18
"2026-02-13 02:20:18",18
"2026-02-13 02:21:18",18
"2026-02-13 02:23:18",18
"2026-02-13 02:24:18",18
"2026-02-13 02:25:18",18
"2026-02-13 02:26:18",18
"2026-02-13 02:30:18",18
"2026-02-13 02:47:18",18
"2026-02-13 02:56:18",18
"2026-02-13 04:06:18",18
"2026-02-13 04:08:18",18
"2026-02-13 04:09:18",18
"2026-02-13 04:33:18",18
"2026-02-13 04:52:18",18
"2026-02-13 04:53:18",18
"2026-02-13 05:37:18",18
"2026-02-13 05:39:18",18
"2026-02-13 05:41:18",18
"2026-02-13 05:56:18",18
"2026-02-13 05:59:18",18
"2026-02-13 06:15:18",18
"2026-02-13 06:19:18",18
"2026-02-13 06:22:18",18
"2026-02-13 06:23:18",18
"2026-02-13 06:27:18",18
"2026-02-13 06:28:18",18
"2026-02-13 06:39:18",18
"2026-02-13 06:42:18",18
"2026-02-13 06:44:18",18
"2026-02-13 06:46:18",18
"2026-02-13 06:47:18",18
"2026-02-13 06:48:18",18
"2026-02-13 06:59:18",18
"2026-02-13 07:00:18",18
"2026-02-13 07:01:18",18
"2026-02-13 07:02:18",18
"2026-02-13 07:04:18",18
"2026-02-13 07:05:18",18
"2026-02-13 07:07:18",18
"2026-02-13 07:08:18",18
"2026-02-13 07:23:18",18
"2026-02-13 07:32:18",18
"2026-02-13 07:34:18",18
"2026-02-13 07:36:18",18
"2026-02-13 07:49:18",18
"2026-02-13 07:50:18",18
"2026-02-13 08:04:18",18
"2026-02-13 08:05:18",18
"2026-02-13 08:13:18",18
"2026-02-13 08:14:18",18
"2026-02-13 08:33:18",18
"2026-02-13 08:34:18",18
"2026-02-13 08:47:18",18
"2026-02-13 08:50:18",18
"2026-02-13 09:00:18",18
"2026-02-13 09:09:18",18
"2026-02-13 10:22:18",18
"2026-02-13 10:27:18",18
"2026-02-13 10:33:18",18
"2026-02-13 10:41:18",18
"2026-02-13 10:42:18",18
"2026-02-13 10:46:18",18
"2026-02-13 10:48:18",18
"2026-02-13 10:49:18",18
"2026-02-13 11:08:18",18
"2026-02-13 11:11:18",18
"2026-02-13 11:23:18",18
"2026-02-13 11:24:18",18
"2026-02-13 11:51:18",18
"2026-02-13 12:19:18",18
"2026-02-13 12:20:18",18
"2026-02-13 12:22:18",18
"2026-02-13 13:28:18",18
"2026-02-13 13:37:18",18
"2026-02-13 13:39:18",18
"2026-02-13 13:41:18",18
"2026-02-13 13:42:18",18
"2026-02-13 13:53:18",18
"2026-02-13 13:56:18",18
"2026-02-13 14:02:18",18
"2026-02-13 14:03:18",18
"2026-02-13 14:04:18",18
"2026-02-13 14:07:18",18
"2026-02-13 14:08:18",18
"2026-02-13 14:29:18",18
"2026-02-13 14:30:18",18
"2026-02-13 14:36:18",18
"2026-02-13 14:37:18",18
"2026-02-13 14:41:18",18
"2026-02-13 14:51:18",18
"2026-02-13 14:56:18",18
"2026-02-13 14:57:18",18
"2026-02-13 15:01:18",18
"2026-02-13 15:16:18",17
"2026-02-13 15:17:18",18
"2026-02-13 15:25:18",18
"2026-02-13 15:27:18",18
"2026-02-13 15:31:18",18
"2026-02-13 15:32:18",18
"2026-02-13 15:37:18",18
"2026-02-13 15:38:18",18
"2026-02-13 15:39:18",18
"2026-02-13 15:40:18",18
"2026-02-13 15:41:18",18
"2026-02-13 15:51:18",18
"2026-02-13 15:52:18",18
"2026-02-13 16:09:18",18
"2026-02-13 16:10:18",18
"2026-02-13 16:18:18",18
"2026-02-13 16:19:18",18
"2026-02-13 16:21:18",18
"2026-02-13 16:23:18",18
"2026-02-13 16:37:18",18
"2026-02-13 17:43:18",18
"2026-02-13 17:44:18",18
"2026-02-13 18:20:18",17
"2026-02-13 18:31:18",18
"2026-02-13 18:34:18",17
"2026-02-13 18:35:18",18
"2026-02-13 18:38:18",17
"2026-02-13 18:40:18",18
"2026-02-13 18:41:18",17
"2026-02-13 18:43:18",18
"2026-02-13 19:05:18",18
"2026-02-13 19:17:18",18
"2026-02-13 19:21:18",18
"2026-02-13 19:24:18",18
"2026-02-13 19:29:18",18
"2026-02-13 19:30:18",18
"2026-02-13 19:31:18",18
"2026-02-13 19:33:18",18
"2026-02-13 19:35:18",18
"2026-02-13 19:37:18",18
"2026-02-13 19:38:18",18
"2026-02-13 19:43:18",18
"2026-02-13 20:03:18",17
"2026-02-13 20:04:18",18
"2026-02-13 20:05:18",17
"2026-02-13 20:06:18",18
"2026-02-13 20:33:18",18
"2026-02-13 20:34:18",18
"2026-02-13 20:48:18",18
"2026-02-13 20:49:18",18
"2026-02-13 21:34:18",17
"2026-02-13 21:36:18",18
"2026-02-13 21:37:18",17
"2026-02-13 21:39:18",18
"2026-02-13 21:43:18",17
"2026-02-13 21:44:18",18
"2026-02-13 23:02:18",17
"2026-02-13 23:10:18",17
"2026-02-13 23:11:18",17
"2026-02-13 23:12:18",17
"2026-02-13 23:14:18",17
"2026-02-13 23:23:18",18
"2026-02-13 23:25:18",17
"2026-02-13 23:26:18",18
"2026-02-13 23:42:18",18
"2026-02-13 23:43:18",18
"2026-02-13 23:49:18",18
"2026-02-13 23:54:18",18
"2026-02-14 00:00:18",18
"2026-02-14 00:02:18",18
"2026-02-14 00:03:18",18
"2026-02-14 00:05:18",18
"2026-02-14 00:07:18",18
"2026-02-14 00:08:18",18
"2026-02-14 00:09:18",18
"2026-02-14 00:10:18",18
"2026-02-14 00:13:18",18
"2026-02-14 00:14:18",18
"2026-02-14 00:16:18",18
"2026-02-14 00:25:18",18
"2026-02-14 00:34:18",17
"2026-02-14 00:40:18",17
"2026-02-14 00:52:18",17
"2026-02-14 00:54:18",18
"2026-02-14 00:56:18",17
"2026-02-14 00:57:18",18
"2026-02-14 01:06:18",18
"2026-02-14 01:09:18",18
"2026-02-14 01:10:18",18
"2026-02-14 01:11:18",18
"2026-02-14 01:12:18",18
"2026-02-14 01:13:18",18
"2026-02-14 01:15:18",18
"2026-02-14 01:19:18",18
"2026-02-14 01:22:18",18
"2026-02-14 02:00:18",18
"2026-02-14 02:07:18",17
"2026-02-14 02:14:18",17
"2026-02-14 02:25:18",17
"2026-02-14 02:30:18",18
"2026-02-14 02:34:18",17
"2026-02-14 02:35:18",18
"2026-02-14 02:45:18",18
"2026-02-14 02:47:18",18
"2026-02-14 02:51:18",18
"2026-02-14 02:52:18",18
"2026-02-14 02:53:18",18
"2026-02-14 02:58:18",18
"2026-02-14 02:59:18",18
"2026-02-14 03:03:18",18
"2026-02-14 03:06:18",18
"2026-02-14 03:07:18",18
"2026-02-14 03:09:18",18
"2026-02-14 03:11:18",18
"2026-02-14 03:16:18",18
"2026-02-14 03:19:18",18
"2026-02-14 03:25:18",18
"2026-02-14 03:26:18",18
"2026-02-14 03:27:18",18
"2026-02-14 03:28:18",18
"2026-02-14 03:30:18",18
"2026-02-14 03:36:18",18
"2026-02-14 03:40:18",17
"2026-02-14 03:49:18",17
"2026-02-14 03:57:18",17
"2026-02-14 04:04:18",18
"2026-02-14 04:24:18",18
"2026-02-14 04:25:18",18
"2026-02-14 04:27:18",18
"2026-02-14 04:29:18",18
"2026-02-14 04:31:18",18
"2026-02-14 04:33:18",18
"2026-02-14 04:35:18",18
"2026-02-14 04:40:18",18
"2026-02-14 04:41:18",18
"2026-02-14 04:42:18",18
"2026-02-14 04:43:18",18
"2026-02-14 04:50:18",18
"2026-02-14 04:51:18",18
"2026-02-14 04:52:18",18
"2026-02-14 04:55:18",18
"2026-02-14 05:10:18",18
"2026-02-14 05:13:18",17
"2026-02-14 05:21:18",17
"2026-02-14 05:22:18",17
"2026-02-14 05:24:18",17
"2026-02-14 05:33:18",17
"2026-02-14 05:37:18",18
"2026-02-14 06:05:18",18
"2026-02-14 06:06:18",18
"2026-02-14 06:46:18",17
"2026-02-14 06:54:18",17
"2026-02-14 06:57:18",17
"2026-02-14 06:58:18",17
"2026-02-14 07:06:18",17
"2026-02-14 07:13:18",18
"2026-02-14 07:14:18",17
"2026-02-14 07:15:18",18
"2026-02-14 08:20:18",17
"2026-02-14 08:25:18",17
"2026-02-14 08:33:18",17
"2026-02-14 08:40:18",17
"2026-02-14 08:43:18",17
"2026-02-14 08:47:18",18
"2026-02-14 08:48:18",17
"2026-02-14 08:52:18",18
"2026-02-14 09:15:18",17
"2026-02-14 09:16:18",18
"2026-02-14 09:17:18",17
"2026-02-14 09:18:18",18
"2026-02-14 09:27:18",17
"2026-02-14 09:28:18",18
"2026-02-14 09:37:18",17
"2026-02-14 09:39:18",18
"2026-02-14 09:52:18",17
"2026-02-14 09:55:18",17
"2026-02-14 10:03:18",17
"2026-02-14 10:08:18",17
"2026-02-14 10:12:18",17
"2026-02-14 10:14:18",17
"2026-02-14 10:18:18",17
"2026-02-14 10:25:18",18
"2026-02-14 10:37:18",17
"2026-02-14 10:38:18",18
"2026-02-14 11:07:18",18
"2026-02-14 11:08:18",18
"2026-02-14 11:18:18",18
"2026-02-14 11:20:18",18
"2026-02-14 11:26:18",17
"2026-02-14 11:30:18",17
"2026-02-14 11:32:18",17
"2026-02-14 11:46:18",17
"2026-02-14 11:57:18",17
"2026-02-14 12:01:18",17
"2026-02-14 12:02:18",17
"2026-02-14 12:44:18",18
"2026-02-14 12:48:18",17
"2026-02-14 12:56:18",18
"2026-02-14 12:57:18",17
"2026-02-14 13:08:18",17
"2026-02-14 13:15:18",17
"2026-02-14 13:19:18",17
"2026-02-14 13:28:18",17
"2026-02-14 13:49:18",18
"2026-02-14 13:50:18",17
"2026-02-14 13:54:18",18
"2026-02-14 13:55:18",17
"2026-02-14 14:03:18",18
"2026-02-14 14:04:18",17
"2026-02-14 14:05:18",18
"2026-02-14 14:06:18",17
"2026-02-14 14:07:18",18
"2026-02-14 14:08:18",17
"2026-02-14 14:11:18",18
"2026-02-14 14:16:18",17
"2026-02-14 14:26:18",18
"2026-02-14 14:34:18",17
"2026-02-14 14:40:18",17
"2026-02-14 14:47:18",17
"2026-02-14 14:51:18",17
"2026-02-14 15:01:18",17
"2026-02-14 15:21:18",18
"2026-02-14 15:51:18",18
"2026-02-14 15:53:18",18
"2026-02-14 16:07:18",17
"2026-02-14 16:13:18",17
"2026-02-14 16:21:18",17
"2026-02-14 16:23:18",17
"2026-02-14 16:24:18",17
"2026-02-14 16:25:18",17
"2026-02-14 16:32:18",17
"2026-02-14 16:37:18",18
"2026-02-14 16:38:18",17
"2026-02-14 16:42:18",18
"2026-02-14 16:43:18",17
"2026-02-14 16:44:18",18
"2026-02-14 16:46:18",17
"2026-02-14 16:49:18",18
"2026-02-14 17:18:18",18
"2026-02-14 17:19:18",18
"2026-02-14 17:40:18",17
"2026-02-14 17:44:18",17
"2026-02-14 18:03:18",17
"2026-02-14 18:17:18",18
"2026-02-14 18:18:18",17
"2026-02-14 18:19:18",18
"2026-02-14 18:20:18",17
"2026-02-14 18:21:18",18
"2026-02-14 18:22:18",17
"2026-02-14 18:35:18",18
"2026-02-14 18:36:18",17
"2026-02-14 18:52:18",18
"2026-02-14 19:00:18",17
"2026-02-14 19:05:18",18
"2026-02-14 19:11:18",17
"2026-02-14 19:15:18",17
"2026-02-14 19:17:18",17
"2026-02-14 19:18:18",17
"2026-02-14 19:19:18",17
"2026-02-14 19:20:18",17
"2026-02-14 19:46:18",17
"2026-02-14 20:06:18",18
"2026-02-14 20:13:18",17
"2026-02-14 20:16:18",18
"2026-02-14 20:17:18",17
"2026-02-14 20:36:18",18
"2026-02-14 20:37:18",17
"2026-02-14 20:39:18",18
"2026-02-14 20:42:18",17
"2026-02-14 20:43:18",18
"2026-02-14 20:44:18",17
"2026-02-14 20:49:18",17
"2026-02-14 20:58:18",17
"2026-02-14 20:59:18",17
"2026-02-14 21:00:18",17
"2026-02-14 21:06:18",17
"2026-02-14 21:09:18",17
"2026-02-14 21:31:18",18
"2026-02-14 21:32:18",17
"2026-02-14 21:34:18",18
"2026-02-14 21:36:18",17
"2026-02-14 21:58:18",17
"2026-02-14 21:59:18",17
"2026-02-14 22:21:18",17
"2026-02-14 22:31:18",17
"2026-02-14 22:32:18",17
"2026-02-14 22:33:18",17
"2026-02-14 22:36:18",17
"2026-02-14 22:38:18",17
"2026-02-14 22:42:18",17
"2026-02-14 22:49:18",17
"2026-02-14 23:02:18",17
"2026-02-14 23:04:18",17
"2026-02-14 23:17:18",18
"2026-02-14 23:18:18",17
"2026-02-14 23:19:18",18
"2026-02-14 23:20:18",17
"2026-02-14 23:46:18",17
"2026-02-14 23:47:18",17
"2026-02-14 23:52:18",17
"2026-02-15 00:03:18",17
"2026-02-15 00:04:18",17
"2026-02-15 00:05:18",17
"2026-02-15 00:13:18",17
"2026-02-15 00:17:18",17
"2026-02-15 00:18:18",17
"2026-02-15 00:20:18",17
"2026-02-15 00:23:18",17
"2026-02-15 00:25:18",17
"2026-02-15 00:26:18",17
"2026-02-15 00:28:18",17
"2026-02-15 00:39:18",18
"2026-02-15 00:40:18",17
"2026-02-15 00:41:18",18
"2026-02-15 00:45:18",17
"2026-02-15 00:46:18",18
"2026-02-15 01:09:18",17
"2026-02-15 01:11:18",18
"2026-02-15 01:25:18",17
"2026-02-15 01:28:18",17
"2026-02-15 01:31:18",17
"2026-02-15 01:34:18",17
"2026-02-15 01:46:18",17
"2026-02-15 01:47:18",17
"2026-02-15 01:50:18",17
"2026-02-15 01:57:18",18
"2026-02-15 02:04:18",17
"2026-02-15 02:05:18",18
"2026-02-15 02:44:18",18
"2026-02-15 02:45:18",18
"2026-02-15 02:53:18",18
"2026-02-15 02:55:18",18
"2026-02-15 02:57:18",18
"2026-02-15 02:59:18",18
"2026-02-15 03:00:18",17
"2026-02-15 03:02:18",17
"2026-02-15 03:06:18",17
"2026-02-15 03:12:18",17
"2026-02-15 03:19:18",17
"2026-02-15 03:21:18",17
"2026-02-15 03:25:18",17
"2026-02-15 03:31:18",18
"2026-02-15 03:34:18",17
"2026-02-15 03:35:18",18
"2026-02-15 04:33:18",17
"2026-02-15 04:35:18",17
"2026-02-15 04:39:18",17
"2026-02-15 04:40:18",17
"2026-02-15 04:41:18",17
"2026-02-15 04:43:18",17
"2026-02-15 04:53:18",17
"2026-02-15 04:54:18",17
"2026-02-15 04:58:18",17
"2026-02-15 05:03:18",18
"2026-02-15 05:05:18",17
"2026-02-15 05:06:18",18
"2026-02-15 05:07:18",17
"2026-02-15 05:08:18",18
"2026-02-15 06:06:18",17
"2026-02-15 06:08:18",17
"2026-02-15 06:14:18",17
"2026-02-15 06:19:18",17
"2026-02-15 06:25:18",17
"2026-02-15 06:27:18",17
"2026-02-15 06:31:18",17
"2026-02-15 06:42:18",18
"2026-02-15 07:37:18",17
"2026-02-15 07:41:18",17
"2026-02-15 07:45:18",17
"2026-02-15 07:50:18",17
"2026-02-15 07:51:18",17
"2026-02-15 07:53:18",17
"2026-02-15 07:59:18",17
"2026-02-15 08:01:18",17
"2026-02-15 08:04:18",17
"2026-02-15 08:11:18",18
"2026-02-15 08:17:18",17
"2026-02-15 08:18:18",18
"2026-02-15 08:45:18",18
"2026-02-15 08:46:18",18
"2026-02-15 08:51:18",18
"2026-02-15 08:52:18",18
"2026-02-15 08:53:18",18
"2026-02-15 08:57:18",18
"2026-02-15 09:04:18",18
"2026-02-15 09:06:18",18
"2026-02-15 09:13:18",17
"2026-02-15 09:17:18",17
"2026-02-15 09:20:18",17
"2026-02-15 09:24:18",17
"2026-02-15 09:33:18",17
"2026-02-15 09:34:18",17
"2026-02-15 09:39:18",17
"2026-02-15 09:45:18",18
"2026-02-15 09:47:18",17
"2026-02-15 09:49:18",18
"2026-02-15 10:47:18",17
"2026-02-15 10:50:18",17
"2026-02-15 10:53:18",17
"2026-02-15 10:56:18",17
"2026-02-15 11:07:18",17
"2026-02-15 11:08:18",17
"2026-02-15 11:10:18",17
"2026-02-15 11:18:18",18
"2026-02-15 11:33:18",18
"2026-02-15 11:34:18",18
"2026-02-15 11:36:18",18
"2026-02-15 11:38:18",18
"2026-02-15 11:54:18",18
"2026-02-15 11:55:18",18
"2026-02-15 11:57:18",18
"2026-02-15 11:58:18",18
"2026-02-15 11:59:18",18
"2026-02-15 12:00:18",18
"2026-02-15 12:02:18",18
"2026-02-15 12:20:18",18
"2026-02-15 12:22:18",17
"2026-02-15 12:24:18",17
"2026-02-15 12:26:18",17
"2026-02-15 12:30:18",17
"2026-02-15 12:38:18",17
"2026-02-15 12:39:18",17
"2026-02-15 12:40:18",17
"2026-02-15 12:41:18",17
"2026-02-15 12:44:18",17
"2026-02-15 12:49:18",18
"2026-02-15 13:03:18",17
"2026-02-15 13:04:18",18
"2026-02-15 13:07:18",17
"2026-02-15 13:08:18",17
"2026-02-15 13:11:18",17
"2026-02-15 13:23:18",17
"2026-02-15 13:30:18",17
"2026-02-15 13:38:18",18
"2026-02-15 13:39:18",17
"2026-02-15 13:40:18",18
"2026-02-15 13:58:18",18
"2026-02-15 14:00:18",18
"2026-02-15 14:03:18",18
"2026-02-15 14:06:18",18
"2026-02-15 14:08:18",18
"2026-02-15 14:16:18",18
"2026-02-15 14:18:18",18
"2026-02-15 14:21:18",18
"2026-02-15 14:30:18",18
"2026-02-15 14:37:18",19
"2026-02-15 14:38:18",19
"2026-02-15 14:50:18",19
"2026-02-15 14:51:18",19
"2026-02-15 15:02:18",19
"2026-02-15 15:11:18",18
"2026-02-15 15:24:18",18
"2026-02-15 15:30:18",18
"2026-02-15 15:36:18",18
"2026-02-15 16:19:18",18
"2026-02-15 16:20:18",18
"2026-02-15 16:32:18",18
"2026-02-15 16:34:18",18
"2026-02-15 16:36:18",18
"2026-02-15 16:41:18",18
"2026-02-15 16:42:18",18
"2026-02-15 16:55:18",18
"2026-02-15 16:56:18",18
"2026-02-15 16:58:18",18
"2026-02-15 16:59:18",18
"2026-02-15 17:05:18",18
"2026-02-15 17:10:18",18
"2026-02-15 17:11:18",18
"2026-02-15 17:19:18",18
"2026-02-15 17:20:18",18
"2026-02-15 17:22:18",18
"2026-02-15 18:34:18",18
"2026-02-15 18:35:18",18
"2026-02-15 18:36:18",18
"2026-02-15 18:43:18",18
"2026-02-15 18:47:18",18
"2026-02-15 18:48:18",18
"2026-02-15 18:49:18",18
"2026-02-15 18:53:18",18
"2026-02-15 18:59:18",18
"2026-02-15 19:00:18",18
"2026-02-15 19:02:18",18
"2026-02-15 19:03:18",18
"2026-02-15 19:15:18",18
"2026-02-15 19:16:18",18
"2026-02-15 19:17:18",18
"2026-02-15 19:20:18",18
"2026-02-15 19:21:18",18
"2026-02-15 19:25:18",18
"2026-02-15 19:26:18",18
"2026-02-15 19:27:18",18
"2026-02-15 19:28:18",18
"2026-02-15 19:31:18",18
"2026-02-15 19:45:18",18
"2026-02-15 19:46:18",18
"2026-02-15 19:51:18",18
"2026-02-15 19:52:18",18
"2026-02-15 20:04:18",18
"2026-02-15 20:17:18",18
"2026-02-15 21:06:18",18
"2026-02-15 21:07:18",18
"2026-02-15 21:11:18",18
"2026-02-15 21:12:18",18
"2026-02-15 21:16:18",18
"2026-02-15 21:17:18",18
"2026-02-15 21:33:18",18
"2026-02-15 21:34:18",18
"2026-02-15 21:38:18",18
"2026-02-15 21:52:18",18
"2026-02-15 21:54:18",18
"2026-02-15 21:55:18",18
"2026-02-15 21:57:18",18
"2026-02-15 21:58:18",18
"2026-02-15 21:59:18",18
"2026-02-15 22:02:18",18
"2026-02-15 22:04:18",18
"2026-02-15 22:05:18",18
"2026-02-15 22:07:18",18
"2026-02-15 22:08:18",18
"2026-02-15 22:10:18",18
"2026-02-15 22:11:18",18
"2026-02-15 22:14:18",18
"2026-02-15 22:15:18",18
"2026-02-15 22:17:18",18
"2026-02-15 22:18:18",18
"2026-02-15 22:19:18",18
"2026-02-15 22:20:18",18
"2026-02-15 22:21:18",18
"2026-02-15 22:30:18",18
"2026-02-15 22:31:18",18
"2026-02-15 22:32:18",18
"2026-02-15 22:33:18",18
"2026-02-15 22:34:18",18
"2026-02-15 22:38:18",18
"2026-02-15 22:39:18",18
"2026-02-15 22:42:18",18
"2026-02-15 22:44:18",18
"2026-02-15 22:46:18",18
"2026-02-15 22:48:18",18
"2026-02-15 22:49:18",18
"2026-02-15 22:50:18",19
"2026-02-15 22:51:18",19
"2026-02-15 22:52:18",19
"2026-02-15 22:53:18",19
"2026-02-15 22:55:18",19
"2026-02-15 22:56:18",19
"2026-02-15 22:57:18",19
"2026-02-15 22:58:18",19
"2026-02-15 22:59:18",19
"2026-02-15 23:01:18",20
"2026-02-15 23:03:18",20
"2026-02-15 23:05:18",20
"2026-02-15 23:09:18",20
"2026-02-15 23:15:18",20
"2026-02-15 23:16:18",20
"2026-02-15 23:18:18",20
"2026-02-15 23:19:18",20
"2026-02-15 23:22:18",20
"2026-02-15 23:23:18",20
"2026-02-15 23:25:18",20
"2026-02-15 23:27:18",20
"2026-02-15 23:29:18",20
"2026-02-15 23:32:18",20
"2026-02-15 23:33:18",20
"2026-02-15 23:35:18",20
"2026-02-15 23:37:18",20
"2026-02-15 23:40:18",19
"2026-02-15 23:48:18",20
"2026-02-16 00:02:18",19
"2026-02-16 00:08:18",19
"2026-02-16 00:20:18",19
"2026-02-16 00:24:18",20
"2026-02-16 00:25:18",19
"2026-02-16 00:28:18",20
"2026-02-16 00:29:18",19
"2026-02-16 00:33:18",19
"2026-02-16 00:45:18",19
"2026-02-16 00:46:18",19
"2026-02-16 00:47:18",19
"2026-02-16 00:54:18",19
"2026-02-16 01:06:18",19
"2026-02-16 01:21:18",19
"2026-02-16 01:29:18",19
"2026-02-16 01:44:18",19
"2026-02-16 01:45:18",19
"2026-02-16 01:53:18",19
"2026-02-16 02:08:18",19
"2026-02-16 02:09:18",19
"2026-02-16 02:10:18",19
"2026-02-16 02:26:18",19
"2026-02-16 02:27:18",19
"2026-02-16 02:28:18",19
"2026-02-16 02:57:18",18
"2026-02-16 03:07:18",18
"2026-02-16 03:08:18",18
"2026-02-16 03:14:18",18
"2026-02-16 03:16:18",18
"2026-02-16 03:17:18",18
"2026-02-16 03:19:18",18
"2026-02-16 03:21:18",18
"2026-02-16 03:22:18",18
"2026-02-16 03:23:18",18
"2026-02-16 04:02:18",18
"2026-02-16 04:03:18",18
"2026-02-16 04:04:18",18
"2026-02-16 04:05:18",18
"2026-02-16 04:19:18",18
"2026-02-16 05:02:18",18
"2026-02-16 05:03:18",18
"2026-02-16 05:04:18",18
"2026-02-16 05:05:18",18
"2026-02-16 05:10:18",18
"2026-02-16 05:12:18",18
"2026-02-16 05:13:18",18
"2026-02-16 05:16:18",18
"2026-02-16 05:20:18",18
"2026-02-16 05:25:18",18
"2026-02-16 05:29:18",18
"2026-02-16 05:34:18",18
"2026-02-16 05:36:18",18
"2026-02-16 05:37:18",18
"2026-02-16 05:41:18",19
"2026-02-16 05:43:18",19
"2026-02-16 05:50:12",20
"2026-02-16 05:51:12",20
"2026-02-16 05:52:12",19
"2026-02-16 05:53:12",19
"2026-02-16 05:54:12",19
"2026-02-16 05:55:12",19
"2026-02-16 05:56:12",18
"2026-02-16 05:57:12",18
"2026-02-16 05:58:12",18
"2026-02-16 06:00:12",18
"2026-02-16 06:01:12",18
"2026-02-16 06:03:12",18
"2026-02-16 06:07:12",18
"2026-02-16 06:08:12",18
"2026-02-16 06:09:12",18
"2026-02-16 06:48:12",18
"2026-02-16 06:50:12",18
"2026-02-16 06:51:12",18
"2026-02-16 06:52:12",18
"2026-02-16 06:59:12",18
"2026-02-16 07:29:12",18
"2026-02-16 07:31:12",18
"2026-02-16 07:40:12",18
"2026-02-16 07:41:12",18
"2026-02-16 07:43:12",18
"2026-02-16 07:46:12",18
"2026-02-16 07:47:12",18
"2026-02-16 07:48:12",18
"2026-02-16 07:50:12",18
"2026-02-16 07:51:12",18
"2026-02-16 07:52:12",18
"2026-02-16 07:53:12",18
"2026-02-16 07:54:12",18
"2026-02-16 07:55:12",18
"2026-02-16 07:56:12",18
"2026-02-16 07:58:12",18
"2026-02-16 08:02:12",18
"2026-02-16 08:05:12",18
"2026-02-16 08:20:12",18
"2026-02-16 08:24:12",18
"2026-02-16 08:26:12",18
"2026-02-16 08:29:12",18
"2026-02-16 08:32:12",18
"2026-02-16 08:35:12",18
"2026-02-16 08:44:12",18
"2026-02-16 09:22:12",17
"2026-02-16 09:23:12",18
"2026-02-16 09:34:12",17
"2026-02-16 09:35:12",18
"2026-02-16 09:39:12",17
"2026-02-16 09:43:12",18
"2026-02-16 09:44:12",17
"2026-02-16 09:46:12",18
"2026-02-16 09:47:12",17
"2026-02-16 09:48:12",18
"2026-02-16 09:49:12",17
"2026-02-16 10:32:12",18
"2026-02-16 10:48:12",18
"2026-02-16 10:49:12",17
"2026-02-16 10:50:12",18
"2026-02-16 10:51:12",18
"2026-02-16 10:52:12",18
"2026-02-16 10:57:12",18
"2026-02-16 10:59:12",18
"2026-02-16 11:07:12",18
"2026-02-16 11:14:12",17
"2026-02-16 11:15:12",17
"2026-02-16 11:16:12",17
"2026-02-16 11:17:12",17
"2026-02-16 11:18:12",17
"2026-02-16 11:20:12",17
"2026-02-16 11:22:12",18
"2026-02-16 11:55:12",18
"2026-02-16 11:56:12",18
"2026-02-16 12:07:12",18
"2026-02-16 12:15:12",18
"2026-02-16 12:20:12",18
"2026-02-16 12:22:12",18
"2026-02-16 12:34:12",18
"2026-02-16 12:35:12",18
"2026-02-16 12:39:12",18
"2026-02-16 12:42:12",18
"2026-02-16 12:43:12",18
"2026-02-16 12:44:12",18
"2026-02-16 12:51:12",18
"2026-02-16 12:55:12",18
"2026-02-16 12:56:12",18
"2026-02-16 13:02:12",18
"2026-02-16 13:03:12",18
"2026-02-16 13:05:12",18
"2026-02-16 13:07:12",18
"2026-02-16 13:11:12",18
"2026-02-16 13:14:12",18
"2026-02-16 13:35:12",18
"2026-02-16 14:06:12",18
"2026-02-16 14:07:12",18
"2026-02-16 14:21:12",18
"2026-02-16 14:22:12",18
"2026-02-16 14:23:12",18
"2026-02-16 14:25:12",18
"2026-02-16 14:26:12",18
"2026-02-16 14:27:12",18
"2026-02-16 14:33:12",18
"2026-02-16 14:34:12",18
"2026-02-16 14:37:12",18
"2026-02-16 14:38:12",18
"2026-02-16 14:44:12",18
"2026-02-16 14:45:12",18
"2026-02-16 14:47:12",18
"2026-02-16 14:58:12",18
"2026-02-16 14:59:12",18
"2026-02-16 15:02:12",18
"2026-02-16 15:04:12",18
"2026-02-16 15:09:12",18
"2026-02-16 15:11:12",18
"2026-02-16 15:27:12",18
"2026-02-16 15:28:12",18
"2026-02-16 15:33:12",18
"2026-02-16 15:59:12",18
"2026-02-16 16:06:12",18
"2026-02-16 16:07:12",18
"2026-02-16 16:10:12",18
"2026-02-16 16:14:12",18
"2026-02-16 16:17:12",18
"2026-02-16 16:19:12",18
"2026-02-16 16:23:12",18
"2026-02-16 16:25:12",18
"2026-02-16 16:26:12",18
"2026-02-16 16:27:12",18
"2026-02-16 16:28:12",18
"2026-02-16 16:29:12",18
"2026-02-16 16:42:12",18
"2026-02-16 17:05:12",18
"2026-02-16 17:20:12",18
"2026-02-16 17:27:12",18
"2026-02-16 17:43:12",18
"2026-02-16 17:50:12",18
"2026-02-16 17:59:12",18
"2026-02-16 18:03:12",18
"2026-02-16 18:04:12",18
"2026-02-16 18:16:12",18
"2026-02-16 18:44:12",18
"2026-02-16 18:52:12",18
"2026-02-16 18:53:12",18
"2026-02-16 19:18:12",17
"2026-02-16 19:25:12",18
"2026-02-16 19:26:12",17
"2026-02-16 20:07:12",17
"2026-02-16 20:08:12",17
"2026-02-16 20:23:12",18
"2026-02-16 20:26:12",18
"2026-02-16 20:44:12",18
"2026-02-16 20:46:12",18
"2026-02-16 20:52:12",18
"2026-02-16 21:01:12",18
"2026-02-16 21:27:12",18
"2026-02-16 21:39:12",18
"2026-02-16 22:16:12",18
"2026-02-16 22:18:12",18
"2026-02-16 22:21:12",18
"2026-02-16 23:01:12",17
"2026-02-16 23:03:12",18
"2026-02-16 23:14:12",17
"2026-02-16 23:15:12",18
"2026-02-16 23:17:12",17
"2026-02-16 23:46:12",17
"2026-02-16 23:47:12",17
"2026-02-16 23:48:12",17
"2026-02-17 00:04:12",17
"2026-02-17 00:05:12",17
"2026-02-17 00:12:12",17
"2026-02-17 00:14:12",17
"2026-02-17 00:24:12",17
"2026-02-17 00:25:12",17
"2026-02-17 00:46:12",17
"2026-02-17 00:49:12",17
"2026-02-17 00:52:12",17
"2026-02-17 00:53:12",17
"2026-02-17 01:01:12",17
"2026-02-17 01:02:12",17
"2026-02-17 01:03:12",17
"2026-02-17 01:07:12",17
"2026-02-17 01:09:12",17
"2026-02-17 01:12:12",17
"2026-02-17 01:13:12",17
"2026-02-17 01:35:12",17
"2026-02-17 01:36:12",17
"2026-02-17 01:41:12",17
"2026-02-17 01:43:12",17
"2026-02-17 01:47:12",17
"2026-02-17 01:50:12",17
"2026-02-17 01:51:12",17
"2026-02-17 01:52:12",17
"2026-02-17 01:54:12",17
"2026-02-17 01:57:12",17
"2026-02-17 01:58:12",17
"2026-02-17 02:35:12",17
"2026-02-17 02:39:12",17
"2026-02-17 02:40:12",17
"2026-02-17 02:42:12",17
"2026-02-17 02:47:12",17
"2026-02-17 03:23:12",17
"2026-02-17 03:24:12",17
"2026-02-17 03:45:12",17
"2026-02-17 03:54:12",17
"2026-02-17 04:17:12",17
"2026-02-17 04:18:12",17
"2026-02-17 04:19:12",17
"2026-02-17 04:22:12",17
"2026-02-17 04:24:12",17
"2026-02-17 04:37:12",17
"2026-02-17 04:38:12",17
"2026-02-17 04:54:12",17
"2026-02-17 04:55:12",17
"2026-02-17 04:56:12",17
"2026-02-17 04:58:12",17
"2026-02-17 05:00:12",17
"2026-02-17 05:29:12",17
"2026-02-17 05:30:12",17
"2026-02-17 05:33:12",17
"2026-02-17 05:34:12",17
"2026-02-17 05:35:12",17
"2026-02-17 06:11:12",17
"2026-02-17 06:12:12",17
"2026-02-17 06:13:12",17
"2026-02-17 06:14:12",17
"2026-02-17 06:16:12",17
"2026-02-17 06:17:12",17
"2026-02-17 06:24:12",17
"2026-02-17 06:25:12",17
"2026-02-17 06:26:12",17
"2026-02-17 06:28:12",17
"2026-02-17 06:38:12",17
"2026-02-17 06:39:12",17
"2026-02-17 06:42:12",17
"2026-02-17 06:56:12",17
"2026-02-17 06:59:12",17
"2026-02-17 07:02:12",17
"2026-02-17 07:04:12",17
"2026-02-17 07:05:12",17
"2026-02-17 07:07:12",17
"2026-02-17 07:08:12",17
"2026-02-17 07:10:12",17
"2026-02-17 07:13:12",18
"2026-02-17 07:16:12",18
"2026-02-17 07:18:12",18
"2026-02-17 07:19:12",18
"2026-02-17 07:25:12",18
"2026-02-17 07:37:12",18
"2026-02-17 07:44:12",18
"2026-02-17 07:55:12",18
"2026-02-17 07:59:12",18
"2026-02-17 08:04:12",18
"2026-02-17 08:05:12",18
"2026-02-17 08:07:12",18
"2026-02-17 08:12:12",18
"2026-02-17 08:38:12",18
"2026-02-17 08:39:12",18
"2026-02-17 08:40:12",18
"2026-02-17 08:52:12",19
"2026-02-17 08:56:12",18
"2026-02-17 08:57:12",19
"2026-02-17 09:01:12",18
"2026-02-17 09:18:12",18
"2026-02-17 09:19:12",18
"2026-02-17 09:20:12",18
"2026-02-17 09:23:12",18
"2026-02-17 09:26:12",18
"2026-02-17 09:34:12",18
"2026-02-17 09:35:12",18
"2026-02-17 09:36:12",18
"2026-02-17 09:46:12",18
"2026-02-17 09:55:12",18
"2026-02-17 09:56:12",18
"2026-02-17 10:01:12",18
"2026-02-17 10:02:12",18
"2026-02-17 10:12:12",18
"2026-02-17 10:19:12",18
"2026-02-17 10:21:12",18
"2026-02-17 10:22:12",18
"2026-02-17 10:26:12",18
"2026-02-17 10:27:12",18
"2026-02-17 10:29:12",18
"2026-02-17 10:30:12",18
"2026-02-17 10:35:12",18
"2026-02-17 10:43:12",18
"2026-02-17 10:44:12",18
"2026-02-17 10:57:12",18
"2026-02-17 10:58:12",18
"2026-02-17 11:04:12",18
"2026-02-17 11:10:12",18
"2026-02-17 11:18:12",18
"2026-02-17 11:23:12",18
"2026-02-17 11:27:12",18
"2026-02-17 11:42:12",18
"2026-02-17 11:44:12",18
"2026-02-17 11:47:12",18
"2026-02-17 11:57:12",18
"2026-02-17 11:59:12",18
"2026-02-17 12:00:12",18
"2026-02-17 12:03:12",18
"2026-02-17 12:14:12",18
"2026-02-17 12:19:12",18
"2026-02-17 12:28:12",18
"2026-02-17 12:29:12",18
"2026-02-17 12:50:12",18
"2026-02-17 13:12:12",18
"2026-02-17 13:13:12",18
"2026-02-17 13:16:12",18
"2026-02-17 13:29:12",18
"2026-02-17 13:30:12",18
"2026-02-17 13:31:12",18
"2026-02-17 14:09:12",17
"2026-02-17 14:11:12",18
"2026-02-17 14:24:12",17
"2026-02-17 14:25:12",18
"2026-02-17 15:00:12",17
"2026-02-17 15:01:12",18
"2026-02-17 15:09:12",17
"2026-02-17 15:10:12",18
"2026-02-17 15:15:12",17
"2026-02-17 15:17:12",18
"2026-02-17 15:18:12",17
"2026-02-17 15:21:12",18
"2026-02-17 15:33:12",18
"2026-02-17 15:36:12",18
"2026-02-17 15:58:12",18
"2026-02-17 16:00:12",18
"2026-02-17 16:07:12",18
"2026-02-17 16:09:12",18
"2026-02-17 16:15:12",17
"2026-02-17 16:50:12",18
"2026-02-17 17:01:12",17
"2026-02-17 17:08:12",18
"2026-02-17 17:09:12",17
"2026-02-17 17:15:12",18
"2026-02-17 17:26:12",17
"2026-02-17 17:27:12",18
"2026-02-17 17:34:12",18
"2026-02-17 17:38:12",18
"2026-02-17 17:45:12",18
"2026-02-17 17:46:12",18
"2026-02-17 17:48:12",18
"2026-02-17 18:03:12",18
"2026-02-17 18:05:12",18
"2026-02-17 18:06:12",18
"2026-02-17 18:33:12",17
"2026-02-17 18:35:12",18
"2026-02-17 18:41:12",17
"2026-02-17 18:42:12",18
"2026-02-17 18:43:12",17
"2026-02-17 19:44:12",17
"2026-02-17 19:45:12",17
"2026-02-17 19:53:12",17
"2026-02-17 19:54:12",17
"2026-02-17 19:55:12",17
"2026-02-17 19:58:12",17
"2026-02-17 19:59:12",17
"2026-02-17 20:01:12",17
"2026-02-17 20:02:12",17
"2026-02-17 20:06:12",17
"2026-02-17 20:07:12",17
"2026-02-17 20:33:12",17
"2026-02-17 20:35:12",17
"2026-02-17 20:40:12",17
"2026-02-17 20:41:12",17
"2026-02-17 20:42:12",17
"2026-02-17 20:43:12",17
"2026-02-17 20:44:12",17
"2026-02-17 20:46:12",17
"2026-02-17 20:47:12",17
"2026-02-17 20:50:12",17
"2026-02-17 20:52:12",17
"2026-02-17 20:54:12",18
"2026-02-17 20:59:12",18
"2026-02-17 21:01:12",18
"2026-02-17 21:02:12",18
"2026-02-17 21:04:12",18
"2026-02-17 21:08:12",18
"2026-02-17 21:13:12",18
"2026-02-17 21:17:12",18
"2026-02-17 21:21:12",18
"2026-02-17 21:34:12",18
"2026-02-17 21:35:12",18
"2026-02-17 21:36:12",18
"2026-02-17 21:44:12",19
"2026-02-17 21:47:12",18
"2026-02-17 21:52:12",18
"2026-02-17 22:03:12",18
"2026-02-17 22:08:12",18
"2026-02-17 22:09:12",18
"2026-02-17 22:18:12",18
"2026-02-17 22:32:12",18
"2026-02-17 22:38:12",18
"2026-02-17 22:42:12",18
"2026-02-17 22:50:12",18
"2026-02-17 22:58:12",18
"2026-02-17 23:02:12",18
"2026-02-17 23:04:12",18
"2026-02-17 23:05:12",18
"2026-02-17 23:10:12",17
"2026-02-17 23:14:12",17
"2026-02-17 23:15:12",17
"2026-02-17 23:18:12",17
"2026-02-17 23:34:12",17
"2026-02-17 23:35:12",17
"2026-02-17 23:37:12",17
"2026-02-17 23:38:12",17
"2026-02-17 23:40:12",17
"2026-02-17 23:45:12",17
"2026-02-17 23:46:12",17
"2026-02-17 23:52:12",17
"2026-02-17 23:53:12",17
"2026-02-17 23:54:12",17
"2026-02-17 23:55:12",17
"2026-02-17 23:56:12",17
"2026-02-18 00:20:12",17
"2026-02-18 00:22:12",17
"2026-02-18 00:26:12",17
"2026-02-18 00:33:12",17
"2026-02-18 00:34:12",17
"2026-02-18 01:27:12",17
"2026-02-18 01:28:12",17
"2026-02-18 01:30:12",17
"2026-02-18 02:40:12",17
"2026-02-18 02:41:12",17
"2026-02-18 02:43:12",17
"2026-02-18 02:46:12",17
"2026-02-18 02:48:12",17
"2026-02-18 02:49:12",17
"2026-02-18 02:50:12",17
"2026-02-18 04:12:12",17
"2026-02-18 04:13:12",17
"2026-02-18 04:14:12",17
"2026-02-18 04:15:12",17
"2026-02-18 04:22:12",17
"2026-02-18 04:23:12",17
"2026-02-18 04:24:12",17
"2026-02-18 04:25:12",17
"2026-02-18 04:31:12",17
"2026-02-18 04:34:12",17
"2026-02-18 04:37:12",17
"2026-02-18 04:38:12",17
"2026-02-18 04:48:12",17
"2026-02-18 04:49:12",17
"2026-02-18 04:54:12",17
"2026-02-18 04:55:12",17
"2026-02-18 04:56:12",17
"2026-02-18 05:01:12",17
"2026-02-18 05:03:12",17
"2026-02-18 05:09:12",17
"2026-02-18 05:10:12",17
"2026-02-18 05:15:12",17
"2026-02-18 05:20:12",17
"2026-02-18 05:22:12",17
"2026-02-18 05:25:12",17
"2026-02-18 05:27:12",17
"2026-02-18 05:32:12",17
"2026-02-18 05:33:12",17
"2026-02-18 05:41:12",17
"2026-02-18 05:48:12",17
"2026-02-18 05:50:12",17
"2026-02-18 05:58:12",17
"2026-02-18 06:04:12",17
"2026-02-18 06:05:12",17
"2026-02-18 06:06:12",17
"2026-02-18 06:23:12",17
"2026-02-18 06:24:12",17
"2026-02-18 06:27:12",17
"2026-02-18 06:31:12",17
"2026-02-18 06:32:12",17
"2026-02-18 06:44:12",17
"2026-02-18 06:48:12",17
"2026-02-18 06:50:12",17
"2026-02-18 06:53:12",17
"2026-02-18 06:55:12",17
"2026-02-18 06:56:12",17
"2026-02-18 06:58:12",17
"2026-02-18 06:59:12",17
"2026-02-18 07:00:12",17
"2026-02-18 07:06:12",17
"2026-02-18 07:07:12",17
"2026-02-18 07:08:12",17
"2026-02-18 07:10:12",18
"2026-02-18 07:13:12",18
"2026-02-18 07:17:12",18
"2026-02-18 07:37:12",18
"2026-02-18 08:06:12",18
"2026-02-18 08:44:12",18
"2026-02-18 08:49:12",18
"2026-02-18 08:51:12",18
"2026-02-18 08:56:12",18
"2026-02-18 09:12:12",18
"2026-02-18 09:13:12",18
"2026-02-18 09:26:12",18
"2026-02-18 09:37:12",18
"2026-02-18 09:45:12",18
"2026-02-18 09:53:12",18
"2026-02-18 10:02:12",18
"2026-02-18 10:23:12",18
"2026-02-18 10:36:12",18
"2026-02-18 10:38:12",18
"2026-02-18 10:39:12",18
"2026-02-18 10:40:12",18
"2026-02-18 10:47:12",18
"2026-02-18 10:57:12",18
"2026-02-18 10:58:12",18
"2026-02-18 11:09:12",18
"2026-02-18 11:14:12",18
"2026-02-18 11:19:12",18
"2026-02-18 11:27:12",18
"2026-02-18 11:42:12",19
"2026-02-18 11:44:12",18
"2026-02-18 11:45:12",19
"2026-02-18 11:53:12",18
"2026-02-18 11:58:12",19
"2026-02-18 12:27:12",18
"2026-02-18 12:28:12",18
"2026-02-18 12:30:12",18
"2026-02-18 12:31:12",18
"2026-02-18 12:32:12",18
"2026-02-18 12:33:12",18
"2026-02-18 12:35:12",18
"2026-02-18 12:41:12",19
"2026-02-18 12:42:12",18
"2026-02-18 12:43:12",19
"2026-02-18 12:44:12",18
"2026-02-18 12:48:12",19
"2026-02-18 12:57:12",18
"2026-02-18 12:58:12",18
"2026-02-18 13:02:12",18
"2026-02-18 13:04:12",19
"2026-02-18 13:07:12",19
"2026-02-18 13:17:12",19
"2026-02-18 14:03:12",19
"2026-02-18 14:04:12",19
"2026-02-18 14:26:12",19
"2026-02-18 14:27:12",19
"2026-02-18 14:28:12",19
"2026-02-18 14:32:12",19
"2026-02-18 14:35:12",19
"2026-02-18 14:40:12",19
"2026-02-18 14:43:12",19
"2026-02-18 14:45:12",19
"2026-02-18 14:46:12",19
"2026-02-18 15:11:12",19
"2026-02-18 15:26:12",18
"2026-02-18 15:27:12",19
"2026-02-18 15:30:12",18
"2026-02-18 15:31:12",19
"2026-02-18 15:33:12",18
"2026-02-18 16:04:12",18
"2026-02-18 16:06:12",18
"2026-02-18 16:07:12",18
"2026-02-18 16:09:12",18
"2026-02-18 16:10:12",18
"2026-02-18 16:20:12",18
"2026-02-18 16:21:12",18
"2026-02-18 16:26:12",18
"2026-02-18 16:28:12",18
"2026-02-18 17:02:12",18
"2026-02-18 17:04:12",18
"2026-02-18 17:11:12",18
"2026-02-18 17:12:12",18
"2026-02-18 17:14:12",18
"2026-02-18 17:15:12",18
"2026-02-18 17:16:12",18
"2026-02-18 17:18:12",18
"2026-02-18 17:19:12",18
"2026-02-18 17:32:12",18
"2026-02-18 17:36:12",18
"2026-02-18 17:37:12",18
"2026-02-18 17:38:12",18
"2026-02-18 17:47:12",18
"2026-02-18 17:48:12",18
"2026-02-18 17:49:12",18
"2026-02-18 17:53:12",18
"2026-02-18 17:57:12",18
"2026-02-18 18:02:12",18
"2026-02-18 18:06:12",19
"2026-02-18 18:09:12",19
"2026-02-18 18:18:12",19
"2026-02-18 18:20:12",19
"2026-02-18 18:42:12",19
"2026-02-18 18:45:12",19
"2026-02-18 18:51:12",19
"2026-02-18 18:53:12",19
"2026-02-18 18:54:12",19
"2026-02-18 19:10:12",19
"2026-02-18 19:29:12",19
"2026-02-18 19:30:12",19
"2026-02-18 19:55:12",19
"2026-02-18 19:59:12",19
"2026-02-18 20:02:12",19
"2026-02-18 20:03:12",19
"2026-02-18 20:04:12",19
"2026-02-18 20:10:12",19
"2026-02-18 20:17:12",20
"2026-02-18 20:28:12",20
"2026-02-18 20:29:12",20
"2026-02-18 20:30:12",20
"2026-02-18 20:31:12",20
"2026-02-18 20:32:12",20
"2026-02-18 20:36:12",20
"2026-02-18 20:37:12",20
"2026-02-18 20:58:12",20
"2026-02-18 20:59:12",20
"2026-02-18 21:01:12",20
"2026-02-18 21:06:12",19
"2026-02-18 21:12:12",19
"2026-02-18 21:19:12",19
"2026-02-18 21:25:12",19
"2026-02-18 21:34:12",19
"2026-02-18 21:44:12",19
"2026-02-18 21:55:12",19
"2026-02-18 22:08:12",19
"2026-02-18 22:16:12",19
"2026-02-18 22:29:12",19
"2026-02-18 22:30:12",19
"2026-02-18 22:31:12",19
"2026-02-18 22:47:12",18
"2026-02-18 23:05:12",18
"2026-02-18 23:30:12",18
"2026-02-18 23:31:12",18
"2026-02-18 23:32:12",18
"2026-02-18 23:56:12",18
"2026-02-18 23:57:12",18
"2026-02-18 23:58:12",18
"2026-02-19 00:23:12",18
"2026-02-19 00:26:12",18
"2026-02-19 00:28:12",18
"2026-02-19 00:29:12",18
"2026-02-19 00:30:12",18
"2026-02-19 01:08:12",18
"2026-02-19 01:09:12",18
"2026-02-19 01:12:12",18
"2026-02-19 01:13:12",18
"2026-02-19 01:14:12",18
"2026-02-19 01:15:12",18
"2026-02-19 01:16:12",18
"2026-02-19 01:18:12",18
"2026-02-19 01:19:12",18
"2026-02-19 01:22:12",18
"2026-02-19 01:23:12",18
"2026-02-19 02:01:12",18
"2026-02-19 02:02:12",18
"2026-02-19 02:03:12",18
"2026-02-19 02:10:12",18
"2026-02-19 02:11:12",18
"2026-02-19 04:35:12",18
"2026-02-19 04:36:12",18
"2026-02-19 04:38:12",18
"2026-02-19 04:40:12",18
"2026-02-19 04:41:12",18
"2026-02-19 04:42:12",18
"2026-02-19 04:51:12",18
"2026-02-19 04:54:12",18
"2026-02-19 05:00:12",18
"2026-02-19 05:03:12",18
"2026-02-19 05:06:12",18
"2026-02-19 05:08:12",18
"2026-02-19 05:10:12",18
"2026-02-19 05:13:12",18
"2026-02-19 05:15:12",18
"2026-02-19 05:22:12",18
"2026-02-19 05:25:12",18
"2026-02-19 05:28:12",18
"2026-02-19 05:29:12",18
"2026-02-19 05:33:12",18
"2026-02-19 05:45:12",18
"2026-02-19 05:46:12",18
"2026-02-19 05:48:12",18
"2026-02-19 05:49:12",18
"2026-02-19 05:50:12",18
"2026-02-19 05:53:12",18
"2026-02-19 05:54:12",18
"2026-02-19 06:00:12",18
"2026-02-19 06:01:12",18
"2026-02-19 06:02:12",18
"2026-02-19 06:03:12",18
"2026-02-19 06:04:12",18
"2026-02-19 06:05:12",18
"2026-02-19 06:10:12",18
"2026-02-19 06:11:12",18
"2026-02-19 06:12:12",18
"2026-02-19 06:13:12",18
"2026-02-19 06:20:12",18
"2026-02-19 06:22:12",18
"2026-02-19 06:24:12",18
"2026-02-19 06:25:12",18
"2026-02-19 06:33:12",18
"2026-02-19 06:34:12",18
"2026-02-19 06:43:12",18
"2026-02-19 06:56:12",18
"2026-02-19 07:01:12",18
"2026-02-19 07:17:12",18
"2026-02-19 07:19:12",18
"2026-02-19 07:25:12",18
"2026-02-19 07:27:12",18
"2026-02-19 07:31:12",18
"2026-02-19 07:37:12",18
"2026-02-19 07:38:12",18
"2026-02-19 07:39:12",18
"2026-02-19 07:45:12",18
"2026-02-19 07:54:12",17
"2026-02-19 08:11:12",17
"2026-02-19 08:12:12",17
"2026-02-19 08:16:12",17
"2026-02-19 08:21:12",17
"2026-02-19 08:25:12",17
"2026-02-19 08:40:12",17
"2026-02-19 08:44:12",18
"2026-02-19 08:48:12",18
"2026-02-19 08:51:12",18
"2026-02-19 08:53:12",18
"2026-02-19 08:54:12",18
"2026-02-19 09:00:12",18
"2026-02-19 09:01:12",18
"2026-02-19 09:07:12",18
"2026-02-19 09:11:12",18
"2026-02-19 09:35:12",18
"2026-02-19 09:40:12",18
"2026-02-19 10:16:12",17
"2026-02-19 10:17:12",18
"2026-02-19 10:22:12",17
"2026-02-19 10:23:12",18
"2026-02-19 10:24:12",17
"2026-02-19 10:25:12",18
"2026-02-19 10:32:12",18
"2026-02-19 10:40:12",18
"2026-02-19 10:44:12",18
"2026-02-19 10:57:12",18
"2026-02-19 11:04:12",18
"2026-02-19 11:23:12",17
"2026-02-19 11:24:12",17
"2026-02-19 11:25:12",17
"2026-02-19 11:26:12",16
"2026-02-19 11:28:12",16
"2026-02-19 11:29:12",16
"2026-02-19 11:30:12",16
"2026-02-19 11:31:12",16
"2026-02-19 11:32:12",16
"2026-02-19 11:33:12",16
"2026-02-19 11:34:12",16
"2026-02-19 11:35:12",16
"2026-02-19 11:36:12",16
"2026-02-19 11:37:12",15
"2026-02-19 11:38:12",15
"2026-02-19 11:40:12",15
"2026-02-19 11:42:12",15
"2026-02-19 11:44:12",15
"2026-02-19 11:45:12",15
"2026-02-19 11:46:12",15
"2026-02-19 11:48:12",15
"2026-02-19 11:49:12",15
"2026-02-19 11:50:12",15
"2026-02-19 11:54:12",15
"2026-02-19 11:56:12",15
"2026-02-19 11:57:12",15
"2026-02-19 11:58:12",15
"2026-02-19 11:59:12",15
"2026-02-19 12:00:12",14
"2026-02-19 12:02:12",14
"2026-02-19 12:04:12",14
"2026-02-19 12:05:12",14
"2026-02-19 12:06:12",14
"2026-02-19 12:08:12",14
"2026-02-19 12:11:12",14
"2026-02-19 12:17:12",14
"2026-02-19 12:19:12",14
"2026-02-19 12:20:12",14
"2026-02-19 12:21:12",14
"2026-02-19 12:23:12",14
"2026-02-19 12:24:12",14
"2026-02-19 12:26:12",14
"2026-02-19 12:31:12",14
"2026-02-19 12:35:12",14
"2026-02-19 12:37:12",14
"2026-02-19 12:40:12",14
"2026-02-19 12:45:12",13
"2026-02-19 12:47:12",13
"2026-02-19 12:48:12",13
"2026-02-19 12:49:12",13
"2026-02-19 12:54:12",13
"2026-02-19 12:56:12",13
"2026-02-19 12:57:12",13
"2026-02-19 12:58:12",13
"2026-02-19 12:59:12",14
"2026-02-19 13:00:12",14
"2026-02-19 13:01:12",14
"2026-02-19 13:02:12",14
"2026-02-19 13:03:12",14
"2026-02-19 13:04:12",14
"2026-02-19 13:06:12",14
"2026-02-19 13:07:12",14
"2026-02-19 13:08:12",15
"2026-02-19 13:10:12",15
"2026-02-19 13:12:12",15
"2026-02-19 13:14:12",15
"2026-02-19 13:16:12",15
"2026-02-19 13:19:12",15
"2026-02-19 13:21:12",15
"2026-02-19 13:25:12",15
"2026-02-19 13:28:12",15
"2026-02-19 13:32:12",15
"2026-02-19 13:36:12",16
"2026-02-19 13:41:12",16
"2026-02-19 13:48:12",16
"2026-02-19 13:52:12",16
"2026-02-19 13:58:12",16
"2026-02-19 14:04:12",16
"2026-02-19 14:13:12",16
"2026-02-19 14:21:12",16
"2026-02-19 14:27:12",16
"2026-02-19 14:37:12",16
"2026-02-19 14:51:12",17
"2026-02-19 15:07:12",17
"2026-02-19 15:23:12",17
"2026-02-19 15:37:12",17
"2026-02-19 16:00:12",17
"2026-02-19 16:01:12",17
"2026-02-19 16:02:12",17
"2026-02-19 16:22:12",17
"2026-02-19 16:23:12",17
"2026-02-19 16:25:12",17
"2026-02-19 16:27:12",17
"2026-02-19 16:28:12",17
"2026-02-19 16:52:12",17
"2026-02-19 16:53:12",17
"2026-02-19 16:54:12",17
"2026-02-19 16:55:12",17
"2026-02-19 16:57:12",17
"2026-02-19 16:59:12",17
"2026-02-19 17:01:12",17
"2026-02-19 17:03:12",17
"2026-02-19 17:04:12",17
"2026-02-19 17:22:12",17
"2026-02-19 17:23:12",17
"2026-02-19 17:31:12",17
"2026-02-19 17:32:12",17
"2026-02-19 17:33:12",17
"2026-02-19 17:49:12",17
"2026-02-19 17:53:12",17
"2026-02-19 17:54:12",17
"2026-02-19 18:01:12",17
"2026-02-19 18:05:12",18
"2026-02-19 18:09:12",18
"2026-02-19 18:12:12",18
"2026-02-19 18:14:12",18
"2026-02-19 18:17:12",18
"2026-02-19 18:19:12",18
"2026-02-19 18:22:12",18
"2026-02-19 18:28:12",18
"2026-02-19 18:30:12",18
"2026-02-19 18:37:12",18
"2026-02-19 18:44:12",19
"2026-02-19 18:53:12",19
"2026-02-19 19:01:12",19
"2026-02-19 19:02:12",19
"2026-02-19 19:04:12",19
"2026-02-19 19:12:12",19
"2026-02-19 19:23:12",19
"2026-02-19 19:24:12",19
"2026-02-19 19:28:12",19
"2026-02-19 19:29:12",19
"2026-02-19 19:32:12",19
"2026-02-19 19:35:12",19
"2026-02-19 19:41:12",19
"2026-02-19 19:47:12",19
"2026-02-19 19:48:12",19
"2026-02-19 19:49:12",19
"2026-02-19 19:57:12",19
"2026-02-19 20:02:12",19
"2026-02-19 20:09:12",19
"2026-02-19 20:17:12",19
"2026-02-19 20:24:12",19
"2026-02-19 20:33:12",18
"2026-02-19 20:42:12",19
"2026-02-19 20:45:12",19
"2026-02-19 20:48:12",19
"2026-02-19 20:53:12",19
"2026-02-19 20:58:12",19
"2026-02-19 21:04:12",19
"2026-02-19 21:11:12",19
"2026-02-19 21:17:12",19
"2026-02-19 21:28:12",19
"2026-02-19 21:53:12",19
"2026-02-19 21:57:12",19
"2026-02-19 22:03:12",19
"2026-02-19 22:04:12",19
"2026-02-19 22:05:12",19
"2026-02-19 22:10:12",19
"2026-02-19 22:11:12",19
"2026-02-19 22:12:12",19
"2026-02-19 22:18:12",19
"2026-02-19 22:19:12",19
"2026-02-19 22:20:12",19
"2026-02-19 22:37:12",19
"2026-02-19 22:47:12",19
"2026-02-19 23:01:12",19
"2026-02-19 23:17:12",18
"2026-02-19 23:37:12",18
"2026-02-19 23:58:12",18
"2026-02-20 00:10:12",18
"2026-02-20 00:11:12",18
"2026-02-20 00:16:12",18
"2026-02-20 00:52:12",18
"2026-02-20 01:11:12",18
"2026-02-20 01:13:12",18
"2026-02-20 01:17:12",18
"2026-02-20 01:18:12",18
"2026-02-20 01:24:12",18
"2026-02-20 01:54:12",18
"2026-02-20 01:55:12",18
"2026-02-20 02:07:12",18
"2026-02-20 02:08:12",18
"2026-02-20 02:09:12",18
"2026-02-20 02:15:12",18
"2026-02-20 02:18:12",18
"2026-02-20 02:20:12",18
"2026-02-20 02:21:12",18
"2026-02-20 02:25:12",18
"2026-02-20 02:26:12",18
"2026-02-20 03:11:12",18
"2026-02-20 03:14:12",18
"2026-02-20 03:16:12",18
"2026-02-20 03:19:12",18
"2026-02-20 03:20:12",18
"2026-02-20 03:25:12",18
"2026-02-20 03:26:12",18
"2026-02-20 03:30:12",18
"2026-02-20 03:38:12",18
"2026-02-20 03:41:12",18
"2026-02-20 03:43:12",18
"2026-02-20 04:57:12",18
"2026-02-20 05:00:12",18
"2026-02-20 05:06:12",18
"2026-02-20 05:07:12",18
"2026-02-20 05:08:12",18
"2026-02-20 05:09:12",18
"2026-02-20 05:10:12",18
"2026-02-20 05:12:12",18
"2026-02-20 05:13:12",18
"2026-02-20 05:28:12",18
"2026-02-20 05:29:12",18
"2026-02-20 05:31:12",18
"2026-02-20 05:32:12",18
"2026-02-20 05:41:12",18
"2026-02-20 05:42:12",18
"2026-02-20 05:46:12",18
"2026-02-20 05:47:12",18
"2026-02-20 05:48:12",18
"2026-02-20 05:49:12",18
"2026-02-20 05:50:12",18
"2026-02-20 05:51:12",18
"2026-02-20 08:04:12",18
"2026-02-20 08:07:12",18
"2026-02-20 08:08:12",18
"2026-02-20 08:11:12",18
"2026-02-20 08:20:12",18
"2026-02-20 08:21:12",18
"2026-02-20 08:24:12",18
"2026-02-20 08:26:12",18
"2026-02-20 08:35:12",18
"2026-02-20 08:36:12",18
"2026-02-20 08:37:12",18
"2026-02-20 08:40:12",18
"2026-02-20 08:42:12",18
"2026-02-20 08:44:12",18
"2026-02-20 08:51:12",18
"2026-02-20 08:52:12",18
"2026-02-20 09:07:12",18
"2026-02-20 09:26:12",18
"2026-02-20 09:28:12",18
"2026-02-20 09:33:12",18
"2026-02-20 09:34:12",18
"2026-02-20 10:01:12",18
"2026-02-20 10:02:12",18
"2026-02-20 10:11:12",18
"2026-02-20 10:47:12",18
"2026-02-20 10:50:12",18
"2026-02-20 10:51:12",18
"2026-02-20 10:55:12",18
"2026-02-20 10:57:12",18
"2026-02-20 11:28:12",18
"2026-02-20 11:29:12",18
"2026-02-20 11:38:12",18
"2026-02-20 11:40:12",18
"2026-02-20 11:41:12",18
"2026-02-20 11:42:12",18
"2026-02-20 11:44:12",18
"2026-02-20 12:10:12",18
"2026-02-20 12:11:12",18
"2026-02-20 12:12:12",18
"2026-02-20 12:13:12",18
"2026-02-20 12:14:12",18
"2026-02-20 12:26:12",18
"2026-02-20 12:27:12",18
"2026-02-20 12:31:12",18
"2026-02-20 12:32:12",18
"2026-02-20 12:59:12",18
"2026-02-20 13:02:12",18
"2026-02-20 13:06:12",18
"2026-02-20 13:12:12",19
"2026-02-20 13:16:12",19
"2026-02-20 13:19:12",19
"2026-02-20 13:24:12",19
"2026-02-20 13:34:12",19
"2026-02-20 13:37:12",19
"2026-02-20 14:00:12",19
"2026-02-20 14:03:12",19
"2026-02-20 14:04:12",19
"2026-02-20 14:17:12",19
"2026-02-20 14:50:12",19
"2026-02-20 14:52:12",19
"2026-02-20 14:54:12",19
"2026-02-20 14:55:12",19
"2026-02-20 15:05:12",19
"2026-02-20 15:06:12",19
"2026-02-20 15:07:12",19
"2026-02-20 15:08:12",19
"2026-02-20 15:09:12",19
"2026-02-20 15:12:12",19
"2026-02-20 15:13:12",19
"2026-02-20 15:16:12",19
"2026-02-20 15:17:12",19
"2026-02-20 15:18:12",19
"2026-02-20 15:19:12",19
"2026-02-20 15:25:12",19
"2026-02-20 15:26:12",19
"2026-02-20 16:04:12",19
"2026-02-20 16:05:12",19
"2026-02-20 16:07:12",19
"2026-02-20 16:08:12",19
"2026-02-20 16:11:12",19
"2026-02-20 16:15:12",19
"2026-02-20 16:17:12",19
"2026-02-20 16:18:12",19
"2026-02-20 16:21:12",19
"2026-02-20 16:23:12",19
"2026-02-20 16:25:12",19
"2026-02-20 16:26:12",19
"2026-02-20 16:29:12",19
"2026-02-20 16:31:12",19
"2026-02-20 16:33:12",19
"2026-02-20 16:35:12",19
"2026-02-20 16:36:12",19
"2026-02-20 16:42:12",19
"2026-02-20 16:44:12",19
"2026-02-20 16:48:12",19
"2026-02-20 16:54:12",19
"2026-02-20 16:55:12",19
"2026-02-20 16:57:12",19
"2026-02-20 16:59:12",19
"2026-02-20 17:00:12",19
"2026-02-20 17:08:12",19
"2026-02-20 17:11:12",19
"2026-02-20 17:15:12",19
"2026-02-20 17:17:12",19
"2026-02-20 17:19:12",19
"2026-02-20 17:21:12",19
"2026-02-20 17:22:12",19
"2026-02-20 17:24:12",19
"2026-02-20 17:26:12",20
"2026-02-20 17:28:12",20
"2026-02-20 17:30:12",20
"2026-02-20 17:32:12",20
"2026-02-20 17:33:12",20
"2026-02-20 17:35:12",20
"2026-02-20 17:38:12",20
"2026-02-20 17:41:12",20
"2026-02-20 17:43:12",20
"2026-02-20 17:44:12",20
"2026-02-20 17:50:12",20
"2026-02-20 17:51:12",20
"2026-02-20 17:54:12",20
"2026-02-20 17:56:12",20
"2026-02-20 17:59:12",20
"2026-02-20 18:01:12",20
"2026-02-20 18:03:12",20
"2026-02-20 18:06:12",20
"2026-02-20 18:08:12",20
"2026-02-20 20:01:12",20
"2026-02-20 20:02:12",20
"2026-02-20 20:04:12",20
"2026-02-20 20:06:12",20
"2026-02-20 20:11:12",20
"2026-02-20 20:13:12",20
"2026-02-20 20:14:12",20
"2026-02-20 20:15:12",20
"2026-02-20 20:19:12",20
"2026-02-20 20:23:12",21
"2026-02-20 20:28:12",21
"2026-02-20 20:32:12",21
"2026-02-20 20:36:12",21
"2026-02-20 20:43:12",21
"2026-02-20 20:48:12",21
"2026-02-20 20:55:12",21
"2026-02-20 21:00:12",21
"2026-02-20 21:07:12",21
"2026-02-20 21:08:12",21
"2026-02-20 21:09:12",21
"2026-02-20 21:18:12",21
"2026-02-20 21:26:12",22
"2026-02-20 21:33:12",22
"2026-02-20 21:34:12",22
"2026-02-20 21:36:12",22
"2026-02-20 21:42:12",22
"2026-02-20 21:48:12",22
"2026-02-20 21:49:12",22
"2026-02-20 21:51:12",22
"2026-02-20 21:52:12",22
"2026-02-20 21:54:12",22
"2026-02-20 21:55:12",22
"2026-02-20 22:08:12",22
"2026-02-20 22:13:12",22
"2026-02-20 22:17:12",21
"2026-02-20 22:20:12",21
"2026-02-20 22:24:12",21
"2026-02-20 22:27:12",21
"2026-02-20 22:33:12",21
"2026-02-20 22:37:12",21
"2026-02-20 22:42:12",21
"2026-02-20 22:52:12",21
"2026-02-20 22:59:12",21
"2026-02-20 23:11:12",21
"2026-02-20 23:22:12",20
"2026-02-20 23:33:12",20
"2026-02-20 23:50:12",20
"2026-02-20 23:58:12",20
"2026-02-21 00:11:12",20
"2026-02-21 00:12:12",20
"2026-02-21 00:15:12",20
"2026-02-21 00:17:12",20
"2026-02-21 00:18:12",20
"2026-02-21 00:32:12",20
"2026-02-21 00:34:12",20
"2026-02-21 00:35:12",20
"2026-02-21 00:49:12",20
"2026-02-21 00:50:12",20
"2026-02-21 00:51:12",20
"2026-02-21 01:11:12",20
"2026-02-21 01:17:12",20
"2026-02-21 01:18:12",20
"2026-02-21 01:36:12",20
"2026-02-21 01:38:12",20
"2026-02-21 01:42:12",20
"2026-02-21 02:06:12",20
"2026-02-21 02:35:12",19
"2026-02-21 02:37:12",20
"2026-02-21 02:38:12",19
"2026-02-21 03:10:12",19
"2026-02-21 03:11:12",19
"2026-02-21 03:15:12",19
"2026-02-21 03:53:36",19
"2026-02-21 03:54:36",19
"2026-02-21 03:55:36",19
"2026-02-21 03:56:36",19
"2026-02-21 03:59:36",19
"2026-02-21 04:00:36",19
"2026-02-21 04:01:36",19
"2026-02-21 04:14:36",19
"2026-02-21 04:15:36",19
"2026-02-21 04:41:36",19
"2026-02-21 04:42:36",19
"2026-02-21 04:46:36",19
"2026-02-21 04:50:36",19
"2026-02-21 04:51:36",19
"2026-02-21 04:52:36",19
"2026-02-21 04:55:36",19
"2026-02-21 05:35:36",19
"2026-02-21 05:36:36",19
"2026-02-21 05:37:36",19
"2026-02-21 05:56:36",19
"2026-02-21 05:57:36",19
"2026-02-21 05:59:36",19
"2026-02-21 06:48:36",19
"2026-02-21 06:49:36",19
"2026-02-21 06:51:36",19
"2026-02-21 06:52:36",19
"2026-02-21 06:53:36",19
"2026-02-21 06:54:36",19
"2026-02-21 06:55:36",19
"2026-02-21 06:57:36",19
"2026-02-21 06:58:36",19
"2026-02-21 06:59:36",19
"2026-02-21 07:00:36",19
"2026-02-21 07:02:36",19
"2026-02-21 07:05:36",19
"2026-02-21 07:07:36",19
"2026-02-21 07:08:36",19
"2026-02-21 07:09:36",19
"2026-02-21 07:10:36",19
"2026-02-21 07:14:36",19
"2026-02-21 07:16:36",19
"2026-02-21 07:17:36",19
"2026-02-21 07:18:36",19
"2026-02-21 07:19:36",19
"2026-02-21 07:22:36",19
"2026-02-21 07:23:36",19
"2026-02-21 07:25:36",19
"2026-02-21 07:26:36",19
"2026-02-21 07:27:36",19
"2026-02-21 07:30:36",19
"2026-02-21 07:32:36",19
"2026-02-21 07:33:36",19
"2026-02-21 07:34:36",19
"2026-02-21 08:39:36",19
"2026-02-21 08:46:36",19
"2026-02-21 08:47:36",19
"2026-02-21 08:49:36",19
"2026-02-21 08:57:36",19
"2026-02-21 08:59:36",19
"2026-02-21 09:04:36",19
"2026-02-21 09:05:36",19
"2026-02-21 09:10:36",19
"2026-02-21 09:12:36",19
"2026-02-21 09:15:36",19
"2026-02-21 09:18:36",19
"2026-02-21 09:22:36",19
"2026-02-21 09:27:36",19
"2026-02-21 09:36:36",20
"2026-02-21 09:45:36",20
"2026-02-21 09:48:36",20
"2026-02-21 09:49:36",20
"2026-02-21 10:00:36",20
"2026-02-21 10:07:36",20
"2026-02-21 10:40:36",20
"2026-02-21 10:42:36",20
"2026-02-21 10:43:36",20
"2026-02-21 10:44:36",20
"2026-02-21 10:51:36",20
"2026-02-21 11:24:36",20
"2026-02-21 11:30:36",20
"2026-02-21 11:37:36",20
"2026-02-21 11:42:36",20
"2026-02-21 11:45:36",20
"2026-02-21 11:53:36",20
"2026-02-21 12:20:36",20
"2026-02-21 12:22:36",20
"2026-02-21 12:44:36",20
"2026-02-21 12:46:36",20
"2026-02-21 12:47:36",20
"2026-02-21 12:56:36",20
"2026-02-21 13:06:36",20
"2026-02-21 13:23:36",20
"2026-02-21 13:45:36",19
"2026-02-21 13:46:36",20
"2026-02-21 14:01:36",19
"2026-02-21 14:49:36",19
"2026-02-21 15:19:36",19
"2026-02-21 15:26:36",19
"2026-02-21 15:27:36",19
"2026-02-21 15:28:36",19
"2026-02-21 15:29:36",19
"2026-02-21 15:44:36",19
"2026-02-21 15:45:36",19
"2026-02-21 15:48:36",19
"2026-02-21 16:09:36",19
"2026-02-21 16:39:36",19
"2026-02-21 16:40:36",19
"2026-02-21 16:41:36",19
"2026-02-21 17:16:36",19
"2026-02-21 17:17:36",19
"2026-02-21 17:18:36",19
"2026-02-21 17:43:36",19
"2026-02-21 17:44:36",19
"2026-02-21 17:46:36",19
"2026-02-21 17:47:36",19
"2026-02-21 17:48:36",19
"2026-02-21 17:49:36",19
"2026-02-21 17:50:36",19
"2026-02-21 18:32:36",19
"2026-02-21 18:34:36",19
"2026-02-21 18:37:36",19
"2026-02-21 18:38:36",19
"2026-02-21 18:41:36",19
"2026-02-21 18:43:36",19
"2026-02-21 18:49:36",19
"2026-02-21 18:54:36",20
"2026-02-21 18:59:36",20
"2026-02-21 19:06:36",20
"2026-02-21 19:12:36",20
"2026-02-21 19:21:36",20
"2026-02-21 19:34:36",20
"2026-02-21 19:52:36",20
"2026-02-21 19:59:36",20
"2026-02-21 20:00:36",20
"2026-02-21 20:13:36",20
"2026-02-21 20:14:36",20
"2026-02-21 20:15:36",20
"2026-02-21 20:49:36",20
"2026-02-21 20:50:36",20
"2026-02-21 21:00:36",20
"2026-02-21 21:08:36",20
"2026-02-21 21:16:36",20
"2026-02-21 21:25:36",20
"2026-02-21 21:40:36",20
"2026-02-21 21:51:36",20
"2026-02-21 21:52:36",20
"2026-02-21 21:53:36",20
"2026-02-21 21:54:36",20
"2026-02-21 21:55:36",20
"2026-02-21 21:56:36",20
"2026-02-21 21:57:36",20
"2026-02-21 22:15:36",20
"2026-02-21 22:17:36",20
"2026-02-21 22:18:36",20
"2026-02-21 22:39:36",19
"2026-02-21 22:44:36",20
"2026-02-21 22:46:36",19
"2026-02-21 23:05:36",19
"2026-02-21 23:06:36",19
"2026-02-21 23:11:36",19
"2026-02-21 23:13:36",19
"2026-02-21 23:15:36",19
"2026-02-21 23:16:36",19
"2026-02-21 23:17:36",19
"2026-02-22 00:26:36",19
"2026-02-22 00:27:36",19
"2026-02-22 00:31:36",19
"2026-02-22 00:32:36",19
"2026-02-22 00:33:36",19
"2026-02-22 00:34:36",19
"2026-02-22 00:37:36",19
"2026-02-22 00:38:36",19
"2026-02-22 00:39:36",19
"2026-02-22 00:40:36",19
"2026-02-22 00:42:36",19
"2026-02-22 00:43:36",19
"2026-02-22 00:44:36",19
"2026-02-22 00:50:36",19
"2026-02-22 00:52:36",19
"2026-02-22 01:44:36",19
"2026-02-22 01:45:36",19
"2026-02-22 01:46:36",19
"2026-02-22 01:47:36",19
"2026-02-22 01:48:36",19
"2026-02-22 01:52:36",19
"2026-02-22 01:53:36",19
"2026-02-22 01:54:36",19
"2026-02-22 01:55:36",19
"2026-02-22 02:02:36",19
"2026-02-22 02:03:36",19
"2026-02-22 03:57:36",19
"2026-02-22 03:58:36",19
"2026-02-22 04:22:36",19
"2026-02-22 04:24:36",19
"2026-02-22 04:26:36",19
"2026-02-22 04:27:36",19
"2026-02-22 04:28:36",19
"2026-02-22 04:30:36",19
"2026-02-22 04:33:36",19
"2026-02-22 04:37:36",19
"2026-02-22 04:39:36",19
"2026-02-22 04:40:36",19
"2026-02-22 04:41:36",19
"2026-02-22 04:45:36",19
"2026-02-22 04:46:36",19
"2026-02-22 04:48:36",19
"2026-02-22 04:50:36",19
"2026-02-22 04:55:36",19
"2026-02-22 04:56:36",19
"2026-02-22 05:02:36",19
"2026-02-22 05:03:36",19
"2026-02-22 05:05:36",19
"2026-02-22 05:06:36",19
"2026-02-22 05:11:36",19
"2026-02-22 05:13:36",19
"2026-02-22 05:14:36",19
"2026-02-22 05:16:36",19
"2026-02-22 05:19:36",19
"2026-02-22 05:20:36",19
"2026-02-22 05:23:36",19
"2026-02-22 05:24:36",19
"2026-02-22 05:47:36",19
"2026-02-22 05:48:36",19
"2026-02-22 06:48:36",19
"2026-02-22 06:49:36",19
"2026-02-22 09:06:36",19
"2026-02-22 09:07:36",19
"2026-02-22 09:09:36",19
"2026-02-22 09:39:36",19
"2026-02-22 09:41:36",19
"2026-02-22 09:44:36",19
"2026-02-22 09:56:36",19
"2026-02-22 09:59:36",19
"2026-02-22 10:04:36",19
"2026-02-22 10:05:36",19
"2026-02-22 10:11:36",19
"2026-02-22 10:13:36",19
"2026-02-22 10:18:36",19
"2026-02-22 10:21:36",19
"2026-02-22 10:22:36",19
"2026-02-22 10:23:36",19
"2026-02-22 10:25:36",19
"2026-02-22 10:27:36",19
"2026-02-22 10:29:36",19
"2026-02-22 10:30:36",19
"2026-02-22 10:36:36",20
"2026-02-22 10:38:36",20
"2026-02-22 10:42:36",20
"2026-02-22 10:45:36",20
"2026-02-22 10:51:36",20
"2026-02-22 10:54:36",20
"2026-02-22 10:59:36",20
"2026-02-22 11:02:36",19
"2026-02-22 11:08:36",20
"2026-02-22 11:14:36",19
"2026-02-22 11:32:36",20
"2026-02-22 11:33:36",19
"2026-02-22 11:37:36",19
"2026-02-22 11:38:36",19
"2026-02-22 11:51:36",20
"2026-02-22 11:53:36",19
"2026-02-22 12:04:36",20
"2026-02-22 12:07:36",19
"2026-02-22 12:09:36",19
"2026-02-22 12:15:36",19
"2026-02-22 12:16:36",19
"2026-02-22 12:17:36",19
"2026-02-22 12:18:36",19
"2026-02-22 12:19:36",19
"2026-02-22 12:22:36",19
"2026-02-22 12:23:36",19
"2026-02-22 12:25:36",19
"2026-02-22 12:33:36",19
"2026-02-22 12:35:36",19
"2026-02-22 12:58:36",19
"2026-02-22 12:59:36",19
"2026-02-22 13:00:36",19
"2026-02-22 13:04:36",19
"2026-02-22 13:08:36",19
"2026-02-22 13:09:36",19
"2026-02-22 13:12:36",19
"2026-02-22 13:15:36",19
"2026-02-22 13:16:36",19
"2026-02-22 13:17:36",19
"2026-02-22 13:26:36",19
"2026-02-22 13:31:36",19
"2026-02-22 13:37:36",19
"2026-02-22 13:43:36",20
"2026-02-22 14:01:36",19
"2026-02-22 14:12:36",20
"2026-02-22 14:13:36",20
"2026-02-22 14:14:36",20
"2026-02-22 14:15:36",20
"2026-02-22 14:18:36",20
"2026-02-22 14:20:36",20
"2026-02-22 14:22:36",20
"2026-02-22 14:29:36",20
"2026-02-22 14:35:36",20
"2026-02-22 14:54:36",20
"2026-02-22 14:55:36",20
"2026-02-22 14:56:36",20
"2026-02-22 15:01:36",20
"2026-02-22 15:02:36",20
"2026-02-22 15:11:36",20
"2026-02-22 15:12:36",20
"2026-02-22 15:20:36",20
"2026-02-22 15:21:36",20
"2026-02-22 15:35:36",20
"2026-02-22 15:36:36",20
"2026-02-22 15:38:36",20
"2026-02-22 15:39:36",20
"2026-02-22 15:41:36",20
"2026-02-22 15:45:36",20
"2026-02-22 16:03:36",20
"2026-02-22 16:15:36",20
"2026-02-22 16:16:36",20
"2026-02-22 16:19:36",20
"2026-02-22 16:20:36",20
"2026-02-22 16:25:36",20
"2026-02-22 16:26:36",20
"2026-02-22 16:27:36",20
"2026-02-22 16:28:36",20
"2026-02-22 16:31:36",20
"2026-02-22 16:37:36",20
"2026-02-22 16:44:36",20
"2026-02-22 16:51:36",20
"2026-02-22 16:59:36",20
"2026-02-22 17:02:36",20
"2026-02-22 17:13:36",20
"2026-02-22 17:17:36",20
"2026-02-22 17:23:36",20
"2026-02-22 17:28:36",20
"2026-02-22 17:31:36",20
"2026-02-22 17:34:36",20
"2026-02-22 17:43:36",20
"2026-02-22 17:44:36",20
"2026-02-22 17:48:36",20
"2026-02-22 17:49:36",20
"2026-02-22 17:54:36",20
"2026-02-22 18:01:36",20
"2026-02-22 18:04:36",20
"2026-02-22 18:06:36",19
"2026-02-22 18:25:36",19
"2026-02-22 18:26:36",19
"2026-02-22 18:46:36",19
"2026-02-22 18:48:36",19
"2026-02-22 18:58:36",20
"2026-02-22 18:59:36",19
"2026-02-22 19:07:36",19
"2026-02-22 19:08:36",19
"2026-02-22 19:11:36",19
"2026-02-22 19:36:36",19
"2026-02-22 19:45:36",19
"2026-02-22 19:46:36",19
"2026-02-22 19:47:36",19
"2026-02-22 19:55:36",19
"2026-02-22 19:56:36",19
"2026-02-22 19:58:36",19
"2026-02-22 20:09:36",19
"2026-02-22 20:19:36",19
"2026-02-22 20:32:36",19
"2026-02-22 20:41:36",19
"2026-02-22 20:42:36",19
"2026-02-22 20:44:36",19
"2026-02-22 20:45:36",19
"2026-02-22 20:46:36",19
"2026-02-22 21:41:36",19
"2026-02-22 21:44:36",19
"2026-02-22 21:45:36",19
"2026-02-22 21:46:36",19
"2026-02-22 21:47:36",19
"2026-02-22 21:48:36",19
"2026-02-22 21:51:36",19
"2026-02-22 21:57:36",19
"2026-02-22 22:04:36",19
"2026-02-22 22:05:36",19
"2026-02-22 22:07:36",19
"2026-02-22 22:09:36",19
"2026-02-22 22:10:36",19
"2026-02-22 22:11:36",19
"2026-02-22 22:12:36",19
"2026-02-22 22:47:36",19
"2026-02-22 23:00:36",19
"2026-02-22 23:11:36",19
"2026-02-22 23:12:36",19
"2026-02-22 23:21:36",19
"2026-02-23 00:02:36",19
"2026-02-23 00:03:36",19
"2026-02-23 00:09:36",19
"2026-02-23 00:10:36",19
"2026-02-23 00:14:36",19
"2026-02-23 00:16:36",19
"2026-02-23 00:23:36",19
"2026-02-23 01:04:36",18
"2026-02-23 01:05:36",19
"2026-02-23 01:38:36",18
"2026-02-23 01:39:36",19
"2026-02-23 01:41:36",18
"2026-02-23 01:42:36",19
"2026-02-23 01:43:36",18
"2026-02-23 01:44:36",19
"2026-02-23 01:45:36",18
"2026-02-23 01:48:36",19
"2026-02-23 01:49:36",18
"2026-02-23 06:18:36",18
"2026-02-23 06:19:36",18
"2026-02-23 06:23:36",18
"2026-02-23 08:21:36",18
"2026-02-23 08:23:36",18
"2026-02-23 08:32:36",18
"2026-02-23 08:33:36",18
"2026-02-23 08:52:36",18
"2026-02-23 09:15:36",19
"2026-02-23 09:17:36",19
"2026-02-23 09:20:36",19
"2026-02-23 09:24:36",19
"2026-02-23 09:31:36",19
"2026-02-23 09:34:36",19
"2026-02-23 09:37:36",19
"2026-02-23 09:43:36",19
"2026-02-23 09:54:36",19
"2026-02-23 09:59:36",19
"2026-02-23 10:00:36",19
"2026-02-23 10:01:36",19
"2026-02-23 10:02:36",19
"2026-02-23 10:08:36",19
"2026-02-23 10:23:36",19
"2026-02-23 10:25:36",19
"2026-02-23 10:32:36",19
"2026-02-23 10:46:36",19
"2026-02-23 10:48:36",19
"2026-02-23 10:49:36",19
"2026-02-23 10:50:36",19
"2026-02-23 10:51:36",19
"2026-02-23 10:58:36",19
"2026-02-23 10:59:36",19
"2026-02-23 11:00:36",19
"2026-02-23 11:20:36",19
"2026-02-23 11:38:36",19
"2026-02-23 11:40:36",19
"2026-02-23 11:43:36",19
"2026-02-23 11:44:36",19
"2026-02-23 11:45:36",19
"2026-02-23 12:00:36",19
"2026-02-23 12:05:36",19
"2026-02-23 12:26:36",19
"2026-02-23 12:27:36",19
"2026-02-23 12:47:36",19
"2026-02-23 12:48:36",19
"2026-02-23 12:50:36",19
"2026-02-23 13:04:36",19
"2026-02-23 13:05:36",19
"2026-02-23 13:12:36",19
"2026-02-23 13:13:36",19
"2026-02-23 13:15:36",19
"2026-02-23 13:16:36",19
"2026-02-23 13:20:36",19
"2026-02-23 13:22:36",19
"2026-02-23 13:38:36",19
"2026-02-23 13:39:36",19
"2026-02-23 13:40:36",19
"2026-02-23 13:41:36",19
"2026-02-23 13:42:36",19
"2026-02-23 14:25:36",19
"2026-02-23 14:26:36",19
"2026-02-23 14:27:36",19
"2026-02-23 14:29:36",19
"2026-02-23 14:31:36",19
"2026-02-23 14:37:36",19
"2026-02-23 14:46:36",19
"2026-02-23 15:25:36",19
"2026-02-23 15:27:36",19
"2026-02-23 15:32:36",19
"2026-02-23 15:35:36",19
"2026-02-23 15:36:36",19
"2026-02-23 15:39:36",19
"2026-02-23 15:40:36",19
"2026-02-23 15:43:36",19
"2026-02-23 15:47:36",19
"2026-02-23 15:49:36",18
"2026-02-23 15:51:36",19
"2026-02-23 15:52:36",19
"2026-02-23 15:53:36",19
"2026-02-23 15:58:36",18
"2026-02-23 16:02:36",19
"2026-02-23 16:03:36",19
"2026-02-23 16:18:36",19
"2026-02-23 16:19:36",19
"2026-02-23 16:21:36",19
"2026-02-23 16:22:36",19
"2026-02-23 16:24:36",19
"2026-02-23 16:26:36",19
"2026-02-23 16:28:36",19
"2026-02-23 16:34:36",19
"2026-02-23 16:36:36",19
"2026-02-23 16:37:36",19
"2026-02-23 16:39:36",19
"2026-02-23 16:40:36",19
"2026-02-23 16:41:36",19
"2026-02-23 16:44:36",19
"2026-02-23 16:45:36",19
"2026-02-23 16:49:36",19
"2026-02-23 16:57:36",20
"2026-02-23 17:01:36",20
"2026-02-23 17:04:36",20
"2026-02-23 17:08:36",20
"2026-02-23 17:15:36",20
"2026-02-23 17:16:36",20
"2026-02-23 17:33:36",20
"2026-02-23 17:48:36",20
"2026-02-23 17:55:36",20
"2026-02-23 17:56:36",20
"2026-02-23 17:58:36",20
"2026-02-23 18:01:36",20
"2026-02-23 18:02:36",20
"2026-02-23 18:05:36",19
"2026-02-23 18:06:36",19
"2026-02-23 18:07:36",19
"2026-02-23 18:08:36",19
"2026-02-23 18:09:36",19
"2026-02-23 18:10:36",19
"2026-02-23 18:12:36",19
"2026-02-23 18:13:36",19
"2026-02-23 18:16:36",19
"2026-02-23 18:18:36",19
"2026-02-23 18:19:36",18
"2026-02-23 18:20:36",18
"2026-02-23 18:21:36",18
"2026-02-23 18:22:36",18
"2026-02-23 18:23:36",18
"2026-02-23 18:24:36",18
"2026-02-23 18:25:36",18
"2026-02-23 18:28:36",18
"2026-02-23 18:30:36",18
"2026-02-23 18:33:36",18
"2026-02-23 18:34:36",18
"2026-02-23 18:35:36",18
"2026-02-23 18:36:36",18
"2026-02-23 18:37:36",18
"2026-02-23 18:38:36",18
"2026-02-23 18:39:36",19
"2026-02-23 18:40:36",19
"2026-02-23 18:41:36",19
"2026-02-23 18:42:36",19
"2026-02-23 18:44:36",19
"2026-02-23 18:45:36",19
"2026-02-23 18:48:36",19
"2026-02-23 18:50:36",20
"2026-02-23 18:51:36",19
"2026-02-23 18:52:36",20
"2026-02-23 18:56:36",19
"2026-02-23 19:11:36",20
"2026-02-23 19:17:36",20
"2026-02-23 19:20:36",20
"2026-02-23 19:24:36",20
"2026-02-23 19:31:36",20
"2026-02-23 19:37:36",20
"2026-02-23 19:44:36",20
"2026-02-23 19:48:36",20
"2026-02-23 19:51:36",20
"2026-02-23 19:53:36",20
"2026-02-23 19:54:36",20
"2026-02-23 19:55:36",20
"2026-02-23 19:57:36",20
"2026-02-23 19:59:36",20
"2026-02-23 20:00:36",20
"2026-02-23 20:06:36",20
"2026-02-23 20:08:36",20
"2026-02-23 20:09:36",20
"2026-02-23 20:11:36",20
"2026-02-23 20:12:36",20
"2026-02-23 20:19:36",20
"2026-02-23 20:24:36",20
"2026-02-23 20:25:36",20
"2026-02-23 20:36:36",19
"2026-02-23 20:39:36",20
"2026-02-23 20:41:36",19
"2026-02-23 20:57:36",19
"2026-02-23 21:49:36",19
"2026-02-23 21:52:36",19
"2026-02-23 21:57:36",19
"2026-02-23 21:58:36",19
"2026-02-23 21:59:36",19
"2026-02-23 22:00:36",19
"2026-02-23 22:06:36",19
"2026-02-23 22:07:36",19
"2026-02-23 22:33:36",19
"2026-02-23 22:37:36",19
"2026-02-23 22:38:36",19
"2026-02-23 22:50:36",19
"2026-02-23 22:55:36",19
"2026-02-23 22:56:36",19
"2026-02-23 22:57:36",19
"2026-02-23 22:59:36",19
"2026-02-23 23:00:36",19
"2026-02-23 23:04:36",19
"2026-02-23 23:05:36",19
"2026-02-23 23:07:36",19
"2026-02-23 23:11:36",19
"2026-02-23 23:16:36",19
"2026-02-23 23:17:36",19
"2026-02-23 23:18:36",19
"2026-02-23 23:19:36",19
"2026-02-23 23:24:36",19
"2026-02-23 23:25:36",19
"2026-02-23 23:48:36",19
"2026-02-23 23:49:36",19
"2026-02-23 23:58:36",19
"2026-02-23 23:59:36",19
"2026-02-24 00:06:36",19
"2026-02-24 00:07:36",19
"2026-02-24 00:24:36",19
"2026-02-24 00:25:36",19
"2026-02-24 00:26:36",19
"2026-02-24 00:28:36",19
"2026-02-24 00:34:36",19
"2026-02-24 00:35:36",19
"2026-02-24 00:38:36",19
"2026-02-24 00:41:36",19
"2026-02-24 00:42:36",19
"2026-02-24 00:43:36",19
"2026-02-24 00:45:36",19
"2026-02-24 00:46:36",19
"2026-02-24 00:54:36",19
"2026-02-24 00:55:36",19
"2026-02-24 00:56:36",19
"2026-02-24 00:57:36",19
"2026-02-24 01:05:36",19
"2026-02-24 01:06:36",19
"2026-02-24 01:24:36",19
"2026-02-24 01:28:36",19
"2026-02-24 01:32:36",19
"2026-02-24 01:33:36",19
"2026-02-24 01:47:36",19
"2026-02-24 01:48:36",19
"2026-02-24 02:11:36",19
"2026-02-24 02:12:36",19
"2026-02-24 02:14:36",19
"2026-02-24 02:15:36",19
"2026-02-24 02:17:36",19
"2026-02-24 02:18:36",19
"2026-02-24 02:43:36",19
"2026-02-24 02:44:36",19
"2026-02-24 02:45:36",19
"2026-02-24 02:46:36",19
"2026-02-24 02:47:36",19
"2026-02-24 02:48:36",19
"2026-02-24 02:55:36",19
"2026-02-24 02:58:36",19
"2026-02-24 02:59:36",19
"2026-02-24 03:03:36",19
"2026-02-24 03:05:36",19
"2026-02-24 03:08:36",19
"2026-02-24 03:13:36",19
"2026-02-24 03:15:36",19
"2026-02-24 03:16:36",19
"2026-02-24 03:18:36",19
"2026-02-24 03:21:36",19
"2026-02-24 03:22:36",19
"2026-02-24 03:23:36",19
"2026-02-24 03:25:36",19
"2026-02-24 03:26:36",19
"2026-02-24 03:39:36",19
"2026-02-24 03:40:36",19
"2026-02-24 03:42:36",19
"2026-02-24 03:43:36",19
"2026-02-24 03:47:36",19
"2026-02-24 03:51:36",19
"2026-02-24 03:52:36",19
"2026-02-24 03:53:36",19
"2026-02-24 03:56:36",19
"2026-02-24 03:57:36",19
"2026-02-24 05:13:36",19
"2026-02-24 05:15:36",19
"2026-02-24 06:05:36",19
"2026-02-24 06:06:36",19
"2026-02-24 06:08:36",19
"2026-02-24 06:09:36",19
"2026-02-24 06:10:36",19
"2026-02-24 06:13:36",19
"2026-02-24 06:17:36",19
"2026-02-24 06:18:36",19
"2026-02-24 06:21:36",19
"2026-02-24 06:24:36",19
"2026-02-24 06:29:36",19
"2026-02-24 06:30:36",19
"2026-02-24 06:31:36",19
"2026-02-24 06:34:36",19
"2026-02-24 06:36:36",19
"2026-02-24 06:41:36",19
"2026-02-24 06:45:36",19
"2026-02-24 06:46:36",19
"2026-02-24 06:47:36",19
"2026-02-24 06:51:36",19
"2026-02-24 06:52:36",19
"2026-02-24 06:56:36",19
"2026-02-24 06:57:36",19
"2026-02-24 07:13:36",19
"2026-02-24 07:14:36",19
"2026-02-24 07:15:36",19
"2026-02-24 07:20:36",19
"2026-02-24 07:22:36",19
"2026-02-24 07:23:36",19
"2026-02-24 07:27:36",19
"2026-02-24 07:28:36",19
"2026-02-24 08:29:36",19
"2026-02-24 08:34:36",19
"2026-02-24 08:39:36",20
"2026-02-24 08:46:36",20
"2026-02-24 08:51:36",20
"2026-02-24 08:55:36",20
"2026-02-24 09:00:36",20
"2026-02-24 09:04:36",20
"2026-02-24 09:05:36",20
"2026-02-24 09:06:36",20
"2026-02-24 09:07:36",20
"2026-02-24 09:10:36",20
"2026-02-24 09:11:36",20
"2026-02-24 09:14:36",20
"2026-02-24 09:15:36",20
"2026-02-24 09:49:36",20
"2026-02-24 10:00:36",20
"2026-02-24 10:04:36",20
"2026-02-24 10:08:36",20
"2026-02-24 10:17:36",20
"2026-02-24 10:19:36",20
"2026-02-24 10:26:36",20
"2026-02-24 10:29:36",21
"2026-02-24 10:30:36",20
"2026-02-24 10:36:36",21
"2026-02-24 10:38:36",20
"2026-02-24 10:42:36",21
"2026-02-24 10:45:36",20
"2026-02-24 10:47:36",21
"2026-02-24 10:52:36",21
"2026-02-24 11:01:36",21
"2026-02-24 11:02:36",21
"2026-02-24 11:03:36",21
"2026-02-24 11:04:36",21
"2026-02-24 11:13:36",21
"2026-02-24 11:16:36",20
"2026-02-24 11:17:36",20
"2026-02-24 11:21:36",20
"2026-02-24 11:28:36",20
"2026-02-24 11:32:36",20
"2026-02-24 11:41:36",20
"2026-02-24 11:42:36",20
"2026-02-24 11:43:36",20
"2026-02-24 11:53:36",20
"2026-02-24 11:54:36",20
"2026-02-24 11:55:36",20
"2026-02-24 12:29:36",20
"2026-02-24 12:30:36",20
"2026-02-24 12:34:36",20
"2026-02-24 12:41:36",20
"2026-02-24 12:42:36",20
"2026-02-24 12:48:36",20
"2026-02-24 12:51:36",20
"2026-02-24 12:52:36",20
"2026-02-24 12:53:36",20
"2026-02-24 13:41:36",20
"2026-02-24 13:52:36",20
"2026-02-24 13:57:36",20
"2026-02-24 14:00:36",20
"2026-02-24 14:05:36",20
"2026-02-24 14:08:36",20
"2026-02-24 14:09:36",20
"2026-02-24 14:10:36",20
"2026-02-24 14:12:36",20
"2026-02-24 14:15:36",20
"2026-02-24 14:18:36",20
"2026-02-24 14:19:36",20
"2026-02-24 14:20:36",20
"2026-02-24 14:23:36",20
"2026-02-24 14:24:36",20
"2026-02-24 14:25:36",20
"2026-02-24 14:33:36",20
"2026-02-24 14:34:36",20
"2026-02-24 14:37:36",20
"2026-02-24 14:39:36",20
"2026-02-24 14:46:36",20
"2026-02-24 14:48:36",20
"2026-02-24 14:51:36",20
"2026-02-24 14:52:36",20
"2026-02-24 15:08:36",20
"2026-02-24 15:13:36",20
"2026-02-24 15:17:36",20
"2026-02-24 15:19:36",20
"2026-02-24 15:26:36",20
"2026-02-24 15:27:36",20
"2026-02-24 15:28:36",20
"2026-02-24 15:30:36",20
"2026-02-24 15:32:36",20
"2026-02-24 15:36:36",20
"2026-02-24 15:37:36",20
"2026-02-24 15:38:36",20
"2026-02-24 15:39:36",20
"2026-02-24 15:41:36",20
"2026-02-24 15:52:36",20
"2026-02-24 15:57:36",20
"2026-02-24 15:58:36",20
"2026-02-24 16:00:36",20
"2026-02-24 16:06:36",20
"2026-02-24 16:10:36",20
"2026-02-24 16:12:36",20
"2026-02-24 16:13:36",20
"2026-02-24 16:14:36",20
"2026-02-24 16:16:36",20
"2026-02-24 16:17:36",20
"2026-02-24 16:18:36",20
"2026-02-24 16:20:36",20
"2026-02-24 16:50:36",20
"2026-02-24 16:52:36",20
"2026-02-24 16:54:36",20
"2026-02-24 17:23:36",20
"2026-02-24 17:38:36",20
"2026-02-24 17:39:36",20
"2026-02-24 17:41:36",20
"2026-02-24 17:42:36",20
"2026-02-24 17:43:36",20
"2026-02-24 17:45:36",19
"2026-02-24 17:47:36",19
"2026-02-24 17:49:36",19
"2026-02-24 17:54:36",19
"2026-02-24 17:56:36",19
"2026-02-24 17:57:36",19
"2026-02-24 18:01:36",19
"2026-02-24 18:07:36",19
"2026-02-24 18:15:36",19
"2026-02-24 18:17:36",19
"2026-02-24 18:18:36",19
"2026-02-24 18:19:36",19
"2026-02-24 18:22:36",19
"2026-02-24 18:25:36",20
"2026-02-24 18:29:36",20
"2026-02-24 18:33:36",20
"2026-02-24 18:35:36",20
"2026-02-24 18:37:36",20
"2026-02-24 18:40:36",20
"2026-02-24 18:51:36",20
"2026-02-24 18:52:36",20
"2026-02-24 18:53:36",20
"2026-02-24 18:54:36",20
"2026-02-24 19:01:36",20
"2026-02-24 19:09:36",20
"2026-02-24 19:11:36",20
"2026-02-24 19:12:36",20
"2026-02-24 19:25:36",20
"2026-02-24 19:27:36",20
"2026-02-24 19:33:36",20
"2026-02-24 19:36:36",20
"2026-02-24 19:38:36",20
"2026-02-24 19:50:36",20
"2026-02-24 19:56:36",20
"2026-02-24 19:59:36",20
"2026-02-24 20:05:36",20
"2026-02-24 20:16:32",20
"2026-02-24 20:17:32",20
"2026-02-24 20:26:32",20
"2026-02-24 20:27:32",20
"2026-02-24 20:35:32",20
"2026-02-24 20:41:32",20
"2026-02-24 20:42:32",20
"2026-02-24 20:51:32",20
"2026-02-24 20:52:32",20
"2026-02-24 20:53:32",20
"2026-02-24 20:59:32",20
"2026-02-24 21:07:32",20
"2026-02-24 21:18:32",20
"2026-02-24 21:25:32",20
"2026-02-24 21:26:32",20
"2026-02-24 21:27:32",20
"2026-02-24 21:33:32",20
"2026-02-24 22:01:32",20
"2026-02-24 22:20:32",20
"2026-02-24 22:21:32",20
"2026-02-24 22:22:32",20
"2026-02-24 22:23:32",20
"2026-02-24 22:27:32",20
"2026-02-24 22:28:32",20
"2026-02-24 22:29:32",20
"2026-02-24 22:31:32",20
"2026-02-24 22:45:32",20
"2026-02-24 22:46:32",20
"2026-02-24 22:47:32",20
"2026-02-24 22:48:32",20
"2026-02-24 22:49:32",20
"2026-02-24 22:51:32",20
"2026-02-24 22:55:32",20
"2026-02-24 22:57:32",20
"2026-02-24 23:06:32",20
"2026-02-24 23:07:32",20
"2026-02-24 23:09:32",20
"2026-02-24 23:27:32",20
"2026-02-24 23:31:32",20
"2026-02-24 23:32:32",20
"2026-02-24 23:33:32",20
"2026-02-24 23:40:32",20
"2026-02-25 00:00:32",19
"2026-02-25 00:04:32",20
"2026-02-25 00:05:32",19
"2026-02-25 00:06:32",20
"2026-02-25 00:10:32",19
"2026-02-25 00:24:32",19
"2026-02-25 00:40:32",19
"2026-02-25 00:42:32",19
"2026-02-25 00:51:32",19
"2026-02-25 00:52:32",19
"2026-02-25 00:54:32",19
"2026-02-25 00:56:32",19
"2026-02-25 01:06:32",19
"2026-02-25 01:08:32",19
"2026-02-25 01:11:32",19
"2026-02-25 01:13:32",19
"2026-02-25 01:18:32",19
"2026-02-25 01:19:32",19
"2026-02-25 01:29:32",19
"2026-02-25 01:32:32",19
"2026-02-25 01:33:32",19
"2026-02-25 01:38:32",19
"2026-02-25 01:39:32",19
"2026-02-25 01:40:32",19
"2026-02-25 01:41:32",19
"2026-02-25 01:47:32",19
"2026-02-25 01:51:32",19
"2026-02-25 01:56:32",19
"2026-02-25 01:57:32",19
"2026-02-25 01:58:32",19
"2026-02-25 01:59:32",19
"2026-02-25 02:01:32",19
"2026-02-25 02:04:32",19
"2026-02-25 02:07:32",19
"2026-02-25 02:10:32",19
"2026-02-25 02:11:32",19
"2026-02-25 02:17:32",19
"2026-02-25 02:18:32",19
"2026-02-25 02:19:32",19
"2026-02-25 02:22:32",19
"2026-02-25 02:32:32",19
"2026-02-25 02:34:32",19
"2026-02-25 02:35:32",19
"2026-02-25 02:36:32",19
"2026-02-25 02:37:32",19
"2026-02-25 02:40:32",19
"2026-02-25 02:44:32",19
"2026-02-25 02:46:32",19
"2026-02-25 02:47:32",19
"2026-02-25 02:48:32",19
"2026-02-25 03:03:32",19
"2026-02-25 03:07:32",19
"2026-02-25 03:08:32",19
"2026-02-25 03:10:32",19
"2026-02-25 03:27:32",19
"2026-02-25 03:28:32",19
"2026-02-25 03:34:32",19
"2026-02-25 03:35:32",19
"2026-02-25 03:38:32",19
"2026-02-25 03:40:32",19
"2026-02-25 03:43:32",19
"2026-02-25 03:45:32",19
"2026-02-25 03:49:32",19
"2026-02-25 03:59:32",19
"2026-02-25 04:01:32",19
"2026-02-25 04:02:32",19
"2026-02-25 04:03:32",19
"2026-02-25 04:06:32",19
"2026-02-25 04:07:32",19
"2026-02-25 04:09:32",19
"2026-02-25 04:10:32",19
"2026-02-25 04:21:32",19
"2026-02-25 04:25:32",19
"2026-02-25 04:34:32",19
"2026-02-25 04:37:32",19
"2026-02-25 06:03:32",19
"2026-02-25 06:34:32",19
"2026-02-25 06:35:32",19
"2026-02-25 06:36:32",19
"2026-02-25 06:38:32",19
"2026-02-25 06:41:32",19
"2026-02-25 06:42:32",19
"2026-02-25 07:01:32",19
"2026-02-25 07:02:32",19
"2026-02-25 07:03:32",19
"2026-02-25 07:20:32",19
"2026-02-25 07:21:32",19
"2026-02-25 07:23:32",19
"2026-02-25 08:30:32",19
"2026-02-25 08:32:32",19
"2026-02-25 08:33:32",19
"2026-02-25 08:34:32",19
"2026-02-25 08:35:32",19
"2026-02-25 08:40:32",19
"2026-02-25 08:41:32",19
"2026-02-25 08:53:32",19
"2026-02-25 08:56:32",19
"2026-02-25 08:58:32",19
"2026-02-25 09:00:32",19
"2026-02-25 09:01:32",19
"2026-02-25 09:02:32",19
"2026-02-25 09:06:32",19
"2026-02-25 09:14:32",19
"2026-02-25 09:15:32",19
"2026-02-25 09:17:32",19
"2026-02-25 09:25:32",19
"2026-02-25 09:28:32",19
"2026-02-25 09:41:32",20
"2026-02-25 09:53:32",19
"2026-02-25 10:00:32",20
"2026-02-25 10:11:32",20
"2026-02-25 10:15:32",20
"2026-02-25 10:18:32",20
"2026-02-25 10:38:32",20
"2026-02-25 10:48:32",20
"2026-02-25 10:50:32",20
"2026-02-25 10:51:32",20
"2026-02-25 10:52:32",20
"2026-02-25 11:22:32",19
"2026-02-25 11:24:32",20
"2026-02-25 11:25:32",19
"2026-02-25 11:27:32",20
"2026-02-25 11:28:32",19
"2026-02-25 11:54:32",20
"2026-02-25 11:55:32",19
"2026-02-25 12:04:32",20
"2026-02-25 12:05:32",19
"2026-02-25 12:06:32",20
"2026-02-25 12:17:32",20
"2026-02-25 12:18:32",20
"2026-02-25 12:21:32",20
"2026-02-25 12:22:32",20
"2026-02-25 12:23:32",20
"2026-02-25 12:26:32",20
"2026-02-25 12:27:32",20
"2026-02-25 12:30:32",20
"2026-02-25 12:37:32",19
"2026-02-25 12:38:32",20
"2026-02-25 12:40:32",19
"2026-02-25 12:48:32",20
"2026-02-25 13:05:32",20
"2026-02-25 13:07:32",20
"2026-02-25 13:18:32",20
"2026-02-25 13:21:32",20
"2026-02-25 13:27:32",20
"2026-02-25 13:34:32",20
"2026-02-25 13:59:32",20
"2026-02-25 14:00:32",20
"2026-02-25 14:03:32",20
"2026-02-25 14:05:32",20
"2026-02-25 14:06:32",20
"2026-02-25 14:07:32",20
"2026-02-25 14:11:32",20
"2026-02-25 14:21:32",20
"2026-02-25 14:23:32",20
"2026-02-25 14:24:32",20
"2026-02-25 14:47:32",20
"2026-02-25 14:48:32",20
"2026-02-25 14:49:32",20
"2026-02-25 14:50:32",20
"2026-02-25 14:58:32",20
"2026-02-25 14:59:32",20
"2026-02-25 15:06:32",20
"2026-02-25 15:07:32",20
"2026-02-25 15:20:32",20
"2026-02-25 15:23:32",20
"2026-02-25 15:24:32",20
"2026-02-25 15:25:32",20
"2026-02-25 15:41:32",20
"2026-02-25 15:42:32",20
"2026-02-25 15:55:32",20
"2026-02-25 16:07:32",20
"2026-02-25 16:18:32",20
"2026-02-25 16:25:32",20
"2026-02-25 16:36:32",20
"2026-02-25 16:37:32",20
"2026-02-25 16:38:32",20
"2026-02-25 16:45:32",20
"2026-02-25 16:52:32",20
"2026-02-25 16:59:32",20
"2026-02-25 17:02:32",20
"2026-02-25 17:04:32",20
"2026-02-25 17:09:32",20
"2026-02-25 17:13:32",20
"2026-02-25 17:19:32",20
"2026-02-25 17:23:32",20
"2026-02-25 17:24:32",20
"2026-02-25 17:25:32",20
"2026-02-25 17:27:32",20
"2026-02-25 17:34:32",20
"2026-02-25 17:36:32",20
"2026-02-25 17:46:32",20
"2026-02-25 17:47:32",20
"2026-02-25 17:48:32",21
"2026-02-25 17:51:32",21
"2026-02-25 17:52:32",21
"2026-02-25 17:54:32",20
"2026-02-25 17:59:32",21
"2026-02-25 18:02:32",21
"2026-02-25 18:05:32",21
"2026-02-25 18:06:32",20
"2026-02-25 18:08:32",20
"2026-02-25 18:09:32",20
"2026-02-25 18:15:32",20
"2026-02-25 18:17:32",20
"2026-02-25 18:19:32",20
"2026-02-25 18:21:32",20
"2026-02-25 18:27:32",20
"2026-02-25 18:29:32",20
"2026-02-25 18:30:32",20
"2026-02-25 18:36:32",20
"2026-02-25 18:38:32",20
"2026-02-25 18:39:32",20
"2026-02-25 18:41:32",20
"2026-02-25 18:43:32",20
"2026-02-25 18:45:32",20
"2026-02-25 18:48:32",20
"2026-02-25 18:49:32",20
"2026-02-25 18:50:32",20
"2026-02-25 18:51:32",20
"2026-02-25 18:53:32",20
"2026-02-25 18:54:32",20
"2026-02-25 18:55:32",20
"2026-02-25 18:56:32",20
"2026-02-25 18:57:32",20
"2026-02-25 18:59:32",20
"2026-02-25 19:01:32",20
"2026-02-25 19:08:32",20
"2026-02-25 19:09:32",20
"2026-02-25 19:13:32",20
"2026-02-25 19:14:32",20
"2026-02-25 19:15:32",20
"2026-02-25 19:17:32",20
"2026-02-25 19:18:32",20
"2026-02-25 19:19:32",20
"2026-02-25 19:22:32",20
"2026-02-25 19:27:32",20
"2026-02-25 19:29:32",20
"2026-02-25 19:32:32",20
"2026-02-25 19:36:32",19
"2026-02-25 19:37:32",19
"2026-02-25 19:39:32",19
"2026-02-25 19:41:32",19
"2026-02-25 19:42:32",19
"2026-02-25 19:43:32",20
"2026-02-25 19:44:32",20
"2026-02-25 19:45:32",20
"2026-02-25 19:46:32",20
"2026-02-25 19:48:32",20
"2026-02-25 19:50:32",20
"2026-02-25 19:52:32",20
"2026-02-25 19:56:32",20
"2026-02-25 20:07:32",20
"2026-02-25 20:13:32",21
"2026-02-25 20:15:32",20
"2026-02-25 20:16:32",21
"2026-02-25 20:28:32",21
"2026-02-25 20:42:32",21
"2026-02-25 20:45:32",21
"2026-02-25 20:46:32",21
"2026-02-25 20:51:32",21
"2026-02-25 20:54:32",21
"2026-02-25 21:05:32",21
"2026-02-25 21:10:32",21
"2026-02-25 21:11:32",21
"2026-02-25 21:16:32",21
"2026-02-25 21:20:32",21
"2026-02-25 21:23:32",21
"2026-02-25 21:28:32",21
"2026-02-25 21:35:32",21
"2026-02-25 21:40:32",21
"2026-02-25 21:47:32",21
"2026-02-25 21:49:32",21
"2026-02-25 21:50:32",21
"2026-02-25 21:54:32",21
"2026-02-25 22:01:32",21
"2026-02-25 22:07:32",20
"2026-02-25 22:24:32",20
"2026-02-25 22:32:32",20
"2026-02-25 22:33:32",20
"2026-02-25 22:36:32",20
"2026-02-25 22:40:32",20
"2026-02-25 22:42:32",20
"2026-02-25 22:52:32",20
"2026-02-25 22:56:32",20
"2026-02-25 23:03:32",20
"2026-02-25 23:04:32",20
"2026-02-25 23:14:32",20
"2026-02-25 23:16:32",20
"2026-02-25 23:28:32",20
"2026-02-25 23:44:32",20
"2026-02-25 23:45:32",20
"2026-02-25 23:55:32",20
"2026-02-26 00:02:32",20
"2026-02-26 00:04:32",20
"2026-02-26 00:05:32",20
"2026-02-26 00:16:32",20
"2026-02-26 00:59:32",20
"2026-02-26 01:05:32",20
"2026-02-26 01:06:32",20
"2026-02-26 01:08:32",20
"2026-02-26 01:09:32",20
"2026-02-26 01:10:32",20
"2026-02-26 01:13:32",20
"2026-02-26 01:26:32",20
"2026-02-26 01:27:32",20
"2026-02-26 01:46:32",20
"2026-02-26 01:47:32",20
"2026-02-26 02:21:32",20
"2026-02-26 02:23:32",20
"2026-02-26 02:24:32",20
"2026-02-26 02:26:32",20
"2026-02-26 02:27:32",20
"2026-02-26 02:28:32",20
"2026-02-26 02:29:32",20
"2026-02-26 02:30:32",20
"2026-02-26 02:31:32",20
"2026-02-26 02:35:32",20
"2026-02-26 02:38:32",20
"2026-02-26 02:40:32",20
"2026-02-26 02:41:32",20
"2026-02-26 02:48:32",20
"2026-02-26 02:49:32",20
"2026-02-26 04:02:32",20
"2026-02-26 04:03:32",20
"2026-02-26 04:05:32",20
"2026-02-26 04:06:32",20
"2026-02-26 04:07:32",20
"2026-02-26 04:09:32",20
"2026-02-26 04:17:32",20
"2026-02-26 04:20:32",20
"2026-02-26 04:23:32",20
"2026-02-26 04:24:32",20
"2026-02-26 04:31:32",20
"2026-02-26 04:32:32",20
"2026-02-26 04:46:32",20
"2026-02-26 04:47:32",20
"2026-02-26 04:50:32",20
"2026-02-26 04:52:32",20
"2026-02-26 04:53:32",20
"2026-02-26 04:54:32",20
"2026-02-26 05:02:32",20
"2026-02-26 05:03:32",20
"2026-02-26 05:23:32",20
"2026-02-26 05:24:32",20
"2026-02-26 05:36:32",20
"2026-02-26 05:38:32",20
"2026-02-26 05:39:32",20
"2026-02-26 05:40:32",20
"2026-02-26 05:49:32",20
"2026-02-26 05:50:32",20
"2026-02-26 05:56:32",20
"2026-02-26 05:59:32",20
"2026-02-26 06:00:32",20
"2026-02-26 06:03:32",20
"2026-02-26 06:05:32",20
"2026-02-26 06:07:32",20
"2026-02-26 06:08:32",20
"2026-02-26 06:09:32",20
"2026-02-26 06:10:32",20
"2026-02-26 06:11:32",20
"2026-02-26 06:13:32",20
"2026-02-26 06:15:32",20
"2026-02-26 06:16:32",20
"2026-02-26 06:17:32",20
"2026-02-26 06:18:32",20
"2026-02-26 06:19:32",20
"2026-02-26 06:21:32",20
"2026-02-26 06:37:32",20
"2026-02-26 06:38:32",20
"2026-02-26 06:39:32",20
"2026-02-26 06:40:32",20
"2026-02-26 06:42:32",20
"2026-02-26 06:44:32",20
"2026-02-26 06:45:32",20
"2026-02-26 06:54:32",20
"2026-02-26 06:58:32",20
"2026-02-26 07:03:32",20
"2026-02-26 07:04:32",20
"2026-02-26 07:06:32",20
"2026-02-26 07:10:32",20
"2026-02-26 07:14:32",20
"2026-02-26 07:16:32",20
"2026-02-26 07:17:32",20
"2026-02-26 08:05:32",20
"2026-02-26 08:06:32",20
"2026-02-26 08:07:32",20
"2026-02-26 08:08:32",20
"2026-02-26 08:09:32",20
"2026-02-26 08:11:32",20
"2026-02-26 08:15:32",20
"2026-02-26 08:48:32",20
"2026-02-26 08:50:32",20
"2026-02-26 09:01:32",20
"2026-02-26 09:02:32",20
"2026-02-26 09:04:32",20
"2026-02-26 09:05:32",20
"2026-02-26 09:06:32",20
"2026-02-26 09:16:32",20
"2026-02-26 09:23:32",20
"2026-02-26 09:29:32",20
"2026-02-26 09:30:32",20
"2026-02-26 09:31:32",20
"2026-02-26 09:32:32",20
"2026-02-26 09:33:32",20
"2026-02-26 09:34:32",20
"2026-02-26 09:37:32",20
"2026-02-26 09:47:32",20
"2026-02-26 09:48:32",20
"2026-02-26 10:07:32",20
"2026-02-26 10:08:32",20
"2026-02-26 10:14:32",20
"2026-02-26 10:16:32",20
"2026-02-26 10:19:32",20
"2026-02-26 10:20:32",20
"2026-02-26 10:21:32",20
"2026-02-26 10:22:32",20
"2026-02-26 10:50:32",20
"2026-02-26 10:53:32",20
"2026-02-26 10:58:32",20
"2026-02-26 11:05:32",20
"2026-02-26 11:13:32",21
"2026-02-26 11:26:32",21
"2026-02-26 11:49:32",21
"2026-02-26 11:51:32",21
"2026-02-26 11:57:32",21
"2026-02-26 12:00:32",21
"2026-02-26 12:02:32",21
"2026-02-26 12:16:32",21
"2026-02-26 12:17:32",21
"2026-02-26 12:18:32",21
"2026-02-26 12:55:32",21
"2026-02-26 12:57:32",21
"2026-02-26 13:00:32",21
"2026-02-26 13:20:32",21
"2026-02-26 13:23:32",21
"2026-02-26 13:37:32",21
"2026-02-26 13:41:32",21
"2026-02-26 13:42:32",21
"2026-02-26 13:45:32",21
"2026-02-26 13:48:32",21
"2026-02-26 13:50:32",21
"2026-02-26 13:52:32",21
"2026-02-26 13:53:32",21
"2026-02-26 13:54:32",21
"2026-02-26 13:59:32",21
"2026-02-26 14:02:32",21
"2026-02-26 14:03:32",21
"2026-02-26 14:08:32",21
"2026-02-26 14:09:32",21
"2026-02-26 14:10:32",21
"2026-02-26 14:11:32",21
"2026-02-26 14:26:32",21
"2026-02-26 14:28:32",21
"2026-02-26 14:35:32",21
"2026-02-26 15:04:32",21
"2026-02-26 15:16:32",20
"2026-02-26 15:24:32",21
"2026-02-26 15:35:32",20
"2026-02-26 15:36:32",21
"2026-02-26 15:38:32",20
"2026-02-26 15:40:32",21
"2026-02-26 15:41:32",20
"2026-02-26 15:42:32",21
"2026-02-26 15:43:32",20
"2026-02-26 15:57:32",20
"2026-02-26 16:02:32",20
"2026-02-26 16:23:32",20
"2026-02-26 16:26:32",20
"2026-02-26 16:27:32",20
"2026-02-26 16:39:32",20
"2026-02-26 16:40:32",20
"2026-02-26 16:43:32",20
"2026-02-26 16:50:32",20
"2026-02-26 17:13:32",20
"2026-02-26 17:16:32",20
"2026-02-26 17:19:32",20
"2026-02-26 17:42:32",20
"2026-02-26 17:52:32",20
"2026-02-26 17:54:32",20
"2026-02-26 17:55:32",20
"2026-02-26 17:59:32",20
"2026-02-26 18:00:32",20
"2026-02-26 18:05:32",20
"2026-02-26 18:06:32",20
"2026-02-26 18:07:32",20
"2026-02-26 18:10:32",20
"2026-02-26 18:11:32",20
"2026-02-26 18:13:32",20
"2026-02-26 18:18:32",21
"2026-02-26 18:31:32",20
"2026-02-26 18:32:32",20
"2026-02-26 18:34:32",20
"2026-02-26 18:35:32",20
"2026-02-26 18:36:32",20
"2026-02-26 18:38:32",20
"2026-02-26 18:40:32",20
"2026-02-26 18:41:32",20
"2026-02-26 18:43:32",20
"2026-02-26 18:44:32",20
"2026-02-26 18:45:32",20
"2026-02-26 18:47:32",20
"2026-02-26 18:48:32",19
"2026-02-26 18:49:32",19
"2026-02-26 18:50:32",19
"2026-02-26 18:51:32",19
"2026-02-26 18:52:32",19
"2026-02-26 18:53:32",19
"2026-02-26 18:55:32",19
"2026-02-26 18:57:32",19
"2026-02-26 18:58:32",19
"2026-02-26 19:00:32",19
"2026-02-26 19:02:32",19
"2026-02-26 19:04:32",19
"2026-02-26 19:06:32",19
"2026-02-26 19:08:32",19
"2026-02-26 19:09:32",20
"2026-02-26 19:10:32",20
"2026-02-26 19:11:32",20
"2026-02-26 19:12:32",20
"2026-02-26 19:13:32",20
"2026-02-26 19:15:32",20
"2026-02-26 19:16:32",20
"2026-02-26 19:19:32",20
"2026-02-26 19:22:32",21
"2026-02-26 19:25:32",21
"2026-02-26 19:31:32",21
"2026-02-26 19:40:32",21
"2026-02-26 20:01:32",21
"2026-02-26 20:05:32",21
"2026-02-26 20:08:32",21
"2026-02-26 20:09:32",21
"2026-02-26 20:10:32",21
"2026-02-26 20:11:32",21
"2026-02-26 20:12:32",21
"2026-02-26 20:15:32",21
"2026-02-26 20:16:32",21
"2026-02-26 20:40:32",21
"2026-02-26 20:43:32",21
"2026-02-26 21:05:32",21
"2026-02-26 21:12:32",21
"2026-02-26 21:14:32",21
"2026-02-26 21:15:32",21
"2026-02-26 21:16:32",21
"2026-02-26 21:36:32",21
"2026-02-26 21:37:32",21
"2026-02-26 21:47:32",21
"2026-02-26 21:48:32",21
"2026-02-26 21:51:32",21
"2026-02-26 22:03:32",21
"2026-02-26 22:08:32",21
"2026-02-26 22:12:32",21
"2026-02-26 22:22:32",20
"2026-02-26 22:29:32",20
"2026-02-26 22:40:32",20
"2026-02-26 22:55:32",20
"2026-02-26 23:11:32",20
"2026-02-26 23:27:32",20
"2026-02-26 23:28:32",20
"2026-02-26 23:30:32",20
"2026-02-26 23:55:32",20
"2026-02-27 00:32:32",20
"2026-02-27 00:33:32",20
"2026-02-27 00:35:32",20
"2026-02-27 00:39:32",20
"2026-02-27 00:40:32",20
"2026-02-27 01:27:32",20
"2026-02-27 01:29:32",20
"2026-02-27 01:31:32",20
"2026-02-27 01:54:32",20
"2026-02-27 01:55:32",20
"2026-02-27 02:10:32",20
"2026-02-27 03:06:32",19
"2026-02-27 03:07:32",20
"2026-02-27 03:10:32",19
"2026-02-27 03:11:32",20
"2026-02-27 03:14:32",19
"2026-02-27 03:15:32",20
"2026-02-27 03:19:32",19
"2026-02-27 03:22:32",20
"2026-02-27 03:27:32",19
"2026-02-27 03:34:32",20
"2026-02-27 03:35:32",19
"2026-02-27 03:36:32",20
"2026-02-27 03:39:32",19
"2026-02-27 03:40:32",20
"2026-02-27 03:42:32",19
"2026-02-27 03:51:32",19
"2026-02-27 03:58:32",19
"2026-02-27 04:09:32",19
"2026-02-27 04:10:32",19
"2026-02-27 04:13:32",19
"2026-02-27 04:15:32",19
"2026-02-27 04:16:32",19
"2026-02-27 04:18:32",19
"2026-02-27 04:22:32",19
"2026-02-27 04:23:32",19
"2026-02-27 04:31:32",19
"2026-02-27 04:32:32",19
"2026-02-27 04:33:32",19
"2026-02-27 04:34:32",19
"2026-02-27 04:37:32",19
"2026-02-27 04:39:32",19
"2026-02-27 04:40:32",19
"2026-02-27 04:50:32",19
"2026-02-27 04:52:32",19
"2026-02-27 04:59:32",19
"2026-02-27 05:00:32",19
"2026-02-27 05:30:32",19
"2026-02-27 05:32:32",19
"2026-02-27 05:38:32",19
"2026-02-27 05:41:32",19
"2026-02-27 05:57:32",19
"2026-02-27 06:02:32",19
"2026-02-27 06:07:32",19
"2026-02-27 06:16:32",19
"2026-02-27 06:34:32",19
"2026-02-27 06:35:32",19
"2026-02-27 06:45:32",19
"2026-02-27 06:46:32",19
"2026-02-27 06:52:32",19
"2026-02-27 06:54:32",19
"2026-02-27 07:28:32",19
"2026-02-27 07:29:32",19
"2026-02-27 07:30:32",19
"2026-02-27 07:31:32",19
"2026-02-27 07:39:32",19
"2026-02-27 07:40:32",19
"2026-02-27 07:41:32",19
"2026-02-27 07:42:32",19
"2026-02-27 07:51:32",19
"2026-02-27 07:52:32",19
"2026-02-27 07:58:32",19
"2026-02-27 07:59:32",19
"2026-02-27 08:20:32",19
"2026-02-27 08:23:32",19
"2026-02-27 08:27:32",19
"2026-02-27 08:29:32",19
"2026-02-27 08:35:32",19
"2026-02-27 08:36:32",19
"2026-02-27 08:38:32",19
"2026-02-27 08:43:32",19
"2026-02-27 08:46:32",19
"2026-02-27 08:48:32",19
"2026-02-27 08:58:32",19
"2026-02-27 09:02:32",19
"2026-02-27 09:03:32",19
"2026-02-27 09:05:32",20
"2026-02-27 09:06:32",19
"2026-02-27 09:14:32",20
"2026-02-27 09:15:32",19
"2026-02-27 09:22:32",20
"2026-02-27 09:26:32",19
"2026-02-27 09:27:32",20
"2026-02-27 09:28:32",19
"2026-02-27 09:30:32",20
"2026-02-27 09:36:32",19
"2026-02-27 09:43:32",20
"2026-02-27 09:46:32",20
"2026-02-27 09:47:32",20
"2026-02-27 09:51:32",20
"2026-02-27 09:52:32",20
"2026-02-27 09:57:32",19
"2026-02-27 10:06:32",20
"2026-02-27 10:08:32",20
"2026-02-27 10:09:32",20
"2026-02-27 10:11:32",19
"2026-02-27 10:22:32",20
"2026-02-27 10:25:32",20
"2026-02-27 10:26:32",20
"2026-02-27 10:27:32",20
"2026-02-27 10:32:32",20
"2026-02-27 10:42:32",20
"2026-02-27 10:59:32",20
"2026-02-27 11:00:32",20
"2026-02-27 11:03:32",20
"2026-02-27 11:05:32",20
"2026-02-27 11:09:32",20
"2026-02-27 11:13:32",20
"2026-02-27 11:16:32",20
"2026-02-27 11:17:32",20
"2026-02-27 11:20:32",20
"2026-02-27 11:21:32",20
"2026-02-27 11:22:32",20
"2026-02-27 11:25:32",20
"2026-02-27 11:27:32",20
"2026-02-27 11:29:32",20
"2026-02-27 11:31:32",20
"2026-02-27 11:33:32",20
"2026-02-27 11:34:32",20
"2026-02-27 11:40:32",20
"2026-02-27 11:43:32",20
"2026-02-27 11:48:32",20
"2026-02-27 11:55:32",20
"2026-02-27 11:57:32",20
"2026-02-27 12:02:32",20
"2026-02-27 12:08:32",20
"2026-02-27 12:11:32",20
"2026-02-27 12:15:32",20
"2026-02-27 12:24:32",20
"2026-02-27 12:30:32",20
"2026-02-27 12:31:32",20
"2026-02-27 12:40:32",20
"2026-02-27 12:41:32",20
"2026-02-27 12:46:32",20
"2026-02-27 12:48:32",20
"2026-02-27 12:50:32",20
"2026-02-27 13:21:32",20
"2026-02-27 13:22:32",20
"2026-02-27 13:23:32",20
"2026-02-27 13:24:32",20
"2026-02-27 13:25:32",20
"2026-02-27 13:28:32",20
"2026-02-27 13:32:32",20
"2026-02-27 13:33:32",20
"2026-02-27 13:34:32",20
"2026-02-27 13:36:32",20
"2026-02-27 13:48:32",20
"2026-02-27 13:49:32",20
"2026-02-27 13:53:32",20
"2026-02-27 13:54:32",20
"2026-02-27 13:59:32",20
"2026-02-27 14:00:32",20
"2026-02-27 14:02:32",20
"2026-02-27 14:04:32",20
"2026-02-27 14:09:32",20
"2026-02-27 14:11:32",20
"2026-02-27 14:12:32",20
"2026-02-27 14:14:32",20
"2026-02-27 14:18:32",20
"2026-02-27 14:20:32",20
"2026-02-27 14:22:32",20
"2026-02-27 14:24:32",20
"2026-02-27 14:41:32",20
"2026-02-27 14:42:32",20
"2026-02-27 14:47:32",20
"2026-02-27 15:00:32",20
"2026-02-27 15:09:32",20
"2026-02-27 15:10:32",20
"2026-02-27 15:11:32",20
"2026-02-27 15:32:32",20
"2026-02-27 15:33:32",20
"2026-02-27 15:34:32",20
"2026-02-27 15:44:32",20
"2026-02-27 16:09:32",20
"2026-02-27 16:36:32",20
"2026-02-27 16:37:32",20
"2026-02-27 16:40:32",20
"2026-02-27 16:57:32",20
"2026-02-27 17:02:32",20
"2026-02-27 17:03:32",20
"2026-02-27 17:12:32",20
"2026-02-27 17:15:32",20
"2026-02-27 17:19:32",20
"2026-02-27 17:21:32",20
"2026-02-27 17:23:32",20
"2026-02-27 17:29:32",20
"2026-02-27 17:37:32",21
"2026-02-27 17:44:32",21
"2026-02-27 17:47:32",21
"2026-02-27 17:49:32",21
"2026-02-27 17:57:32",21
"2026-02-27 17:59:32",20
"2026-02-27 18:01:32",21
"2026-02-27 18:10:32",20
"2026-02-27 18:16:32",20
"2026-02-27 18:17:32",20
"2026-02-27 18:22:32",20
"2026-02-27 18:24:32",20
"2026-02-27 18:30:32",20
"2026-02-27 18:32:32",20
"2026-02-27 18:35:32",20
"2026-02-27 18:36:32",20
"2026-02-27 18:37:32",20
"2026-02-27 18:38:32",20
"2026-02-27 18:48:32",20
"2026-02-27 18:49:32",20
"2026-02-27 18:51:32",20
"2026-02-27 18:52:32",20
"2026-02-27 18:57:32",21
"2026-02-27 18:58:32",21
"2026-02-27 19:01:32",21
"2026-02-27 19:06:32",21
"2026-02-27 19:07:32",21
"2026-02-27 19:08:32",21
"2026-02-27 19:12:32",21
"2026-02-27 19:13:32",21
"2026-02-27 19:24:32",21
"2026-02-27 19:30:32",21
"2026-02-27 19:33:32",21
"2026-02-27 19:35:32",21
"2026-02-27 19:38:32",21
"2026-02-27 19:39:32",21
"2026-02-27 19:49:32",21
"2026-02-27 19:50:32",21
"2026-02-27 19:51:32",21
"2026-02-27 19:55:32",21
"2026-02-27 19:58:32",21
"2026-02-27 20:09:32",21
"2026-02-27 20:12:32",21
"2026-02-27 20:15:32",21
"2026-02-27 20:18:32",21
"2026-02-27 20:27:32",21
"2026-02-27 20:29:32",21
"2026-02-27 20:31:32",21
"2026-02-27 20:32:32",21
"2026-02-27 20:34:32",21
"2026-02-27 20:41:32",21
"2026-02-27 20:44:32",21
"2026-02-27 20:54:32",21
"2026-02-27 21:07:32",21
"2026-02-27 21:09:32",21
"2026-02-27 21:10:32",21
"2026-02-27 21:11:32",21
"2026-02-27 21:12:32",21
"2026-02-27 21:30:32",21
"2026-02-27 21:32:32",21
"2026-02-27 21:51:32",21
"2026-02-27 21:53:32",21
"2026-02-27 21:54:32",21
"2026-02-27 21:55:32",21
"2026-02-27 22:00:32",21
"2026-02-27 22:01:32",21
"2026-02-27 22:04:32",21
"2026-02-27 22:10:32",21
"2026-02-27 22:16:32",21
"2026-02-27 22:18:32",21
"2026-02-27 22:21:32",21
"2026-02-27 22:24:32",21
"2026-02-27 22:28:32",21
"2026-02-27 22:34:32",21
"2026-02-27 22:43:32",21
"2026-02-27 22:45:32",21
"2026-02-27 22:46:32",21
"2026-02-27 22:53:32",21
"2026-02-27 23:00:32",21
"2026-02-27 23:12:32",21
"2026-02-27 23:13:32",21
"2026-02-27 23:16:32",21
"2026-02-27 23:19:32",21
"2026-02-27 23:24:32",21
"2026-02-27 23:25:32",21
"2026-02-27 23:28:32",21
"2026-02-27 23:45:32",21
"2026-02-27 23:46:32",21
"2026-02-27 23:48:32",21
"2026-02-27 23:50:32",21
"2026-02-27 23:51:32",21
"2026-02-27 23:53:32",21
"2026-02-28 00:00:32",21
"2026-02-28 00:06:32",21
"2026-02-28 00:12:32",21
"2026-02-28 00:16:32",20
"2026-02-28 00:23:32",20
"2026-02-28 00:27:32",20
"2026-02-28 00:34:32",20
"2026-02-28 00:40:32",20
"2026-02-28 00:46:32",20
"2026-02-28 00:55:32",20
"2026-02-28 01:02:32",20
"2026-02-28 01:03:32",20
"2026-02-28 01:08:32",20
"2026-02-28 01:17:32",20
"2026-02-28 01:23:32",20
"2026-02-28 01:27:32",20
"2026-02-28 01:28:32",20
"2026-02-28 01:34:32",19
"2026-02-28 01:46:32",19
"2026-02-28 02:02:32",19
"2026-02-28 02:09:32",19
"2026-02-28 02:16:32",19
"2026-02-28 02:18:32",19
"2026-02-28 02:32:32",19
"2026-02-28 02:36:32",19
"2026-02-28 02:38:32",19
"2026-02-28 03:04:32",19
"2026-02-28 03:06:32",19
"2026-02-28 03:14:32",19
"2026-02-28 03:18:32",19
"2026-02-28 03:19:32",19
"2026-02-28 04:03:32",19
"2026-02-28 04:04:32",19
"2026-02-28 04:05:32",19
"2026-02-28 04:06:32",19
"2026-02-28 04:12:32",19
"2026-02-28 04:15:32",19
"2026-02-28 04:16:32",19
"2026-02-28 04:49:32",19
"2026-02-28 04:50:32",19
"2026-02-28 04:52:32",19
"2026-02-28 04:53:32",19
"2026-02-28 04:55:32",19
"2026-02-28 04:58:32",19
"2026-02-28 04:59:32",19
"2026-02-28 05:00:32",19
"2026-02-28 05:02:32",19
"2026-02-28 05:03:32",19
"2026-02-28 05:04:32",19
"2026-02-28 05:05:32",19
"2026-02-28 05:08:32",19
"2026-02-28 05:11:32",19
"2026-02-28 05:12:32",19
"2026-02-28 05:14:32",19
"2026-02-28 05:15:32",19
"2026-02-28 05:18:32",19
"2026-02-28 05:21:32",19
"2026-02-28 05:22:32",19
"2026-02-28 05:23:32",19
"2026-02-28 05:24:32",19
"2026-02-28 05:27:32",19
"2026-02-28 05:28:32",19
"2026-02-28 05:29:32",19
"2026-02-28 06:01:32",19
"2026-02-28 06:02:32",19
"2026-02-28 06:16:32",19
"2026-02-28 06:17:32",19
"2026-02-28 06:18:32",19
"2026-02-28 06:20:32",19
"2026-02-28 06:22:32",19
"2026-02-28 06:27:32",19
"2026-02-28 06:29:32",19
"2026-02-28 06:32:32",19
"2026-02-28 06:34:32",19
"2026-02-28 06:35:32",19
"2026-02-28 06:36:32",19
"2026-02-28 06:55:32",19
"2026-02-28 06:59:32",19
"2026-02-28 08:17:32",19
"2026-02-28 08:18:32",19
"2026-02-28 08:29:32",19
"2026-02-28 08:30:32",19
"2026-02-28 08:34:32",19
"2026-02-28 08:35:32",19
"2026-02-28 08:38:32",19
"2026-02-28 08:40:32",19
"2026-02-28 08:41:32",19
"2026-02-28 08:42:32",19
"2026-02-28 08:57:32",19
"2026-02-28 08:58:32",19
"2026-02-28 09:04:32",19
"2026-02-28 09:05:32",19
"2026-02-28 09:07:32",19
"2026-02-28 09:14:32",19
"2026-02-28 09:15:32",19
"2026-02-28 09:16:32",19
"2026-02-28 09:18:32",19
"2026-02-28 09:22:32",19
"2026-02-28 09:23:32",19
"2026-02-28 09:24:32",19
"2026-02-28 09:29:32",19
"2026-02-28 09:30:32",19
"2026-02-28 09:32:32",19
"2026-02-28 09:33:32",19
"2026-02-28 10:48:32",19
"2026-02-28 10:58:32",19
"2026-02-28 11:02:32",19
"2026-02-28 11:09:32",19
"2026-02-28 11:17:32",19
"2026-02-28 11:21:32",19
"2026-02-28 11:26:32",19
"2026-02-28 11:39:32",19
"2026-02-28 11:43:32",19
"2026-02-28 11:48:32",19
"2026-02-28 11:49:32",19
"2026-02-28 11:50:32",19
"2026-02-28 11:51:32",19
"2026-02-28 11:55:32",19
"2026-02-28 11:57:32",19
"2026-02-28 12:04:32",19
"2026-02-28 12:05:32",20
"2026-02-28 12:06:32",19
"2026-02-28 12:07:32",20
"2026-02-28 12:14:32",19
"2026-02-28 12:15:32",20
"2026-02-28 12:23:32",19
"2026-02-28 12:29:32",20
"2026-02-28 12:37:32",19
"2026-02-28 12:52:32",20
"2026-02-28 13:10:32",20
"2026-02-28 13:11:32",20
"2026-02-28 13:26:32",20
"2026-02-28 13:27:32",20
"2026-02-28 13:28:32",20
"2026-02-28 13:29:32",20
"2026-02-28 13:37:32",20
"2026-02-28 13:45:32",20
"2026-02-28 13:56:32",19
"2026-02-28 14:02:32",20
"2026-02-28 14:07:32",20
"2026-02-28 14:09:32",20
"2026-02-28 14:11:32",20
"2026-02-28 14:15:32",20
"2026-02-28 14:24:32",20
"2026-02-28 14:25:32",20
"2026-02-28 14:30:32",20
"2026-02-28 14:41:32",20
"2026-02-28 14:49:32",20
"2026-02-28 14:54:32",20
"2026-02-28 14:57:32",20
"2026-02-28 15:00:32",20
"2026-02-28 15:05:32",20
"2026-02-28 15:11:32",20
"2026-02-28 15:12:32",20
"2026-02-28 15:14:32",20
"2026-02-28 15:15:32",20
"2026-02-28 15:16:32",20
"2026-02-28 15:22:32",20
"2026-02-28 15:24:32",20
"2026-02-28 15:27:32",20
"2026-02-28 15:29:32",20
"2026-02-28 15:40:32",20
"2026-02-28 15:41:32",20
"2026-02-28 15:44:32",20
"2026-02-28 15:47:32",20
"2026-02-28 15:53:32",20
"2026-02-28 15:54:32",20
"2026-02-28 16:00:32",20
"2026-02-28 16:02:32",20
"2026-02-28 16:03:32",20
"2026-02-28 16:06:32",20
"2026-02-28 16:10:32",21
"2026-02-28 16:14:32",20
"2026-02-28 16:20:32",20
"2026-02-28 16:21:32",20
"2026-02-28 16:22:32",20
"2026-02-28 16:27:32",20
"2026-02-28 16:28:32",20
"2026-02-28 16:35:32",20
"2026-02-28 16:37:32",20
"2026-02-28 16:42:32",20
"2026-02-28 16:44:32",20
"2026-02-28 16:48:32",20
"2026-02-28 16:53:32",20
"2026-02-28 16:57:32",20
"2026-02-28 16:58:32",20
"2026-02-28 17:02:32",20
"2026-02-28 17:04:32",20
"2026-02-28 17:11:32",20
"2026-02-28 17:13:32",20
"2026-02-28 17:15:32",20
"2026-02-28 17:16:32",20
"2026-02-28 17:17:32",20
"2026-02-28 17:21:32",21
"2026-02-28 17:29:32",20
"2026-02-28 17:33:32",20
"2026-02-28 17:37:32",20
"2026-02-28 17:41:32",20
"2026-02-28 17:48:32",20
"2026-02-28 17:51:32",20
"2026-02-28 18:09:32",20
"2026-02-28 18:16:32",20
"2026-02-28 18:17:32",20
"2026-02-28 18:26:32",20
"2026-02-28 18:28:32",20
"2026-02-28 18:34:32",20
"2026-02-28 18:37:32",20
"2026-02-28 18:44:32",20
"2026-02-28 18:46:32",20
"2026-02-28 18:52:32",20
"2026-02-28 18:54:32",20
"2026-02-28 18:59:32",20
"2026-02-28 19:02:32",20
"2026-02-28 19:14:32",20
"2026-02-28 19:19:32",20
"2026-02-28 19:21:32",20
"2026-02-28 19:22:32",20
"2026-02-28 19:27:32",20
"2026-02-28 19:36:32",20
"2026-02-28 19:37:32",20
"2026-02-28 19:40:32",20
"2026-02-28 19:41:32",21
"2026-02-28 19:48:32",21
"2026-02-28 19:51:32",21
"2026-02-28 19:52:32",21
"2026-02-28 19:55:32",21
"2026-02-28 19:56:32",21
"2026-02-28 20:05:32",21
"2026-02-28 20:11:32",20
"2026-02-28 20:14:32",21
"2026-02-28 20:15:32",21
"2026-02-28 20:26:32",21
"2026-02-28 20:27:32",21
"2026-02-28 20:29:32",21
"2026-02-28 20:30:32",21
"2026-02-28 20:42:32",21
"2026-02-28 20:45:32",20
"2026-02-28 20:57:32",21
"2026-02-28 21:00:32",20
"2026-02-28 21:05:32",20
"2026-02-28 21:33:32",20
"2026-02-28 21:35:32",20
"2026-02-28 21:37:32",20
"2026-02-28 21:39:32",20
"2026-02-28 21:44:32",20
"2026-02-28 21:48:32",20
"2026-02-28 21:49:32",20
"2026-02-28 21:50:32",20
"2026-02-28 21:53:32",20
"2026-02-28 22:01:32",21
"2026-02-28 22:02:32",20
"2026-02-28 22:20:32",21
"2026-02-28 22:23:32",20
"2026-02-28 22:26:32",21
"2026-02-28 22:29:32",20
"2026-02-28 22:30:32",20
"2026-02-28 22:37:32",20
"2026-02-28 22:40:32",21
"2026-02-28 22:41:32",20
"2026-02-28 22:42:32",21
"2026-02-28 22:49:32",21
"2026-02-28 22:52:32",21
"2026-02-28 22:58:32",21
"2026-02-28 23:15:32",21
"2026-02-28 23:16:32",21
"2026-02-28 23:18:32",21
"2026-02-28 23:19:32",21
"2026-02-28 23:26:32",21
"2026-02-28 23:35:32",21
"2026-02-28 23:41:32",21
"2026-02-28 23:45:32",20
"2026-02-28 23:58:32",20
"2026-03-01 00:02:32",20
"2026-03-01 00:11:32",20
"2026-03-01 00:22:32",20
"2026-03-01 00:23:32",20
"2026-03-01 00:25:32",20
"2026-03-01 00:32:32",20
"2026-03-01 00:37:32",20
"2026-03-01 00:39:32",20
"2026-03-01 00:40:32",20
"2026-03-01 00:52:32",20
"2026-03-01 01:06:32",20
"2026-03-01 01:07:32",20
"2026-03-01 01:08:32",20
"2026-03-01 01:20:32",20
"2026-03-01 01:28:32",19
"2026-03-01 01:30:32",20
"2026-03-01 01:32:32",19
"2026-03-01 01:57:32",19
"2026-03-01 02:26:32",19
"2026-03-01 02:27:32",19
"2026-03-01 02:30:32",19
"2026-03-01 02:32:32",19
"2026-03-01 02:33:32",19
"2026-03-01 02:35:32",19
"2026-03-01 02:36:32",19
"2026-03-01 02:49:32",19
"2026-03-01 02:50:32",19
"2026-03-01 02:51:32",19
"2026-03-01 02:52:32",19
"2026-03-01 03:06:32",19
"2026-03-01 03:07:32",19
"2026-03-01 03:08:32",19
"2026-03-01 03:09:32",19
"2026-03-01 03:11:32",19
"2026-03-01 03:13:32",19
"2026-03-01 03:16:32",19
"2026-03-01 03:43:32",19
"2026-03-01 03:45:32",19
"2026-03-01 03:46:32",19
"2026-03-01 03:53:32",19
"2026-03-01 03:59:32",19
"2026-03-01 04:05:32",19
"2026-03-01 04:11:32",19
"2026-03-01 04:12:32",19
"2026-03-01 04:15:32",19
"2026-03-01 04:16:32",19
"2026-03-01 04:17:32",19
"2026-03-01 04:18:32",19
"2026-03-01 04:19:32",19
"2026-03-01 04:20:32",19
"2026-03-01 04:21:32",19
"2026-03-01 04:22:32",19
"2026-03-01 04:24:32",19
"2026-03-01 04:25:32",19
"2026-03-01 04:28:32",19
"2026-03-01 04:29:32",19
"2026-03-01 04:31:32",19
"2026-03-01 04:32:32",19
"2026-03-01 04:34:32",19
"2026-03-01 05:16:32",19
"2026-03-01 05:17:32",19
"2026-03-01 05:20:32",19
"2026-03-01 05:21:32",19
"2026-03-01 05:34:32",19
"2026-03-01 05:35:32",19
"2026-03-01 05:40:32",19
"2026-03-01 05:41:32",19
"2026-03-01 06:07:32",19
"2026-03-01 06:09:32",19
"2026-03-01 06:14:32",19
"2026-03-01 06:15:32",19
"2026-03-01 06:16:32",19
"2026-03-01 06:19:32",19
"2026-03-01 06:20:32",19
"2026-03-01 06:21:32",19
"2026-03-01 06:22:32",19
"2026-03-01 06:23:32",19
"2026-03-01 06:24:32",19
"2026-03-01 06:28:32",19
"2026-03-01 06:29:32",19
"2026-03-01 06:48:32",19
"2026-03-01 06:50:32",19
"2026-03-01 06:51:32",19
"2026-03-01 06:53:32",19
"2026-03-01 07:15:32",19
"2026-03-01 07:16:32",19
"2026-03-01 07:30:32",19
"2026-03-01 07:32:32",19
"2026-03-01 07:49:32",19
"2026-03-01 07:50:32",19
"2026-03-01 08:40:32",19
"2026-03-01 08:41:32",19
"2026-03-01 08:42:32",19
"2026-03-01 08:43:32",19
"2026-03-01 08:45:32",19
"2026-03-01 09:47:32",19
"2026-03-01 09:48:32",19
"2026-03-01 09:49:32",19
"2026-03-01 09:51:32",19
"2026-03-01 09:54:32",19
"2026-03-01 09:56:32",19
"2026-03-01 09:59:32",19
"2026-03-01 10:00:32",19
"2026-03-01 10:01:32",19
"2026-03-01 10:03:32",19
"2026-03-01 10:04:32",19
"2026-03-01 10:28:32",19
"2026-03-01 10:29:32",19
"2026-03-01 10:32:32",19
"2026-03-01 10:56:32",19
"2026-03-01 11:01:32",19
"2026-03-01 11:25:32",19
"2026-03-01 11:32:32",19
"2026-03-01 11:34:32",19
"2026-03-01 11:43:32",19
"2026-03-01 11:51:32",20
"2026-03-01 11:53:32",20
"2026-03-01 12:02:32",20
"2026-03-01 12:11:32",20
"2026-03-01 12:13:32",20
"2026-03-01 12:16:32",20
"2026-03-01 12:26:32",20
"2026-03-01 12:30:32",20
"2026-03-01 12:32:32",20
"2026-03-01 12:35:32",20
"2026-03-01 12:38:32",20
"2026-03-01 12:40:32",20
"2026-03-01 12:42:32",20
"2026-03-01 12:55:32",20
"2026-03-01 12:58:32",20
"2026-03-01 12:59:32",20
"2026-03-01 13:03:32",20
"2026-03-01 13:06:32",20
"2026-03-01 13:23:32",20
"2026-03-01 13:30:32",20
"2026-03-01 13:34:32",20
"2026-03-01 13:48:32",20
"2026-03-01 14:08:32",20
"2026-03-01 14:12:32",20
"2026-03-01 14:14:32",20
"2026-03-01 14:22:32",20
"2026-03-01 14:23:32",20
"2026-03-01 14:37:32",20
"2026-03-01 14:46:32",20
"2026-03-01 14:47:32",20
"2026-03-01 14:51:32",20
"2026-03-01 15:00:32",20
"2026-03-01 15:02:32",20
"2026-03-01 15:13:32",20
"2026-03-01 15:33:32",20
"2026-03-01 15:39:32",20
"2026-03-01 15:41:32",20
"2026-03-01 15:42:32",21
"2026-03-01 15:43:32",21
"2026-03-01 15:44:32",21
"2026-03-01 15:46:32",21
"2026-03-01 15:48:32",21
"2026-03-01 15:49:32",21
"2026-03-01 15:52:32",21
"2026-03-01 15:54:32",21
"2026-03-01 15:55:32",21
"2026-03-01 15:56:32",21
"2026-03-01 15:57:32",22
"2026-03-01 16:00:32",22
"2026-03-01 16:01:32",22
"2026-03-01 16:05:32",21
"2026-03-01 16:15:32",21
"2026-03-01 16:16:32",21
"2026-03-01 16:17:32",21
"2026-03-01 16:18:32",21
"2026-03-01 16:23:32",21
"2026-03-01 16:32:32",21
"2026-03-01 16:35:32",21
"2026-03-01 16:49:32",21
"2026-03-01 16:50:32",21
"2026-03-01 16:59:32",21
"2026-03-01 17:04:32",21
"2026-03-01 17:13:32",21
"2026-03-01 17:15:32",21
"2026-03-01 17:21:32",21
"2026-03-01 17:26:32",21
"2026-03-01 17:37:32",21
"2026-03-01 17:41:32",21
"2026-03-01 17:44:32",21
"2026-03-01 17:47:32",21
"2026-03-01 17:49:32",21
"2026-03-01 17:50:32",21
"2026-03-01 17:55:32",21
"2026-03-01 17:58:32",21
"2026-03-01 17:59:32",21
"2026-03-01 18:05:32",21
"2026-03-01 18:06:32",21
"2026-03-01 18:07:32",21
"2026-03-01 18:10:32",21
"2026-03-01 18:13:32",21
"2026-03-01 18:14:32",21
"2026-03-01 18:15:32",21
"2026-03-01 18:24:32",21
"2026-03-01 18:25:32",21
"2026-03-01 18:26:32",21
"2026-03-01 18:27:32",21
"2026-03-01 18:28:32",21
"2026-03-01 18:29:32",20
"2026-03-01 18:32:32",20
"2026-03-01 18:34:32",20
"2026-03-01 18:36:32",20
"2026-03-01 18:41:32",20
"2026-03-01 18:42:32",20
"2026-03-01 18:43:32",20
"2026-03-01 18:44:32",19
"2026-03-01 18:46:32",20
"2026-03-01 18:47:32",20
"2026-03-01 18:48:32",20
"2026-03-01 18:49:32",20
"2026-03-01 18:50:32",20
"2026-03-01 18:51:32",20
"2026-03-01 18:53:32",20
"2026-03-01 18:54:32",21
"2026-03-01 18:56:32",21
"2026-03-01 19:05:32",21
"2026-03-01 19:07:32",21
"2026-03-01 19:09:32",21
"2026-03-01 19:14:32",21
"2026-03-01 19:24:32",21
"2026-03-01 19:28:32",21
"2026-03-01 19:30:32",21
"2026-03-01 19:36:32",20
"2026-03-01 19:37:32",21
"2026-03-01 19:38:32",20
"2026-03-01 19:42:32",21
"2026-03-01 19:47:32",20
"2026-03-01 19:52:32",20
"2026-03-01 19:56:32",20
"2026-03-01 19:57:32",20
"2026-03-01 19:58:32",20
"2026-03-01 20:11:32",21
"2026-03-01 20:15:32",20
"2026-03-01 20:18:32",21
"2026-03-01 20:19:32",20
"2026-03-01 20:21:32",21
"2026-03-01 20:23:32",21
"2026-03-01 20:35:32",21
"2026-03-01 20:42:32",21
"2026-03-01 20:44:32",21
"2026-03-01 20:46:32",21
"2026-03-01 20:48:32",21
"2026-03-01 20:51:32",20
"2026-03-01 20:59:32",20
"2026-03-01 21:14:32",20
"2026-03-01 21:15:32",20
"2026-03-01 21:23:32",20
"2026-03-01 21:24:32",20
"2026-03-01 21:47:32",20
"2026-03-01 21:49:32",20
"2026-03-01 21:53:32",20
"2026-03-01 21:54:32",20
"2026-03-01 21:56:32",20
"2026-03-01 21:57:32",20
"2026-03-01 21:59:32",20
"2026-03-01 22:08:32",20
"2026-03-01 22:09:32",20
"2026-03-01 22:10:32",20
"2026-03-01 22:25:32",20
"2026-03-01 22:28:32",20
"2026-03-01 22:29:32",20
"2026-03-01 23:01:32",20
"2026-03-01 23:03:32",20
"2026-03-01 23:33:32",20
"2026-03-01 23:35:32",20
"2026-03-01 23:36:32",20
"2026-03-01 23:45:32",20
"2026-03-01 23:46:32",20
"2026-03-01 23:49:32",20
"2026-03-01 23:50:32",20
"2026-03-02 00:01:32",20
"2026-03-02 00:02:32",20
"2026-03-02 00:06:32",20
"2026-03-02 00:07:32",20
"2026-03-02 00:19:32",20
"2026-03-02 00:23:32",20
"2026-03-02 00:46:32",20
"2026-03-02 00:50:32",20
"2026-03-02 00:57:32",20
"2026-03-02 01:21:32",20
"2026-03-02 01:22:32",20
"2026-03-02 01:23:32",20
"2026-03-02 01:56:32",19
"2026-03-02 02:01:32",20
"2026-03-02 02:13:32",19
"2026-03-02 02:27:32",19
"2026-03-02 02:28:32",19
"2026-03-02 02:40:32",19
"2026-03-02 02:59:32",19
"2026-03-02 03:00:32",19
"2026-03-02 03:05:32",19
"2026-03-02 03:07:32",19
"2026-03-02 04:28:32",19
"2026-03-02 04:30:32",19
"2026-03-02 04:50:32",19
"2026-03-02 04:51:32",19
"2026-03-02 04:52:32",19
"2026-03-02 04:53:32",19
"2026-03-02 04:58:32",19
"2026-03-02 05:00:32",19
"2026-03-02 05:01:32",19
"2026-03-02 05:06:32",19
"2026-03-02 05:08:32",19
"2026-03-02 05:10:32",19
"2026-03-02 05:11:32",19
"2026-03-02 05:18:32",19
"2026-03-02 05:20:32",19
"2026-03-02 05:29:32",19
"2026-03-02 05:35:32",19
"2026-03-02 05:50:32",19
"2026-03-02 05:51:32",19
"2026-03-02 06:07:32",19
"2026-03-02 06:08:32",19
"2026-03-02 06:10:32",19
"2026-03-02 06:11:32",19
"2026-03-02 06:33:32",19
"2026-03-02 06:39:32",19
"2026-03-02 06:43:32",19
"2026-03-02 06:44:32",19
"2026-03-02 06:47:32",19
"2026-03-02 06:54:32",19
"2026-03-02 07:00:32",19
"2026-03-02 07:03:32",19
"2026-03-02 07:04:32",19
"2026-03-02 07:13:32",19
"2026-03-02 07:17:32",19
"2026-03-02 07:18:32",19
"2026-03-02 07:32:32",19
"2026-03-02 07:34:32",19
"2026-03-02 07:35:32",19
"2026-03-02 07:47:32",19
"2026-03-02 07:48:32",19
"2026-03-02 07:49:32",19
"2026-03-02 07:52:32",19
"2026-03-02 07:53:32",19
"2026-03-02 07:54:32",19
"2026-03-02 08:04:32",19
"2026-03-02 08:11:32",19
"2026-03-02 08:13:32",19
"2026-03-02 08:15:32",19
"2026-03-02 08:16:32",19
"2026-03-02 08:17:32",19
"2026-03-02 08:18:32",19
"2026-03-02 08:20:32",19
"2026-03-02 08:25:32",19
"2026-03-02 08:26:32",19
"2026-03-02 08:27:32",19
"2026-03-02 08:28:32",19
"2026-03-02 08:32:32",19
"2026-03-02 08:34:32",19
"2026-03-02 08:36:32",19
"2026-03-02 08:37:32",19
"2026-03-02 08:38:32",19
"2026-03-02 08:46:32",19
"2026-03-02 08:47:32",19
"2026-03-02 08:50:32",19
"2026-03-02 08:51:32",19
"2026-03-02 09:04:32",19
"2026-03-02 09:11:32",19
"2026-03-02 09:12:32",19
"2026-03-02 09:22:32",19
"2026-03-02 09:23:32",19
"2026-03-02 09:24:32",19
"2026-03-02 09:31:32",20
"2026-03-02 09:49:32",20
"2026-03-02 09:54:32",20
"2026-03-02 09:56:32",20
"2026-03-02 09:57:32",20
"2026-03-02 09:58:32",20
"2026-03-02 10:20:32",20
"2026-03-02 10:40:32",20
"2026-03-02 10:52:32",20
"2026-03-02 10:53:32",20
"2026-03-02 11:08:32",20
"2026-03-02 11:09:32",20
"2026-03-02 11:13:32",20
"2026-03-02 11:14:32",20
"2026-03-02 11:21:32",20
"2026-03-02 11:24:32",20
"2026-03-02 11:48:32",20
"2026-03-02 11:49:32",20
"2026-03-02 11:50:32",20
"2026-03-02 12:03:32",20
"2026-03-02 12:04:32",20
"2026-03-02 12:08:32",20
"2026-03-02 12:10:32",20
"2026-03-02 12:20:32",20
"2026-03-02 12:22:32",20
"2026-03-02 12:36:32",20
"2026-03-02 12:38:32",20
"2026-03-02 12:39:32",20
"2026-03-02 12:40:32",20
"2026-03-02 12:41:32",20
"2026-03-02 12:44:32",20
"2026-03-02 13:04:32",20
"2026-03-02 13:12:32",20
"2026-03-02 13:17:32",20
"2026-03-02 13:18:32",20
"2026-03-02 13:20:32",20
"2026-03-02 13:25:32",20
"2026-03-02 13:26:32",20
"2026-03-02 13:27:32",20
"2026-03-02 13:30:32",20
"2026-03-02 13:31:32",20
"2026-03-02 13:35:32",20
"2026-03-02 13:36:32",20
"2026-03-02 13:38:32",20
"2026-03-02 13:39:32",20
"2026-03-02 13:44:32",20
"2026-03-02 13:46:32",20
"2026-03-02 13:47:32",20
"2026-03-02 13:48:32",20
"2026-03-02 13:51:32",20
"2026-03-02 13:52:32",20
"2026-03-02 13:58:32",20
"2026-03-02 13:59:32",20
"2026-03-02 14:00:32",20
"2026-03-02 14:01:32",20
"2026-03-02 14:06:32",20
"2026-03-02 14:30:32",20
"2026-03-02 14:31:32",20
"2026-03-02 14:38:32",20
"2026-03-02 14:39:32",20
"2026-03-02 14:45:32",20
"2026-03-02 14:46:32",20
"2026-03-02 14:47:32",20
"2026-03-02 14:49:32",20
"2026-03-02 14:52:32",20
"2026-03-02 14:53:32",20
"2026-03-02 14:55:32",20
"2026-03-02 14:56:32",20
"2026-03-02 14:58:32",20
"2026-03-02 14:59:32",20
"2026-03-02 15:17:32",20
"2026-03-02 15:18:32",20
"2026-03-02 15:41:32",20
"2026-03-02 15:50:32",20
"2026-03-02 15:52:32",20
"2026-03-02 15:57:32",20
"2026-03-02 16:00:32",20
"2026-03-02 16:01:32",20
"2026-03-02 16:04:32",20
"2026-03-02 16:23:32",20
"2026-03-02 16:24:32",20
"2026-03-02 16:27:32",20
"2026-03-02 16:47:32",20
"2026-03-02 16:48:32",20
"2026-03-02 16:56:32",20
"2026-03-02 16:59:32",20
"2026-03-02 17:01:32",20
"2026-03-02 17:03:32",20
"2026-03-02 17:04:32",20
"2026-03-02 17:22:32",20
"2026-03-02 17:27:32",20
"2026-03-02 17:30:32",20
"2026-03-02 17:51:32",20
"2026-03-02 17:52:32",20
"2026-03-02 17:58:32",20
"2026-03-02 18:00:32",20
"2026-03-02 18:01:32",20
"2026-03-02 18:07:32",20
"2026-03-02 18:08:32",20
"2026-03-02 18:16:32",20
"2026-03-02 18:17:32",20
"2026-03-02 18:34:32",20
"2026-03-02 18:41:32",20
"2026-03-02 19:04:32",20
"2026-03-02 19:07:32",20
"2026-03-02 19:08:32",20
"2026-03-02 19:14:32",20
"2026-03-02 19:15:32",20
"2026-03-02 19:22:32",20
"2026-03-02 19:24:32",20
"2026-03-02 19:27:32",20
"2026-03-02 19:33:32",20
"2026-03-02 19:36:32",20
"2026-03-02 19:44:32",20
"2026-03-02 19:45:32",20
"2026-03-02 19:47:32",20
"2026-03-02 19:49:32",20
"2026-03-02 19:50:32",20
"2026-03-02 19:52:32",20
"2026-03-02 20:00:32",20
"2026-03-02 20:04:32",20
"2026-03-02 20:08:32",20
"2026-03-02 20:11:32",21
"2026-03-02 20:23:32",20
"2026-03-02 20:32:32",21
"2026-03-02 20:33:32",20
"2026-03-02 20:36:32",21
"2026-03-02 20:42:32",21
"2026-03-02 20:46:32",21
"2026-03-02 20:47:32",21
"2026-03-02 20:57:32",21
"2026-03-02 21:01:32",21
"2026-03-02 21:05:32",21
"2026-03-02 21:06:32",21
"2026-03-02 21:07:32",21
"2026-03-02 21:13:32",20
"2026-03-02 21:17:32",21
"2026-03-02 21:27:32",21
"2026-03-02 21:31:32",21
"2026-03-02 21:34:32",20
"2026-03-02 21:42:32",21
"2026-03-02 21:48:32",21
"2026-03-02 21:50:32",21
"2026-03-02 21:51:32",21
"2026-03-02 21:55:32",21
"2026-03-02 22:01:32",21
"2026-03-02 22:05:32",21
"2026-03-02 22:13:32",20
"2026-03-02 22:21:32",20
"2026-03-02 22:29:32",20
"2026-03-02 22:39:32",20
"2026-03-02 22:50:32",20
"2026-03-02 22:56:32",20
"2026-03-02 23:00:32",20
"2026-03-02 23:01:32",20
"2026-03-02 23:19:32",20
"2026-03-02 23:32:32",20
"2026-03-02 23:44:32",20
"2026-03-03 00:04:32",20
"2026-03-03 00:32:32",19
"2026-03-03 00:33:32",20
"2026-03-03 00:35:32",19
"2026-03-03 00:36:32",20
"2026-03-03 00:44:32",19
"2026-03-03 00:45:32",20
"2026-03-03 00:47:32",19
"2026-03-03 01:13:32",19
"2026-03-03 01:16:32",19
"2026-03-03 01:17:32",19
"2026-03-03 01:22:32",19
"2026-03-03 01:23:32",19
"2026-03-03 01:25:32",19
"2026-03-03 01:26:32",19
"2026-03-03 01:55:32",19
"2026-03-03 01:59:32",19
"2026-03-03 02:00:32",19
"2026-03-03 02:02:32",19
"2026-03-03 02:03:32",19
"2026-03-03 02:04:32",19
"2026-03-03 02:09:32",19
"2026-03-03 02:12:32",19
"2026-03-03 02:13:32",19
"2026-03-03 02:26:32",19
"2026-03-03 02:30:32",19
"2026-03-03 02:45:32",19
"2026-03-03 02:46:32",19
"2026-03-03 02:53:32",19
"2026-03-03 02:55:32",19
"2026-03-03 02:56:32",19
"2026-03-03 02:57:32",19
"2026-03-03 03:00:32",19
"2026-03-03 03:33:32",19
"2026-03-03 03:34:32",19
"2026-03-03 03:35:32",19
"2026-03-03 03:41:32",19
"2026-03-03 03:42:32",19
"2026-03-03 03:43:32",19
"2026-03-03 03:46:32",19
"2026-03-03 03:49:32",19
"2026-03-03 03:50:32",19
"2026-03-03 04:09:32",19
"2026-03-03 04:13:32",19
"2026-03-03 04:30:32",19
"2026-03-03 04:31:32",19
"2026-03-03 04:33:32",19
"2026-03-03 04:39:32",19
"2026-03-03 04:40:32",19
"2026-03-03 04:49:32",19
"2026-03-03 04:51:32",19
"2026-03-03 05:09:32",19
"2026-03-03 05:10:32",19
"2026-03-03 05:11:32",19
"2026-03-03 05:16:32",19
"2026-03-03 05:18:32",19
"2026-03-03 05:25:32",19
"2026-03-03 05:26:32",19
"2026-03-03 05:27:32",19
"2026-03-03 06:30:32",19
"2026-03-03 06:31:32",19
"2026-03-03 06:44:32",19
"2026-03-03 06:45:32",19
"2026-03-03 06:56:32",19
"2026-03-03 07:03:32",19
"2026-03-03 07:07:32",19
"2026-03-03 07:08:32",19
"2026-03-03 07:28:32",19
"2026-03-03 07:30:32",19
"2026-03-03 07:34:32",19
"2026-03-03 07:35:32",19
"2026-03-03 07:36:32",19
"2026-03-03 07:38:32",19
"2026-03-03 07:45:32",19
"2026-03-03 07:47:32",19
"2026-03-03 07:49:32",19
"2026-03-03 07:57:32",19
"2026-03-03 07:59:32",19
"2026-03-03 08:03:32",19
"2026-03-03 08:10:32",19
"2026-03-03 08:23:32",19
"2026-03-03 08:28:32",19
"2026-03-03 08:33:32",19
"2026-03-03 08:34:32",19
"2026-03-03 08:35:32",19
"2026-03-03 08:36:32",19
"2026-03-03 08:40:32",19
"2026-03-03 08:42:32",19
"2026-03-03 08:43:32",19
"2026-03-03 08:51:32",19
"2026-03-03 09:01:32",19
"2026-03-03 09:19:32",19
"2026-03-03 09:20:32",19
"2026-03-03 09:23:32",19
"2026-03-03 09:24:32",19
"2026-03-03 09:26:32",19
"2026-03-03 09:32:32",19
"2026-03-03 09:34:32",19
"2026-03-03 09:36:32",19
"2026-03-03 09:37:32",19
"2026-03-03 09:54:32",19
"2026-03-03 10:02:32",19
"2026-03-03 10:06:32",19
"2026-03-03 10:08:32",19
"2026-03-03 10:09:32",20
"2026-03-03 10:10:32",19
"2026-03-03 10:15:32",20
"2026-03-03 10:19:32",20
"2026-03-03 10:52:32",20
"2026-03-03 10:53:32",20
"2026-03-03 10:54:32",20
"2026-03-03 10:56:32",20
"2026-03-03 10:59:32",20
"2026-03-03 11:15:32",20
"2026-03-03 11:16:32",20
"2026-03-03 11:17:32",20
"2026-03-03 11:18:32",20
"2026-03-03 11:21:32",20
"2026-03-03 11:22:32",20
"2026-03-03 11:48:32",20
"2026-03-03 11:50:32",20
"2026-03-03 12:55:32",19
"2026-03-03 12:56:32",20
"2026-03-03 13:19:32",19
"2026-03-03 13:20:32",20
"2026-03-03 13:21:32",19
"2026-03-03 13:22:32",20
"2026-03-03 14:14:32",20
"2026-03-03 14:17:32",20
"2026-03-03 14:19:32",20
"2026-03-03 14:20:32",20
"2026-03-03 14:21:32",20
"2026-03-03 14:22:32",20
"2026-03-03 14:46:32",20
"2026-03-03 14:59:32",20
"2026-03-03 15:00:32",20
"2026-03-03 15:28:32",20
"2026-03-03 15:29:32",20
"2026-03-03 16:07:32",20
"2026-03-03 16:11:32",20
"2026-03-03 16:14:32",20
"2026-03-03 16:22:32",20
"2026-03-03 16:23:32",20
"2026-03-03 16:25:32",20
"2026-03-03 16:26:32",20
"2026-03-03 16:28:32",20
"2026-03-03 16:30:32",20
"2026-03-03 16:31:32",20
"2026-03-03 16:37:32",20
"2026-03-03 16:42:32",20
"2026-03-03 16:45:32",20
"2026-03-03 16:49:32",20
"2026-03-03 17:01:32",20
"2026-03-03 17:16:32",20
"2026-03-03 17:17:32",20
"2026-03-03 17:18:32",20
"2026-03-03 17:20:32",20
"2026-03-03 17:21:32",20
"2026-03-03 17:28:32",20
"2026-03-03 17:29:32",20
"2026-03-03 17:30:32",20
"2026-03-03 17:35:32",20
"2026-03-03 17:36:32",20
"2026-03-03 17:37:32",20
"2026-03-03 17:42:32",20
"2026-03-03 17:57:32",20
"2026-03-03 18:14:32",20
"2026-03-03 18:15:32",20
"2026-03-03 18:16:32",20
"2026-03-03 18:17:32",20
"2026-03-03 18:18:32",20
"2026-03-03 18:19:32",20
"2026-03-03 18:20:32",20
"2026-03-03 18:22:32",20
"2026-03-03 18:23:32",20
"2026-03-03 18:34:32",20
"2026-03-03 18:35:32",20
"2026-03-03 18:51:32",20
"2026-03-03 18:52:32",20
"2026-03-03 18:54:32",20
"2026-03-03 18:57:32",20
"2026-03-03 19:36:32",20
"2026-03-03 19:37:32",20
"2026-03-03 19:38:32",20
"2026-03-03 20:00:32",20
"2026-03-03 20:03:32",20
"2026-03-03 20:04:32",20
"2026-03-03 20:10:32",20
"2026-03-03 20:18:32",20
"2026-03-03 20:29:32",20
"2026-03-03 20:30:32",20
"2026-03-03 20:35:32",20
"2026-03-03 20:36:32",20
"2026-03-03 20:37:32",20
"2026-03-03 20:38:32",20
"2026-03-03 20:42:32",20
"2026-03-03 20:45:32",20
"2026-03-03 20:50:32",20
"2026-03-03 21:09:32",20
"2026-03-03 21:11:32",20
"2026-03-03 21:19:32",20
"2026-03-03 21:24:32",20
"2026-03-03 21:25:32",20
"2026-03-03 21:28:32",20
"2026-03-03 21:29:32",20
"2026-03-03 21:30:32",20
"2026-03-03 21:35:32",20
"2026-03-03 21:36:32",20
"2026-03-03 21:37:32",20
"2026-03-03 21:42:32",20
"2026-03-03 21:48:32",20
"2026-03-03 21:56:32",20
"2026-03-03 22:05:32",20
"2026-03-03 22:11:32",20
"2026-03-03 22:12:32",20
"2026-03-03 22:14:32",20
"2026-03-03 22:15:32",20
"2026-03-03 22:26:32",20
"2026-03-03 22:32:32",19
"2026-03-03 22:42:32",19
"2026-03-03 22:50:32",19
"2026-03-03 23:01:32",19
"2026-03-03 23:02:32",19
"2026-03-03 23:08:32",19
"2026-03-03 23:09:32",19
"2026-03-03 23:12:32",19
"2026-03-03 23:17:32",19
"2026-03-03 23:18:32",19
"2026-03-03 23:37:32",19
"2026-03-03 23:38:32",19
"2026-03-03 23:39:32",19
"2026-03-03 23:49:32",19
"2026-03-03 23:52:32",19
"2026-03-04 00:12:32",19
"2026-03-04 00:13:32",19
"2026-03-04 00:14:32",19
"2026-03-04 00:15:32",19
"2026-03-04 00:16:32",19
"2026-03-04 00:17:32",19
"2026-03-04 00:18:32",19
"2026-03-04 00:38:32",19
"2026-03-04 00:39:32",19
"2026-03-04 00:43:32",19
"2026-03-04 00:50:32",19
"2026-03-04 00:51:32",19
"2026-03-04 01:17:32",19
"2026-03-04 01:18:32",19
"2026-03-04 01:32:32",19
"2026-03-04 01:33:32",19
"2026-03-04 01:37:32",19
"2026-03-04 02:08:32",19
"2026-03-04 02:09:32",19
"2026-03-04 02:10:32",19
"2026-03-04 02:11:32",19
"2026-03-04 02:20:32",19
"2026-03-04 02:22:32",19
"2026-03-04 02:23:32",19
"2026-03-04 02:35:32",19
"2026-03-04 02:36:32",19
"2026-03-04 02:37:32",19
"2026-03-04 02:39:32",19
"2026-03-04 03:46:32",19
"2026-03-04 03:47:32",19
"2026-03-04 03:51:32",19
"2026-03-04 03:52:32",19
"2026-03-04 04:08:32",19
"2026-03-04 04:09:32",19
"2026-03-04 04:10:32",19
"2026-03-04 04:12:32",19
"2026-03-04 04:13:32",19
"2026-03-04 04:14:32",19
"2026-03-04 04:17:32",19
"2026-03-04 04:18:32",19
"2026-03-04 04:20:32",19
"2026-03-04 04:22:32",19
"2026-03-04 04:23:32",19
"2026-03-04 04:24:32",19
"2026-03-04 04:29:32",19
"2026-03-04 04:30:32",19
"2026-03-04 04:32:32",19
"2026-03-04 04:53:32",19
"2026-03-04 04:56:32",19
"2026-03-04 04:59:32",19
"2026-03-04 05:00:32",19
"2026-03-04 05:02:32",19
"2026-03-04 05:03:32",19
"2026-03-04 05:05:32",19
"2026-03-04 05:06:32",19
"2026-03-04 05:07:32",19
"2026-03-04 05:08:32",19
"2026-03-04 05:14:32",19
"2026-03-04 05:15:32",19
"2026-03-04 05:16:32",19
"2026-03-04 05:17:32",19
"2026-03-04 05:45:32",19
"2026-03-04 05:46:32",19
"2026-03-04 05:48:32",19
"2026-03-04 05:52:32",19
"2026-03-04 05:54:32",19
"2026-03-04 05:57:32",19
"2026-03-04 06:10:32",19
"2026-03-04 06:11:32",19
"2026-03-04 06:26:32",19
"2026-03-04 06:27:32",19
"2026-03-04 07:53:32",19
"2026-03-04 07:55:32",19
"2026-03-04 08:05:32",19
"2026-03-04 08:09:32",19
"2026-03-04 08:13:32",19
"2026-03-04 08:15:32",19
"2026-03-04 08:16:32",19
"2026-03-04 08:21:32",19
"2026-03-04 08:24:32",19
"2026-03-04 08:27:32",19
"2026-03-04 08:30:32",19
"2026-03-04 08:31:32",19
"2026-03-04 08:38:32",19
"2026-03-04 08:46:32",19
"2026-03-04 08:47:32",19
"2026-03-04 08:56:32",19
"2026-03-04 09:02:32",19
"2026-03-04 09:04:32",19
"2026-03-04 09:15:32",19
"2026-03-04 09:18:32",19
"2026-03-04 09:19:32",19
"2026-03-04 09:22:32",19
"2026-03-04 09:25:32",19
"2026-03-04 09:26:32",19
"2026-03-04 09:27:32",19
"2026-03-04 09:34:32",20
"2026-03-04 09:35:32",19
"2026-03-04 09:38:32",19
"2026-03-04 09:41:32",19
"2026-03-04 09:43:32",20
"2026-03-04 09:45:32",19
"2026-03-04 09:51:32",19
"2026-03-04 09:52:32",19
"2026-03-04 09:54:32",20
"2026-03-04 09:58:32",20
"2026-03-04 10:05:32",20
"2026-03-04 10:06:32",19
"2026-03-04 10:09:32",20
"2026-03-04 10:14:32",20
"2026-03-04 10:23:32",20
"2026-03-04 10:28:32",20
"2026-03-04 10:30:32",20
"2026-03-04 10:31:32",20
"2026-03-04 10:32:32",20
"2026-03-04 10:40:32",20
"2026-03-04 10:41:32",20
"2026-03-04 10:49:32",20
"2026-03-04 10:51:32",20
"2026-03-04 11:13:32",20
"2026-03-04 11:19:32",20
"2026-03-04 11:21:32",20
"2026-03-04 11:22:32",20
"2026-03-04 11:23:32",20
"2026-03-04 11:25:32",20
"2026-03-04 11:28:32",20
"2026-03-04 11:38:32",20
"2026-03-04 11:45:32",20
"2026-03-04 11:49:32",20
"2026-03-04 12:05:32",20
"2026-03-04 12:06:32",20
"2026-03-04 12:07:32",20
"2026-03-04 12:08:32",20
"2026-03-04 12:09:32",20
"2026-03-04 12:12:32",20
"2026-03-04 12:13:32",20
"2026-03-04 12:14:32",20
"2026-03-04 12:27:32",20
"2026-03-04 12:30:32",20
"2026-03-04 12:31:32",20
"2026-03-04 12:35:32",20
"2026-03-04 12:43:32",20
"2026-03-04 12:45:32",20
"2026-03-04 12:50:32",20
"2026-03-04 12:54:32",20
"2026-03-04 13:14:32",20
"2026-03-04 13:16:32",20
"2026-03-04 13:19:32",20
"2026-03-04 13:26:32",20
"2026-03-04 13:27:32",20
"2026-03-04 13:41:32",20
"2026-03-04 13:43:32",20
"2026-03-04 13:47:32",20
"2026-03-04 13:49:32",20
"2026-03-04 13:54:32",20
"2026-03-04 13:58:32",20
"2026-03-04 14:07:32",20
"2026-03-04 14:15:32",20
"2026-03-04 14:25:32",20
"2026-03-04 14:26:32",20
"2026-03-04 14:30:32",20
"2026-03-04 14:31:32",20
"2026-03-04 14:34:32",20
"2026-03-04 14:42:32",20
"2026-03-04 14:52:32",20
"2026-03-04 14:57:32",20
"2026-03-04 14:58:32",20
"2026-03-04 15:00:32",20
"2026-03-04 15:11:32",20
"2026-03-04 15:12:32",20
"2026-03-04 15:19:32",20
"2026-03-04 15:22:32",20
"2026-03-04 15:58:32",20
"2026-03-04 16:10:32",20
"2026-03-04 16:11:32",20
"2026-03-04 16:12:32",20
"2026-03-04 16:15:32",20
"2026-03-04 16:16:32",20
"2026-03-04 16:32:32",20
"2026-03-04 16:34:32",20
"2026-03-04 16:35:32",20
"2026-03-04 16:44:32",20
"2026-03-04 17:00:32",20
"2026-03-04 17:02:32",20
"2026-03-04 17:07:32",20
"2026-03-04 17:09:32",20
"2026-03-04 17:19:32",20
"2026-03-04 17:20:32",20
"2026-03-04 17:21:32",20
"2026-03-04 17:22:32",20
"2026-03-04 17:42:32",20
"2026-03-04 17:43:32",20
"2026-03-04 17:44:32",20
"2026-03-04 17:45:32",20
"2026-03-04 17:46:32",20
"2026-03-04 18:22:32",20
"2026-03-04 18:30:32",20
"2026-03-04 18:32:32",20
"2026-03-04 18:36:32",20
"2026-03-04 18:40:32",20
"2026-03-04 18:41:32",20
"2026-03-04 18:46:32",20
"2026-03-04 18:54:32",20
"2026-03-04 18:55:32",20
"2026-03-04 18:56:32",20
"2026-03-04 18:57:32",20
"2026-03-04 18:59:32",20
"2026-03-04 19:00:32",20
"2026-03-04 19:01:32",20
"2026-03-04 19:02:32",20
"2026-03-04 19:03:32",19
"2026-03-04 19:04:32",19
"2026-03-04 19:05:32",19
"2026-03-04 19:06:32",19
"2026-03-04 19:07:32",19
"2026-03-04 19:08:32",19
"2026-03-04 19:10:32",19
"2026-03-04 19:11:32",19
"2026-03-04 19:12:32",18
"2026-03-04 19:13:32",18
"2026-03-04 19:14:32",18
"2026-03-04 19:18:32",18
"2026-03-04 19:19:32",18
"2026-03-04 19:21:32",18
"2026-03-04 19:28:32",18
"2026-03-04 19:29:32",18
"2026-03-04 19:30:32",18
"2026-03-04 19:31:32",17
"2026-03-04 19:34:32",17
"2026-03-04 19:36:32",17
"2026-03-04 19:37:32",17
"2026-03-04 19:42:32",17
"2026-03-04 19:45:32",17
"2026-03-04 19:46:32",17
"2026-03-04 19:48:32",17
"2026-03-04 19:49:32",17
"2026-03-04 19:58:32",17
"2026-03-04 19:59:32",17
"2026-03-04 20:04:32",17
"2026-03-04 20:05:32",17
"2026-03-04 20:10:32",17
"2026-03-04 20:14:32",17
"2026-03-04 20:16:32",17
"2026-03-04 20:17:32",17
"2026-03-04 20:19:32",17
"2026-03-04 20:20:32",17
"2026-03-04 20:21:32",16
"2026-03-04 20:26:32",17
"2026-03-04 20:27:32",17
"2026-03-04 20:28:32",17
"2026-03-04 20:29:32",17
"2026-03-04 20:30:32",17
"2026-03-04 20:31:32",18
"2026-03-04 20:32:32",18
"2026-03-04 20:33:32",18
"2026-03-04 20:35:32",18
"2026-03-04 20:37:32",18
"2026-03-04 20:39:32",18
"2026-03-04 20:40:32",18
"2026-03-04 20:43:32",18
"2026-03-04 20:45:32",19
"2026-03-04 20:47:32",19
"2026-03-04 20:51:32",19
"2026-03-04 20:54:32",19
"2026-03-04 20:57:32",19
"2026-03-04 21:02:32",19
"2026-03-04 21:12:32",19
"2026-03-04 21:13:32",19
"2026-03-04 21:17:32",19
"2026-03-04 21:19:32",19
"2026-03-04 21:20:32",19
"2026-03-04 21:25:32",19
"2026-03-04 21:27:32",19
"2026-03-04 21:34:32",19
"2026-03-04 21:35:32",19
"2026-03-04 21:36:32",19
"2026-03-04 21:37:32",20
"2026-03-04 21:38:32",20
"2026-03-04 21:39:32",20
"2026-03-04 21:41:32",20
"2026-03-04 21:45:32",20
"2026-03-04 21:46:32",20
"2026-03-04 21:47:32",20
"2026-03-04 21:49:32",20
"2026-03-04 21:50:32",20
"2026-03-04 22:02:32",20
"2026-03-04 22:06:32",20
"2026-03-04 22:15:32",20
"2026-03-04 22:21:32",20
"2026-03-04 22:25:32",19
"2026-03-04 22:35:32",19
"2026-03-04 22:36:32",19
"2026-03-04 22:38:32",19
"2026-03-04 22:54:32",19
"2026-03-04 22:55:32",19
"2026-03-04 23:02:32",19
"2026-03-04 23:11:32",19
"2026-03-04 23:12:32",19
"2026-03-04 23:18:32",19
"2026-03-04 23:42:32",19
"2026-03-04 23:43:32",19
"2026-03-04 23:47:32",19
"2026-03-04 23:50:32",19
"2026-03-04 23:53:32",19
"2026-03-05 00:00:32",19
"2026-03-05 00:01:32",19
"2026-03-05 00:02:32",19
"2026-03-05 00:08:32",19
"2026-03-05 00:09:32",19
"2026-03-05 00:13:32",19
"2026-03-05 00:16:32",19
"2026-03-05 00:17:32",19
"2026-03-05 00:18:32",19
"2026-03-05 00:31:32",19
"2026-03-05 00:32:32",19
"2026-03-05 00:33:32",19
"2026-03-05 00:35:32",19
"2026-03-05 00:36:32",19
"2026-03-05 00:39:32",19
"2026-03-05 00:40:32",19
"2026-03-05 00:46:32",19
"2026-03-05 01:02:32",19
"2026-03-05 01:04:32",19
"2026-03-05 01:17:32",19
"2026-03-05 01:19:32",19
"2026-03-05 01:20:32",19
"2026-03-05 01:27:32",19
"2026-03-05 01:30:32",19
"2026-03-05 01:32:32",19
"2026-03-05 01:34:32",19
"2026-03-05 01:36:32",19
"2026-03-05 01:38:32",19
"2026-03-05 01:39:32",19
"2026-03-05 01:41:32",19
"2026-03-05 01:44:32",19
"2026-03-05 01:46:32",19
"2026-03-05 01:52:32",19
"2026-03-05 01:53:32",19
"2026-03-05 01:54:32",19
"2026-03-05 01:58:32",19
"2026-03-05 02:01:32",19
"2026-03-05 02:04:32",19
"2026-03-05 02:15:32",19
"2026-03-05 02:16:32",19
"2026-03-05 02:19:32",19
"2026-03-05 02:20:32",19
"2026-03-05 02:21:32",19
"2026-03-05 02:28:32",19
"2026-03-05 02:29:32",19
"2026-03-05 02:31:32",19
"2026-03-05 02:32:32",19
"2026-03-05 02:34:32",19
"2026-03-05 02:35:32",19
"2026-03-05 02:36:32",19
"2026-03-05 02:39:32",19
"2026-03-05 02:40:32",19
"2026-03-05 02:41:32",19
"2026-03-05 02:43:32",19
"2026-03-05 02:45:32",19
"2026-03-05 02:46:32",19
"2026-03-05 03:34:32",19
"2026-03-05 03:35:32",19
"2026-03-05 03:38:32",19
"2026-03-05 03:39:32",19
"2026-03-05 04:04:32",19
"2026-03-05 04:07:32",19
"2026-03-05 04:08:32",19
"2026-03-05 04:09:32",19
"2026-03-05 04:13:32",19
"2026-03-05 05:07:32",19
"2026-03-05 05:08:32",19
"2026-03-05 05:09:32",19
"2026-03-05 05:10:32",19
"2026-03-05 05:19:32",19
"2026-03-05 05:20:32",19
"2026-03-05 05:25:32",19
"2026-03-05 05:26:32",19
"2026-03-05 06:39:32",19
"2026-03-05 06:40:32",19
"2026-03-05 06:52:32",19
"2026-03-05 06:57:32",19
"2026-03-05 06:58:32",19
"2026-03-05 07:02:32",19
"2026-03-05 07:03:32",19
"2026-03-05 07:09:32",19
"2026-03-05 07:10:32",19
"2026-03-05 07:11:32",19
"2026-03-05 07:12:32",19
"2026-03-05 07:44:32",19
"2026-03-05 07:47:32",19
"2026-03-05 07:53:32",19
"2026-03-05 07:55:32",19
"2026-03-05 07:56:32",19
"2026-03-05 07:57:32",19
"2026-03-05 07:58:32",19
"2026-03-05 08:07:32",19
"2026-03-05 08:09:32",19
"2026-03-05 08:12:32",19
"2026-03-05 08:31:32",19
"2026-03-05 08:32:32",19
"2026-03-05 08:46:32",19
"2026-03-05 08:47:32",19
"2026-03-05 08:48:32",19
"2026-03-05 08:52:32",19
"2026-03-05 08:53:32",19
"2026-03-05 09:03:32",19
"2026-03-05 09:27:32",19
"2026-03-05 09:29:32",19
"2026-03-05 09:59:32",19
"2026-03-05 10:00:32",19
"2026-03-05 10:01:32",19
"2026-03-05 10:02:32",19
"2026-03-05 10:03:32",19
"2026-03-05 10:04:32",19
"2026-03-05 10:37:32",19
"2026-03-05 10:38:32",19
"2026-03-05 10:40:32",19
"2026-03-05 10:41:32",19
"2026-03-05 10:42:32",19
"2026-03-05 10:43:32",19
"2026-03-05 10:44:32",19
"2026-03-05 11:03:32",19
"2026-03-05 11:09:32",19
"2026-03-05 11:57:32",19
"2026-03-05 11:58:32",19
"2026-03-05 11:59:32",19
"2026-03-05 12:01:32",19
"2026-03-05 12:03:32",19
"2026-03-05 12:08:32",19
"2026-03-05 12:31:32",19
"2026-03-05 12:33:32",19
"2026-03-05 12:35:32",19
"2026-03-05 12:38:32",19
"2026-03-05 12:42:32",19
"2026-03-05 12:50:32",20
"2026-03-05 12:51:32",19
"2026-03-05 12:53:32",20
"2026-03-05 12:54:32",19
"2026-03-05 12:55:32",20
"2026-03-05 12:57:32",19
"2026-03-05 12:58:32",20
"2026-03-05 13:29:32",20
"2026-03-05 13:33:32",20
"2026-03-05 13:36:32",20
"2026-03-05 13:37:32",20
"2026-03-05 13:43:32",20
"2026-03-05 13:47:32",20
"2026-03-05 13:51:32",20
"2026-03-05 14:01:32",20
"2026-03-05 14:14:32",20
"2026-03-05 14:24:32",20
"2026-03-05 14:32:32",20
"2026-03-05 14:35:32",20
"2026-03-05 14:39:32",20
"2026-03-05 14:41:32",21
"2026-03-05 14:42:32",20
"2026-03-05 14:43:32",21
"2026-03-05 15:01:32",21
"2026-03-05 15:02:32",21
"2026-03-05 15:33:32",20
"2026-03-05 15:38:32",20
"2026-03-05 15:40:32",20
"2026-03-05 15:46:32",20
"2026-03-05 15:51:32",20
"2026-03-05 15:52:32",20
"2026-03-05 15:57:32",20
"2026-03-05 16:04:32",21
"2026-03-05 16:05:32",20
"2026-03-05 16:06:32",21
"2026-03-05 16:07:32",20
"2026-03-05 16:12:32",21
"2026-03-05 16:15:32",20
"2026-03-05 16:19:32",20
"2026-03-05 16:23:32",20
"2026-03-05 16:24:32",20
"2026-03-05 16:26:32",20
"2026-03-05 16:29:32",21
"2026-03-05 16:35:32",20
"2026-03-05 16:40:32",21
"2026-03-05 16:41:32",20
"2026-03-05 16:43:32",20
"2026-03-05 16:44:32",20
"2026-03-05 16:49:32",21
"2026-03-05 16:56:32",20
"2026-03-05 16:57:32",21
"2026-03-05 17:04:32",20
"2026-03-05 17:06:32",21
"2026-03-05 17:09:32",21
"2026-03-05 17:13:32",21
"2026-03-05 17:20:32",21
"2026-03-05 17:24:32",21
"2026-03-05 17:26:32",21
"2026-03-05 17:35:32",21
"2026-03-05 17:37:32",21
"2026-03-05 17:39:32",21
"2026-03-05 17:40:32",21
"2026-03-05 17:41:32",21
"2026-03-05 17:43:32",21
"2026-03-05 17:48:32",21
"2026-03-05 17:59:32",21
"2026-03-05 18:03:32",21
"2026-03-05 18:10:32",21
"2026-03-05 18:36:32",21
"2026-03-05 18:37:32",21
"2026-03-05 18:51:32",21
"2026-03-05 18:59:32",21
"2026-03-05 19:18:32",21
"2026-03-05 19:25:32",21
"2026-03-05 19:39:32",21
"2026-03-05 19:41:32",21
"2026-03-05 19:42:32",21
"2026-03-05 20:01:32",21
"2026-03-05 20:10:32",21
"2026-03-05 20:12:32",21
"2026-03-05 20:16:32",21
"2026-03-05 20:28:32",21
"2026-03-05 20:29:32",21
"2026-03-05 20:31:32",21
"2026-03-05 20:33:32",21
"2026-03-05 20:38:32",21
"2026-03-05 20:39:32",21
"2026-03-05 20:40:32",21
"2026-03-05 20:41:32",21
"2026-03-05 20:43:32",21
"2026-03-05 20:44:32",21
"2026-03-05 20:46:32",21
"2026-03-05 20:47:32",21
"2026-03-05 20:49:32",21
"2026-03-05 20:52:32",21
"2026-03-05 21:09:32",21
"2026-03-05 21:10:32",21
"2026-03-05 21:12:32",21
"2026-03-05 21:13:32",21
"2026-03-05 21:21:32",21
"2026-03-05 21:22:32",21
"2026-03-05 21:23:32",21
"2026-03-05 21:24:32",21
"2026-03-05 21:33:32",21
"2026-03-05 21:36:32",21
"2026-03-05 21:39:32",21
"2026-03-05 21:45:32",21
"2026-03-05 21:47:32",21
"2026-03-05 21:59:32",21
"2026-03-05 22:05:32",21
"2026-03-05 22:06:32",21
"2026-03-05 22:10:32",20
"2026-03-05 22:17:32",20
"2026-03-05 22:18:32",20
"2026-03-05 22:20:32",20
"2026-03-05 22:35:32",20
"2026-03-05 22:58:32",20
"2026-03-05 23:11:32",20
"2026-03-05 23:29:32",20
"2026-03-05 23:31:32",20
"2026-03-05 23:44:32",20
"2026-03-05 23:45:32",20
"2026-03-05 23:46:32",20
"2026-03-06 00:13:32",20
"2026-03-06 00:14:32",20
"2026-03-06 00:15:32",20
"2026-03-06 00:16:32",20
"2026-03-06 00:17:32",20
"2026-03-06 00:18:32",20
"2026-03-06 00:19:32",20
"2026-03-06 00:20:32",20
"2026-03-06 00:21:32",20
"2026-03-06 00:23:32",20
"2026-03-06 00:24:32",20
"2026-03-06 00:36:32",20
"2026-03-06 00:37:32",20
"2026-03-06 00:39:32",20
"2026-03-06 00:42:32",20
"2026-03-06 00:43:32",20
"2026-03-06 00:45:32",20
"2026-03-06 01:02:32",20
"2026-03-06 01:18:32",20
"2026-03-06 01:19:32",20
"2026-03-06 01:29:32",20
"2026-03-06 01:31:32",20
"2026-03-06 01:35:32",20
"2026-03-06 01:37:32",20
"2026-03-06 01:38:32",20
"2026-03-06 01:54:32",20
"2026-03-06 01:56:32",20
"2026-03-06 01:57:32",20
"2026-03-06 02:20:32",19
"2026-03-06 02:21:32",20
"2026-03-06 02:22:32",19
"2026-03-06 02:23:32",20
"2026-03-06 02:24:32",19
"2026-03-06 02:35:32",19
"2026-03-06 02:46:32",19
"2026-03-06 02:47:32",19
"2026-03-06 03:05:32",19
"2026-03-06 03:14:32",19
"2026-03-06 03:52:32",19
"2026-03-06 03:55:32",19
"2026-03-06 03:57:32",19
"2026-03-06 04:03:32",19
"2026-03-06 04:04:32",19
"2026-03-06 04:24:32",19
"2026-03-06 04:28:32",19
"2026-03-06 04:29:32",19
"2026-03-06 04:47:32",19
"2026-03-06 04:48:32",19
"2026-03-06 05:08:32",19
"2026-03-06 05:09:32",19
"2026-03-06 05:11:32",19
"2026-03-06 05:12:32",19
"2026-03-06 05:15:32",19
"2026-03-06 05:47:32",19
"2026-03-06 06:22:32",19
"2026-03-06 06:23:32",19
"2026-03-06 06:27:32",19
"2026-03-06 06:41:32",19
"2026-03-06 06:42:32",19
"2026-03-06 06:43:32",19
"2026-03-06 06:48:32",19
"2026-03-06 06:58:32",19
"2026-03-06 07:01:32",19
"2026-03-06 07:02:32",19
"2026-03-06 07:07:32",19
"2026-03-06 07:08:32",19
"2026-03-06 07:09:32",19
"2026-03-06 07:12:32",19
"2026-03-06 07:19:32",19
"2026-03-06 08:19:32",19
"2026-03-06 08:34:32",19
"2026-03-06 08:35:32",19
"2026-03-06 08:53:32",19
"2026-03-06 08:54:32",19
"2026-03-06 09:05:32",19
"2026-03-06 09:07:32",19
"2026-03-06 09:08:32",19
"2026-03-06 09:09:32",19
"2026-03-06 09:11:32",19
"2026-03-06 09:18:32",19
"2026-03-06 09:19:32",19
"2026-03-06 09:33:32",19
"2026-03-06 09:34:32",19
"2026-03-06 09:46:32",19
"2026-03-06 09:49:32",19
"2026-03-06 09:50:32",19
"2026-03-06 09:51:32",19
"2026-03-06 10:00:32",19
"2026-03-06 10:01:32",19
"2026-03-06 10:30:32",19
"2026-03-06 10:31:32",19
"2026-03-06 10:32:32",19
"2026-03-06 10:40:32",19
"2026-03-06 10:49:32",19
"2026-03-06 11:16:32",19
"2026-03-06 11:18:32",19
"2026-03-06 11:25:32",19
"2026-03-06 11:28:32",19
"2026-03-06 11:30:32",19
"2026-03-06 11:31:32",19
"2026-03-06 11:32:32",19
"2026-03-06 11:36:32",19
"2026-03-06 11:45:32",19
"2026-03-06 11:48:32",19
"2026-03-06 11:50:32",19
"2026-03-06 11:52:32",19
"2026-03-06 11:53:32",19
"2026-03-06 11:57:32",19
"2026-03-06 12:25:32",19
"2026-03-06 12:37:32",19
"2026-03-06 12:38:32",19
"2026-03-06 12:46:32",19
"2026-03-06 12:54:32",19
"2026-03-06 12:55:32",19
"2026-03-06 13:00:32",19
"2026-03-06 13:02:32",19
"2026-03-06 13:11:32",19
"2026-03-06 13:13:32",19
"2026-03-06 13:16:32",19
"2026-03-06 13:51:32",19
"2026-03-06 13:53:32",19
"2026-03-06 13:54:32",19
"2026-03-06 13:55:32",19
"2026-03-06 13:56:32",19
"2026-03-06 13:58:32",19
"2026-03-06 14:04:32",19
"2026-03-06 14:05:32",19
"2026-03-06 14:35:32",19
"2026-03-06 15:00:32",19
"2026-03-06 15:01:32",19
"2026-03-06 15:12:32",19
"2026-03-06 15:21:32",19
"2026-03-06 15:43:32",19
"2026-03-06 15:53:32",19
"2026-03-06 15:55:32",19
"2026-03-06 16:01:32",19
"2026-03-06 16:02:32",19
"2026-03-06 16:12:32",19
"2026-03-06 16:14:32",19
"2026-03-06 16:15:32",19
"2026-03-06 16:16:32",19
"2026-03-06 16:25:32",19
"2026-03-06 16:26:32",19
"2026-03-06 17:16:32",19
"2026-03-06 17:19:32",19
"2026-03-06 17:20:32",20
"2026-03-06 17:22:32",20
"2026-03-06 17:28:32",20
"2026-03-06 17:36:32",20
"2026-03-06 17:38:32",20
"2026-03-06 17:39:32",20
"2026-03-06 17:58:32",20
"2026-03-06 18:10:32",20
"2026-03-06 18:11:32",20
"2026-03-06 18:26:32",20
"2026-03-06 18:32:32",20
"2026-03-06 18:33:32",20
"2026-03-06 18:49:32",20
"2026-03-06 18:52:32",20
"2026-03-06 19:00:32",20
"2026-03-06 19:02:32",20
"2026-03-06 19:03:32",20
"2026-03-06 19:10:32",20
"2026-03-06 19:11:32",20
"2026-03-06 19:12:32",20
"2026-03-06 19:18:32",20
"2026-03-06 19:26:32",20
"2026-03-06 19:32:32",20
"2026-03-06 19:34:32",20
"2026-03-06 19:37:32",20
"2026-03-06 19:38:32",20
"2026-03-06 19:40:32",20
"2026-03-06 19:44:32",20
"2026-03-06 19:46:32",20
"2026-03-06 19:53:32",20
"2026-03-06 20:07:32",20
"2026-03-06 20:12:32",20
"2026-03-06 20:13:32",20
"2026-03-06 20:15:32",20
"2026-03-06 20:27:32",20
"2026-03-06 20:35:32",20
"2026-03-06 20:41:32",21
"2026-03-06 20:56:32",21
"2026-03-06 21:01:32",21
"2026-03-06 21:04:32",21
"2026-03-06 21:21:32",21
"2026-03-06 21:26:32",21
"2026-03-06 21:28:32",21
"2026-03-06 21:29:32",21
"2026-03-06 21:45:32",21
"2026-03-06 21:52:32",21
"2026-03-06 21:57:32",21
"2026-03-06 22:39:32",21
"2026-03-06 22:41:32",21
"2026-03-06 22:46:32",21
"2026-03-06 22:49:32",21
"2026-03-06 22:52:32",21
"2026-03-06 22:57:32",21
"2026-03-06 22:59:32",21
"2026-03-06 23:02:32",21
"2026-03-06 23:05:32",21
"2026-03-06 23:06:32",21
"2026-03-06 23:07:32",21
"2026-03-06 23:11:32",21
"2026-03-06 23:14:32",21
"2026-03-06 23:16:32",21
"2026-03-06 23:17:32",21
"2026-03-06 23:18:32",21
"2026-03-06 23:20:32",21
"2026-03-06 23:22:32",21
"2026-03-06 23:24:32",21
"2026-03-06 23:26:32",21
"2026-03-06 23:29:32",20
"2026-03-06 23:40:32",20
"2026-03-06 23:41:32",20
"2026-03-06 23:44:32",20
"2026-03-06 23:46:32",20
"2026-03-06 23:48:32",21
"2026-03-06 23:53:32",21
"2026-03-06 23:57:32",21
"2026-03-06 23:59:32",20
"2026-03-07 00:01:32",20
"2026-03-07 00:10:32",20
"2026-03-07 00:21:32",20
"2026-03-07 00:22:32",20
"2026-03-07 00:25:32",20
"2026-03-07 00:33:32",20
"2026-03-07 00:34:32",20
"2026-03-07 00:43:32",20
"2026-03-07 01:06:32",20
"2026-03-07 01:07:32",20
"2026-03-07 01:08:32",20
"2026-03-07 01:10:32",20
"2026-03-07 01:11:32",20
"2026-03-07 01:20:32",20
"2026-03-07 01:21:32",20
"2026-03-07 01:30:32",20
"2026-03-07 01:33:32",20
"2026-03-07 01:34:32",20
"2026-03-07 01:35:32",20
"2026-03-07 01:36:32",20
"2026-03-07 01:45:32",20
"2026-03-07 01:46:32",20
"2026-03-07 01:55:32",20
"2026-03-07 02:09:32",20
"2026-03-07 03:27:32",20
"2026-03-07 03:32:32",20
"2026-03-07 03:34:32",20
"2026-03-07 03:48:32",20
"2026-03-07 03:49:32",20
"2026-03-07 05:13:32",19
"2026-03-07 05:14:32",20
"2026-03-07 05:24:32",19
"2026-03-07 05:28:32",20
"2026-03-07 05:37:32",19
"2026-03-07 05:43:32",20
"2026-03-07 05:44:32",19
"2026-03-07 05:45:32",20
"2026-03-07 05:46:32",19
"2026-03-07 05:47:32",20
"2026-03-07 05:49:32",19
"2026-03-07 05:50:32",20
"2026-03-07 05:53:32",19
"2026-03-07 06:38:32",19
"2026-03-07 06:42:32",19
"2026-03-07 07:00:32",19
"2026-03-07 07:01:32",19
"2026-03-07 07:05:32",19
"2026-03-07 07:06:32",19
"2026-03-07 07:07:32",19
"2026-03-07 07:09:32",19
"2026-03-07 07:21:32",19
"2026-03-07 07:23:32",19
"2026-03-07 07:25:32",19
"2026-03-07 07:26:32",19
"2026-03-07 07:27:32",19
"2026-03-07 07:30:32",19
"2026-03-07 07:35:32",19
"2026-03-07 07:38:32",19
"2026-03-07 07:39:32",19
"2026-03-07 09:28:32",19
"2026-03-07 09:29:32",19
"2026-03-07 09:32:32",19
"2026-03-07 09:43:32",19
"2026-03-07 09:55:32",19
"2026-03-07 09:57:32",19
"2026-03-07 10:16:32",19
"2026-03-07 10:17:32",19
"2026-03-07 10:21:32",19
"2026-03-07 10:22:32",19
"2026-03-07 10:58:32",19
"2026-03-07 10:59:32",19
"2026-03-07 11:05:32",19
"2026-03-07 11:56:32",19
"2026-03-07 11:59:32",19
"2026-03-07 12:00:32",19
"2026-03-07 12:03:32",19
"2026-03-07 12:05:32",19
"2026-03-07 12:09:32",19
"2026-03-07 12:11:32",20
"2026-03-07 12:14:32",19
"2026-03-07 12:18:32",20
"2026-03-07 12:19:32",19
"2026-03-07 12:20:32",20
"2026-03-07 12:25:32",19
"2026-03-07 12:27:32",19
"2026-03-07 12:30:32",19
"2026-03-07 12:40:32",19
"2026-03-07 12:44:32",19
"2026-03-07 12:47:32",19
"2026-03-07 12:48:32",19
"2026-03-07 12:49:32",19
"2026-03-07 12:50:32",19
"2026-03-07 12:57:32",19
"2026-03-07 13:03:32",19
"2026-03-07 13:09:32",19
"2026-03-07 13:59:32",19
"2026-03-07 14:00:32",19
"2026-03-07 14:03:32",19
"2026-03-07 14:06:32",19
"2026-03-07 14:09:32",19
"2026-03-07 14:11:32",19
"2026-03-07 14:12:32",19
"2026-03-07 14:15:32",19
"2026-03-07 14:16:32",19
"2026-03-07 14:20:32",19
"2026-03-07 14:29:32",19
"2026-03-07 14:31:32",19
"2026-03-07 14:32:32",19
"2026-03-07 14:33:32",19
"2026-03-07 14:34:32",19
"2026-03-07 14:35:32",19
"2026-03-07 14:36:32",19
"2026-03-07 14:37:32",19
"2026-03-07 14:40:32",19
"2026-03-07 14:41:32",19
"2026-03-07 14:42:32",19
"2026-03-07 14:45:32",19
"2026-03-07 14:48:32",20
"2026-03-07 14:53:32",20
"2026-03-07 14:57:32",20
"2026-03-07 15:06:32",20
"2026-03-07 15:08:32",20
"2026-03-07 15:17:32",20
"2026-03-07 15:18:32",20
"2026-03-07 15:20:32",20
"2026-03-07 15:21:32",20
"2026-03-07 15:24:32",20
"2026-03-07 15:29:32",20
"2026-03-07 15:42:32",20
"2026-03-07 15:45:32",20
"2026-03-07 15:46:32",20
"2026-03-07 15:47:32",20
"2026-03-07 15:59:32",20
"2026-03-07 16:03:32",20
"2026-03-07 16:07:32",20
"2026-03-07 16:34:42",20
"2026-03-07 16:38:42",20
"2026-03-07 16:41:42",20
"2026-03-07 16:52:42",19
"2026-03-07 16:53:42",20
"2026-03-07 16:57:42",20
"2026-03-07 16:59:42",20
"2026-03-07 17:01:42",20
"2026-03-07 17:02:42",19
"2026-03-07 17:03:42",19
"2026-03-07 17:04:42",18
"2026-03-07 17:05:42",18
"2026-03-07 17:06:42",18
"2026-03-07 17:07:42",18
"2026-03-07 17:08:42",17
"2026-03-07 17:09:42",17
"2026-03-07 17:10:42",17
"2026-03-07 17:11:42",17
"2026-03-07 17:12:42",17
"2026-03-07 17:14:42",17
"2026-03-07 17:15:42",17
"2026-03-07 17:16:42",16
"2026-03-07 17:17:42",16
"2026-03-07 17:18:42",16
"2026-03-07 17:19:42",16
"2026-03-07 17:20:42",16
"2026-03-07 17:21:42",16
"2026-03-07 17:22:42",16
"2026-03-07 17:25:42",16
"2026-03-07 17:26:42",16
"2026-03-07 17:27:42",16
"2026-03-07 17:29:42",16
"2026-03-07 17:30:42",16
"2026-03-07 17:31:42",16
"2026-03-07 17:33:42",16
"2026-03-07 17:34:42",16
"2026-03-07 17:35:42",16
"2026-03-07 17:36:42",16
"2026-03-07 17:38:42",16
"2026-03-07 17:41:42",16
"2026-03-07 17:42:42",15
"2026-03-07 17:46:42",16
"2026-03-07 17:49:42",15
"2026-03-07 17:51:42",15
"2026-03-07 17:52:42",15
"2026-03-07 17:54:42",15
"2026-03-07 17:56:42",15
"2026-03-07 17:57:42",15
"2026-03-07 17:59:42",15
"2026-03-07 18:02:42",15
"2026-03-07 18:03:42",15
"2026-03-07 18:04:42",15
"2026-03-07 18:10:42",15
"2026-03-07 18:13:42",15
"2026-03-07 18:14:42",15
"2026-03-07 18:16:42",15
"2026-03-07 18:19:42",15
"2026-03-07 18:20:42",14
"2026-03-07 18:22:42",15
"2026-03-07 18:23:42",15
"2026-03-07 18:24:42",15
"2026-03-07 18:25:42",15
"2026-03-07 18:26:42",15
"2026-03-07 18:27:42",15
"2026-03-07 18:28:42",16
"2026-03-07 18:29:42",16
"2026-03-07 18:30:42",16
"2026-03-07 18:31:42",16
"2026-03-07 18:32:42",16
"2026-03-07 18:33:42",16
"2026-03-07 18:34:42",16
"2026-03-07 18:37:42",17
"2026-03-07 18:40:42",17
"2026-03-07 18:42:42",17
"2026-03-07 18:46:42",17
"2026-03-07 18:56:42",17
"2026-03-07 19:00:42",17
"2026-03-07 19:03:42",17
"2026-03-07 19:04:42",17
"2026-03-07 19:05:42",17
"2026-03-07 19:06:42",18
"2026-03-07 19:07:42",18
"2026-03-07 19:08:42",18
"2026-03-07 19:10:42",18
"2026-03-07 19:12:42",18
"2026-03-07 19:14:42",18
"2026-03-07 19:16:42",18
"2026-03-07 19:19:42",18
"2026-03-07 19:20:42",18
"2026-03-07 19:21:42",17
"2026-03-07 19:22:42",17
"2026-03-07 19:23:42",17
"2026-03-07 19:24:42",16
"2026-03-07 19:25:42",16
"2026-03-07 19:26:42",16
"2026-03-07 19:27:42",16
"2026-03-07 19:28:42",16
"2026-03-07 19:29:42",16
"2026-03-07 19:30:42",15
"2026-03-07 19:31:42",15
"2026-03-07 19:32:42",15
"2026-03-07 19:34:42",15
"2026-03-07 19:37:42",15
"2026-03-07 19:38:42",15
"2026-03-07 19:39:42",15
"2026-03-07 19:40:42",16
"2026-03-07 19:43:42",16
"2026-03-07 19:44:42",16
"2026-03-07 19:45:42",16
"2026-03-07 19:46:42",16
"2026-03-07 19:49:42",16
"2026-03-07 19:50:42",15
"2026-03-07 19:51:42",16
"2026-03-07 19:52:42",16
"2026-03-07 19:56:42",16
"2026-03-07 19:59:42",16
"2026-03-07 20:00:42",16
"2026-03-07 20:01:42",16
"2026-03-07 20:02:42",16
"2026-03-07 20:03:42",17
"2026-03-07 20:04:42",17
"2026-03-07 20:05:42",17
"2026-03-07 20:06:42",17
"2026-03-07 20:07:42",17
"2026-03-07 20:08:42",17
"2026-03-07 20:09:42",17
"2026-03-07 20:11:42",18
"2026-03-07 20:13:42",18
"2026-03-07 20:14:42",18
"2026-03-07 20:16:42",18
"2026-03-07 20:17:42",18
"2026-03-07 20:18:42",18
"2026-03-07 20:20:42",18
"2026-03-07 20:21:42",18
"2026-03-07 20:23:42",18
"2026-03-07 20:25:42",18
"2026-03-07 20:27:42",18
"2026-03-07 20:29:42",19
"2026-03-07 20:31:42",19
"2026-03-07 20:36:42",19
"2026-03-07 20:39:42",19
"2026-03-07 20:46:42",19
"2026-03-07 20:49:42",19
"2026-03-07 20:53:42",19
"2026-03-07 20:56:42",19
"2026-03-07 20:59:42",19
"2026-03-07 21:09:42",19
"2026-03-07 21:12:42",20
"2026-03-07 21:15:42",20
"2026-03-07 21:20:42",20
"2026-03-07 21:28:42",20
"2026-03-07 21:37:42",20
"2026-03-07 21:38:42",20
"2026-03-07 21:39:42",20
"2026-03-07 21:43:42",20
"2026-03-07 21:47:42",20
"2026-03-07 21:48:42",20
"2026-03-07 21:52:42",20
"2026-03-07 21:53:42",20
"2026-03-07 21:59:42",20
"2026-03-07 22:00:42",20
"2026-03-07 22:02:42",20
"2026-03-07 22:03:42",20
"2026-03-07 22:08:42",20
"2026-03-07 22:19:42",20
"2026-03-07 22:20:42",20
"2026-03-07 22:23:42",20
"2026-03-07 22:25:42",20
"2026-03-07 22:29:42",20
"2026-03-07 22:30:42",20
"2026-03-07 22:32:42",20
"2026-03-07 22:35:42",20
"2026-03-07 22:43:42",20
"2026-03-07 22:46:42",20
"2026-03-07 22:47:42",20
"2026-03-07 22:55:42",20
"2026-03-07 23:14:42",20
"2026-03-07 23:16:42",20
"2026-03-07 23:30:42",20
"2026-03-07 23:33:42",20
"2026-03-07 23:44:42",20
"2026-03-07 23:47:42",20
"2026-03-07 23:48:42",20
"2026-03-07 23:54:42",20
"2026-03-07 23:55:42",20
"2026-03-07 23:56:42",21
"2026-03-07 23:58:42",20
"2026-03-07 23:59:42",20
"2026-03-08 00:03:42",20
"2026-03-08 00:06:42",20
"2026-03-08 00:11:42",20
"2026-03-08 00:23:42",20
"2026-03-08 00:35:42",20
"2026-03-08 00:45:42",20
"2026-03-08 00:54:42",20
"2026-03-08 01:00:42",20
"2026-03-08 01:02:42",20
"2026-03-08 01:03:42",20
"2026-03-08 01:06:42",19
"2026-03-08 01:12:42",19
"2026-03-08 01:17:42",19
"2026-03-08 01:19:42",19
"2026-03-08 01:20:42",19
"2026-03-08 01:21:42",19
"2026-03-08 01:24:42",19
"2026-03-08 01:29:42",19
"2026-03-08 01:30:42",19
"2026-03-08 01:38:42",19
"2026-03-08 01:39:42",19
"2026-03-08 01:44:42",19
"2026-03-08 02:59:42",19
"2026-03-08 03:04:42",19
"2026-03-08 03:05:42",19
"2026-03-08 03:07:42",19
"2026-03-08 03:08:42",19
"2026-03-08 03:12:42",19
"2026-03-08 03:14:42",19
"2026-03-08 03:16:42",19
"2026-03-08 03:18:42",19
"2026-03-08 03:32:42",19
"2026-03-08 03:34:42",19
"2026-03-08 03:49:42",19
"2026-03-08 03:59:42",19
"2026-03-08 04:00:42",19
"2026-03-08 04:02:42",19
"2026-03-08 04:07:42",19
"2026-03-08 04:08:42",19
"2026-03-08 04:12:42",19
"2026-03-08 04:21:42",19
"2026-03-08 04:23:42",19
"2026-03-08 04:24:42",19
"2026-03-08 04:25:42",19
"2026-03-08 05:55:42",19
"2026-03-08 05:56:42",19
"2026-03-08 06:03:42",19
"2026-03-08 06:05:42",19
"2026-03-08 06:06:42",19
"2026-03-08 06:17:42",19
"2026-03-08 06:18:42",19
"2026-03-08 06:48:42",19
"2026-03-08 06:49:42",19
"2026-03-08 06:51:42",19
"2026-03-08 06:52:42",19
"2026-03-08 06:53:42",19
"2026-03-08 06:54:42",19
"2026-03-08 06:56:42",19
"2026-03-08 07:27:42",19
"2026-03-08 07:33:42",19
"2026-03-08 07:34:42",19
"2026-03-08 07:36:42",19
"2026-03-08 07:39:42",19
"2026-03-08 07:41:42",19
"2026-03-08 07:55:42",19
"2026-03-08 09:57:42",19
"2026-03-08 09:58:42",19
"2026-03-08 10:03:42",19
"2026-03-08 10:04:42",19
"2026-03-08 10:07:42",19
"2026-03-08 10:08:42",19
"2026-03-08 10:09:42",19
"2026-03-08 10:10:42",19
"2026-03-08 10:18:42",19
"2026-03-08 10:21:42",19
"2026-03-08 10:25:42",19
"2026-03-08 10:26:42",19
"2026-03-08 10:33:42",19
"2026-03-08 10:53:42",19
"2026-03-08 10:54:42",19
"2026-03-08 10:55:42",19
"2026-03-08 11:04:42",19
"2026-03-08 11:20:42",19
"2026-03-08 11:21:42",19
"2026-03-08 11:22:42",19
"2026-03-08 11:23:42",19
"2026-03-08 11:36:42",19
"2026-03-08 11:40:42",19
"2026-03-08 11:43:42",19
"2026-03-08 11:48:42",19
"2026-03-08 11:49:42",19
"2026-03-08 11:50:42",19
"2026-03-08 12:02:42",19
"2026-03-08 12:03:42",19
"2026-03-08 12:07:42",19
"2026-03-08 12:08:42",19
"2026-03-08 12:11:42",19
"2026-03-08 12:12:42",19
"2026-03-08 12:14:42",19
"2026-03-08 12:19:42",19
"2026-03-08 13:12:42",19
"2026-03-08 13:19:42",19
"2026-03-08 13:27:42",19
"2026-03-08 13:32:42",19
"2026-03-08 13:37:42",19
"2026-03-08 13:46:42",20
"2026-03-08 13:47:42",19
"2026-03-08 13:48:42",20
"2026-03-08 13:56:42",20
"2026-03-08 14:03:42",20
"2026-03-08 14:04:42",20
"2026-03-08 14:05:42",20
"2026-03-08 14:06:42",20
"2026-03-08 14:14:42",20
"2026-03-08 14:15:42",20
"2026-03-08 14:16:42",20
"2026-03-08 14:20:42",20
"2026-03-08 14:23:42",20
"2026-03-08 14:27:42",20
"2026-03-08 14:31:42",20
"2026-03-08 14:32:42",20
"2026-03-08 14:48:42",20
"2026-03-08 14:59:42",20
"2026-03-08 15:03:42",20
"2026-03-08 15:04:42",20
"2026-03-08 15:09:42",20
"2026-03-08 15:11:42",20
"2026-03-08 15:12:42",20
"2026-03-08 15:22:42",20
"2026-03-08 15:26:42",20
"2026-03-08 15:28:42",20
"2026-03-08 15:33:42",20
"2026-03-08 15:35:42",20
"2026-03-08 15:39:42",20
"2026-03-08 15:44:42",20
"2026-03-08 16:04:42",20
"2026-03-08 16:05:42",20
"2026-03-08 16:21:42",20
"2026-03-08 16:24:42",20
"2026-03-08 16:38:42",20
"2026-03-08 16:46:42",20
"2026-03-08 16:48:42",20
"2026-03-08 16:50:42",20
"2026-03-08 16:54:42",20
"2026-03-08 17:02:42",20
"2026-03-08 17:05:42",20
"2026-03-08 17:23:42",20
"2026-03-08 17:24:42",20
"2026-03-08 17:25:42",20
"2026-03-08 17:26:42",20
"2026-03-08 17:28:42",20
"2026-03-08 17:34:42",21
"2026-03-08 17:42:42",20
"2026-03-08 17:44:42",21
"2026-03-08 17:55:42",20
"2026-03-08 17:56:42",21
"2026-03-08 17:58:42",20
"2026-03-08 18:01:42",21
"2026-03-08 18:09:42",20
"2026-03-08 18:13:42",21
"2026-03-08 18:36:42",20
"2026-03-08 18:42:42",21
"2026-03-08 18:44:42",20
"2026-03-08 18:45:42",21
"2026-03-08 18:47:42",20
"2026-03-08 18:50:42",20
"2026-03-08 18:54:42",20
"2026-03-08 18:55:42",20
"2026-03-08 18:58:42",20
"2026-03-08 18:59:42",20
"2026-03-08 19:02:42",20
"2026-03-08 19:14:42",21
"2026-03-08 19:16:42",20
"2026-03-08 19:24:42",20
"2026-03-08 19:25:42",20
"2026-03-08 19:29:42",21
"2026-03-08 19:30:42",20
"2026-03-08 20:33:42",21
"2026-03-08 20:38:42",21
"2026-03-08 20:40:42",21
"2026-03-08 20:41:42",21
"2026-03-08 20:44:42",21
"2026-03-08 20:46:42",21
"2026-03-08 20:50:42",21
"2026-03-08 20:53:42",21
"2026-03-08 20:54:42",21
"2026-03-08 20:55:42",21
"2026-03-08 20:56:42",22
"2026-03-08 20:57:42",22
"2026-03-08 21:04:42",22
"2026-03-08 21:07:42",21
"2026-03-08 21:08:42",21
"2026-03-08 21:10:42",21
"2026-03-08 21:11:42",21
"2026-03-08 21:12:42",21
"2026-03-08 21:13:42",21
"2026-03-08 21:15:42",21
"2026-03-08 21:18:42",21
"2026-03-08 21:23:42",21
"2026-03-08 21:24:42",21
"2026-03-08 21:29:42",21
"2026-03-08 21:32:42",21
"2026-03-08 21:33:42",21
"2026-03-08 21:35:42",21
"2026-03-08 22:00:42",21
"2026-03-08 22:01:42",21
"2026-03-08 22:09:42",21
"2026-03-08 22:10:42",21
"2026-03-08 22:12:42",21
"2026-03-08 22:20:42",21
"2026-03-08 22:24:42",21
"2026-03-08 22:28:42",21
"2026-03-08 22:33:42",21
"2026-03-08 22:34:42",21
"2026-03-08 22:35:42",21
"2026-03-08 22:38:42",21
"2026-03-08 22:39:42",21
"2026-03-08 22:43:42",21
"2026-03-08 22:46:42",21
"2026-03-08 22:47:42",21
"2026-03-08 22:54:42",20
"2026-03-08 23:02:42",20
"2026-03-08 23:03:42",20
"2026-03-08 23:07:42",20
"2026-03-08 23:10:42",20
"2026-03-08 23:12:42",20
"2026-03-08 23:13:42",20
"2026-03-08 23:14:42",20
"2026-03-08 23:46:42",20
"2026-03-08 23:47:42",20
"2026-03-08 23:48:42",20
"2026-03-09 00:07:42",20
"2026-03-09 00:10:42",20
"2026-03-09 00:22:42",20
"2026-03-09 00:23:42",20
"2026-03-09 00:31:42",20
"2026-03-09 00:33:42",20
"2026-03-09 00:54:42",20
"2026-03-09 00:57:42",20
"2026-03-09 00:58:42",20
"2026-03-09 01:15:42",20
"2026-03-09 01:18:42",20
"2026-03-09 01:19:42",20
"2026-03-09 01:21:42",20
"2026-03-09 01:23:42",20
"2026-03-09 01:34:42",20
"2026-03-09 01:48:42",20
"2026-03-09 01:49:42",20
"2026-03-09 02:11:42",20
"2026-03-09 02:15:42",20
"2026-03-09 02:17:42",20
"2026-03-09 02:19:42",20
"2026-03-09 02:21:42",20
"2026-03-09 02:37:42",20
"2026-03-09 02:48:42",19
"2026-03-09 02:49:42",20
"2026-03-09 02:58:42",19
"2026-03-09 02:59:42",20
"2026-03-09 03:12:42",19
"2026-03-09 03:14:42",20
"2026-03-09 03:17:44",19
"2026-03-09 03:19:42",20
"2026-03-09 03:20:42",19
"2026-03-09 03:21:42",20
"2026-03-09 03:28:42",19
"2026-03-09 03:29:42",20
"2026-03-09 03:33:42",19
"2026-03-09 03:38:42",20
"2026-03-09 03:39:42",19
"2026-03-09 03:59:42",19
"2026-03-09 04:11:42",19
"2026-03-09 04:12:42",19
"2026-03-09 04:18:42",19
"2026-03-09 04:21:42",19
"2026-03-09 04:28:42",19
"2026-03-09 04:29:42",19
"2026-03-09 05:51:42",19
"2026-03-09 05:52:42",19
"2026-03-09 05:53:42",19
"2026-03-09 06:04:42",19
"2026-03-09 06:05:42",19
"2026-03-09 06:37:42",19
"2026-03-09 06:38:42",19
"2026-03-09 06:39:42",19
"2026-03-09 06:40:42",19
"2026-03-09 06:43:42",19
"2026-03-09 06:52:42",19
"2026-03-09 06:53:42",19
"2026-03-09 07:08:42",19
"2026-03-09 07:09:42",19
"2026-03-09 07:11:42",19
"2026-03-09 07:12:42",19
"2026-03-09 07:13:42",19
"2026-03-09 07:14:42",19
"2026-03-09 07:16:42",19
"2026-03-09 07:17:42",19
"2026-03-09 07:28:42",19
"2026-03-09 07:31:42",19
"2026-03-09 07:34:42",19
"2026-03-09 07:35:42",19
"2026-03-09 07:59:42",19
"2026-03-09 08:00:42",19
"2026-03-09 08:11:42",19
"2026-03-09 08:23:42",19
"2026-03-09 08:27:42",19
"2026-03-09 08:31:42",19
"2026-03-09 08:32:42",19
"2026-03-09 08:33:42",19
"2026-03-09 08:51:42",19
"2026-03-09 09:04:42",19
"2026-03-09 09:44:42",19
"2026-03-09 09:45:42",19
"2026-03-09 09:53:42",19
"2026-03-09 09:54:42",19
"2026-03-09 10:00:42",19
"2026-03-09 10:06:42",19
"2026-03-09 10:09:42",19
"2026-03-09 10:24:42",20
"2026-03-09 10:26:42",19
"2026-03-09 10:31:42",20
"2026-03-09 10:34:42",19
"2026-03-09 10:35:42",20
"2026-03-09 10:36:42",19
"2026-03-09 10:37:42",20
"2026-03-09 10:43:42",19
"2026-03-09 10:44:42",20
"2026-03-09 10:53:42",19
"2026-03-09 10:54:42",20
"2026-03-09 10:59:42",19
"2026-03-09 11:10:42",20
"2026-03-09 11:11:42",19
"2026-03-09 11:24:42",19
"2026-03-09 11:25:42",19
"2026-03-09 11:35:42",20
"2026-03-09 11:37:42",19
"2026-03-09 11:46:42",20
"2026-03-09 11:48:42",20
"2026-03-09 11:49:42",20
"2026-03-09 11:50:42",20
"2026-03-09 11:57:42",20
"2026-03-09 11:58:42",20
"2026-03-09 11:59:42",20
"2026-03-09 12:14:42",20
"2026-03-09 12:17:42",20
"2026-03-09 12:21:42",20
"2026-03-09 12:23:42",20
"2026-03-09 12:27:42",20
"2026-03-09 12:28:42",20
"2026-03-09 12:30:42",20
"2026-03-09 12:33:42",20
"2026-03-09 12:34:42",20
"2026-03-09 12:40:42",20
"2026-03-09 12:41:42",20
"2026-03-09 12:46:42",20
"2026-03-09 12:48:42",20
"2026-03-09 12:50:42",20
"2026-03-09 12:52:42",20
"2026-03-09 13:15:42",20
"2026-03-09 13:17:42",20
"2026-03-09 13:20:42",20
"2026-03-09 13:22:42",20
"2026-03-09 13:25:42",20
"2026-03-09 13:26:42",20
"2026-03-09 13:29:42",20
"2026-03-09 13:30:42",20
"2026-03-09 13:34:42",20
"2026-03-09 13:35:42",20
"2026-03-09 13:39:42",20
"2026-03-09 13:40:42",20
"2026-03-09 15:21:42",20
"2026-03-09 15:24:42",20
"2026-03-09 15:28:42",20
"2026-03-09 15:29:42",20
"2026-03-09 15:31:42",20
"2026-03-09 15:39:42",20
"2026-03-09 15:46:42",20
"2026-03-09 15:49:42",20
"2026-03-09 15:54:42",20
"2026-03-09 15:57:42",20
"2026-03-09 15:58:42",20
"2026-03-09 16:02:42",20
"2026-03-09 16:07:42",20
"2026-03-09 16:08:42",20
"2026-03-09 16:17:42",20
"2026-03-09 16:18:42",20
"2026-03-09 16:22:42",20
"2026-03-09 16:23:42",20
"2026-03-09 16:24:42",20
"2026-03-09 16:26:42",20
"2026-03-09 16:28:42",20
"2026-03-09 16:45:42",20
"2026-03-09 16:48:42",20
"2026-03-09 17:03:42",20
"2026-03-09 17:04:42",20
"2026-03-09 17:12:42",20
"2026-03-09 17:14:42",20
"2026-03-09 17:15:42",20
"2026-03-09 17:19:42",21
"2026-03-09 17:21:42",21
"2026-03-09 17:41:42",21
"2026-03-09 17:56:42",20
"2026-03-09 18:12:42",20
"2026-03-09 18:14:42",20
"2026-03-09 18:16:42",20
"2026-03-09 18:17:42",20
"2026-03-09 18:22:42",20
"2026-03-09 18:42:42",20
"2026-03-09 18:51:42",20
"2026-03-09 18:52:42",20
"2026-03-09 18:55:42",20
"2026-03-09 19:07:42",20
"2026-03-09 19:15:42",20
"2026-03-09 19:19:42",20
"2026-03-09 19:26:42",20
"2026-03-09 19:28:42",20
"2026-03-09 19:29:42",20
"2026-03-09 19:30:42",19
"2026-03-09 19:31:42",19
"2026-03-09 19:32:42",19
"2026-03-09 19:33:42",18
"2026-03-09 19:34:42",18
"2026-03-09 19:35:42",18
"2026-03-09 19:36:42",18
"2026-03-09 19:38:42",18
"2026-03-09 19:39:42",18
"2026-03-09 19:40:42",18
"2026-03-09 19:43:42",18
"2026-03-09 19:44:42",18
"2026-03-09 19:45:42",17
"2026-03-09 19:46:42",18
"2026-03-09 19:51:42",17
"2026-03-09 19:52:42",18
"2026-03-09 19:57:42",17
"2026-03-09 19:59:42",18
"2026-03-09 20:00:42",18
"2026-03-09 20:01:42",18
"2026-03-09 20:02:42",18
"2026-03-09 20:03:42",18
"2026-03-09 20:04:42",18
"2026-03-09 20:05:42",19
"2026-03-09 20:06:42",19
"2026-03-09 20:07:42",19
"2026-03-09 20:08:42",19
"2026-03-09 20:09:42",19
"2026-03-09 20:11:42",19
"2026-03-09 20:13:42",20
"2026-03-09 20:14:42",20
"2026-03-09 20:16:42",20
"2026-03-09 20:19:42",20
"2026-03-09 20:23:42",20
"2026-03-09 20:27:42",20
"2026-03-09 20:32:42",20
"2026-03-09 20:34:42",20
"2026-03-09 20:44:42",20
"2026-03-09 20:48:42",20
"2026-03-09 20:53:42",20
"2026-03-09 21:14:42",20
"2026-03-09 21:15:42",20
"2026-03-09 21:16:42",20
"2026-03-09 21:26:42",21
"2026-03-09 21:44:42",21
"2026-03-09 21:56:42",21
"2026-03-09 21:58:42",21
"2026-03-09 22:13:42",21
"2026-03-09 22:22:42",21
"2026-03-09 22:28:42",21
"2026-03-09 22:32:42",21
"2026-03-09 22:33:42",21
"2026-03-09 22:44:42",21
"2026-03-09 22:45:42",21
"2026-03-09 22:47:42",21
"2026-03-09 22:48:42",21
"2026-03-09 22:49:42",21
"2026-03-09 22:51:42",21
"2026-03-09 22:52:42",21
"2026-03-09 23:06:42",21
"2026-03-09 23:07:42",21
"2026-03-09 23:15:42",21
"2026-03-09 23:19:42",21
"2026-03-09 23:21:42",21
"2026-03-09 23:23:42",21
"2026-03-09 23:27:42",21
"2026-03-09 23:29:42",21
"2026-03-09 23:32:42",21
"2026-03-09 23:36:42",21
"2026-03-09 23:45:42",21
"2026-03-09 23:47:42",21
"2026-03-09 23:52:42",21
"2026-03-09 23:53:42",21
"2026-03-09 23:54:42",21
"2026-03-09 23:55:42",21
"2026-03-10 00:04:42",21
"2026-03-10 00:05:42",21
"2026-03-10 00:06:42",21
"2026-03-10 00:07:42",21
"2026-03-10 00:11:42",21
"2026-03-10 00:12:42",21
"2026-03-10 00:34:42",21
"2026-03-10 00:37:42",21
"2026-03-10 00:40:42",21
"2026-03-10 00:41:42",21
"2026-03-10 00:44:42",21
"2026-03-10 00:48:42",21
"2026-03-10 00:53:42",21
"2026-03-10 00:55:42",21
"2026-03-10 00:58:42",21
"2026-03-10 00:59:42",21
"2026-03-10 01:00:42",21
"2026-03-10 01:07:42",20
"2026-03-10 01:12:42",20
"2026-03-10 01:20:42",20
"2026-03-10 01:27:42",20
"2026-03-10 01:28:42",20
"2026-03-10 01:29:42",20
"2026-03-10 01:33:42",20
"2026-03-10 01:44:42",20
"2026-03-10 01:52:42",20
"2026-03-10 01:54:42",20
"2026-03-10 02:09:42",20
"2026-03-10 02:10:42",20
"2026-03-10 02:15:42",20
"2026-03-10 02:31:42",20
"2026-03-10 02:46:42",20
"2026-03-10 03:03:42",20
"2026-03-10 03:04:42",20
"2026-03-10 03:07:42",20
"2026-03-10 03:08:42",20
"2026-03-10 03:11:42",20
"2026-03-10 03:41:42",19
"2026-03-10 03:42:42",20
"2026-03-10 03:43:42",19
"2026-03-10 03:44:42",20
"2026-03-10 03:45:42",19
"2026-03-10 04:25:42",19
"2026-03-10 04:34:42",19
"2026-03-10 04:35:42",19
"2026-03-10 04:41:42",19
"2026-03-10 04:42:42",19
"2026-03-10 04:49:42",19
"2026-03-10 04:50:42",19
"2026-03-10 04:51:42",19
"2026-03-10 04:52:42",19
"2026-03-10 05:38:42",19
"2026-03-10 05:39:42",19
"2026-03-10 05:42:42",19
"2026-03-10 05:43:42",19
"2026-03-10 06:00:42",19
"2026-03-10 06:34:42",19
"2026-03-10 06:35:42",19
"2026-03-10 06:36:42",19
"2026-03-10 07:10:42",19
"2026-03-10 07:11:42",19
"2026-03-10 07:25:42",19
"2026-03-10 07:39:42",19
"2026-03-10 07:43:42",19
"2026-03-10 07:46:42",19
"2026-03-10 07:49:42",19
"2026-03-10 07:50:42",19
"2026-03-10 07:55:42",19
"2026-03-10 07:56:42",19
"2026-03-10 07:58:42",19
"2026-03-10 07:59:42",19
"2026-03-10 08:02:42",19
"2026-03-10 08:03:42",19
"2026-03-10 08:20:42",19
"2026-03-10 08:22:42",19
"2026-03-10 08:24:42",19
"2026-03-10 08:25:42",19
"2026-03-10 08:27:42",19
"2026-03-10 08:29:42",19
"2026-03-10 08:40:42",19
"2026-03-10 09:04:42",19
"2026-03-10 09:05:42",19
"2026-03-10 09:37:42",19
"2026-03-10 09:41:42",19
"2026-03-10 09:46:42",19
"2026-03-10 10:03:42",19
"2026-03-10 10:06:42",20
"2026-03-10 10:16:42",20
"2026-03-10 10:21:42",20
"2026-03-10 10:23:42",20
"2026-03-10 10:26:42",20
"2026-03-10 10:28:42",20
"2026-03-10 10:35:42",20
"2026-03-10 10:40:42",20
"2026-03-10 10:41:42",20
"2026-03-10 10:42:42",20
"2026-03-10 11:08:42",20
"2026-03-10 11:13:42",20
"2026-03-10 11:17:42",20
"2026-03-10 11:18:42",20
"2026-03-10 12:04:42",20
"2026-03-10 12:05:42",20
"2026-03-10 12:30:42",20
"2026-03-10 12:31:42",20
"2026-03-10 12:36:42",20
"2026-03-10 12:39:42",20
"2026-03-10 12:46:42",20
"2026-03-10 12:47:42",20
"2026-03-10 12:50:42",20
"2026-03-10 12:55:42",20
"2026-03-10 12:56:42",20
"2026-03-10 12:58:42",20
"2026-03-10 13:01:42",20
"2026-03-10 13:03:42",20
"2026-03-10 13:04:42",20
"2026-03-10 13:06:42",20
"2026-03-10 13:09:42",20
"2026-03-10 13:10:42",20
"2026-03-10 13:13:42",20
"2026-03-10 13:14:42",20
"2026-03-10 13:18:42",20
"2026-03-10 13:34:42",20
"2026-03-10 13:56:42",20
"2026-03-10 13:57:42",20
"2026-03-10 14:21:42",20
"2026-03-10 14:22:42",20
"2026-03-10 14:24:42",20
"2026-03-10 14:25:42",20
"2026-03-10 15:21:42",20
"2026-03-10 15:22:42",20
"2026-03-10 15:25:42",20
"2026-03-10 15:26:42",20
"2026-03-10 16:12:42",20
"2026-03-10 16:14:42",20
"2026-03-10 16:15:42",20
"2026-03-10 16:16:42",20
"2026-03-10 16:17:42",20
"2026-03-10 16:23:42",20
"2026-03-10 16:24:42",20
"2026-03-10 16:25:42",20
"2026-03-10 16:26:42",20
"2026-03-10 16:38:42",20
"2026-03-10 17:18:42",20
"2026-03-10 17:20:42",20
"2026-03-10 17:22:42",20
"2026-03-10 17:25:42",20
"2026-03-10 17:41:42",20
"2026-03-10 17:42:42",20
"2026-03-10 17:44:42",20
"2026-03-10 18:36:42",20
"2026-03-10 18:54:42",20
"2026-03-10 18:55:42",20
"2026-03-10 18:56:42",20
"2026-03-10 19:00:42",20
"2026-03-10 19:02:42",20
"2026-03-10 19:05:42",20
"2026-03-10 19:09:42",20
"2026-03-10 19:14:42",20
"2026-03-10 19:17:42",20
"2026-03-10 19:22:42",20
"2026-03-10 19:43:42",20
"2026-03-10 19:48:42",20
"2026-03-10 19:49:42",20
"2026-03-10 19:54:42",20
"2026-03-10 20:03:42",20
"2026-03-10 20:04:42",20
"2026-03-10 20:05:42",20
"2026-03-10 20:07:42",20
"2026-03-10 20:10:42",20
"2026-03-10 20:11:42",20
"2026-03-10 20:14:42",20
"2026-03-10 20:15:42",20
"2026-03-10 20:25:42",21
"2026-03-10 20:31:42",20
"2026-03-10 20:46:42",21
"2026-03-10 20:54:42",20
"2026-03-10 21:04:42",21
"2026-03-10 21:05:42",20
"2026-03-10 21:13:42",21
"2026-03-10 21:21:42",20
"2026-03-10 21:22:42",21
"2026-03-10 21:30:42",21
"2026-03-10 21:31:42",21
"2026-03-10 21:35:42",21
"2026-03-10 21:38:42",21
"2026-03-10 21:40:42",21
"2026-03-10 21:43:42",21
"2026-03-10 21:44:42",21
"2026-03-10 21:49:42",21
"2026-03-10 21:57:42",20
"2026-03-10 21:59:42",21
"2026-03-10 22:00:42",20
"2026-03-10 22:02:42",21
"2026-03-10 22:03:42",20
"2026-03-10 22:06:42",20
"2026-03-10 22:09:42",20
"2026-03-10 22:13:42",20
"2026-03-10 22:25:42",20
"2026-03-10 22:30:42",20
"2026-03-10 22:31:42",20
"2026-03-10 22:42:42",20
"2026-03-10 22:46:42",20
"2026-03-10 22:47:42",20
"2026-03-10 22:51:42",20
"2026-03-10 23:02:42",20
"2026-03-10 23:05:42",20
"2026-03-10 23:09:42",20
"2026-03-10 23:16:42",20
"2026-03-10 23:24:42",20
"2026-03-10 23:25:42",20
"2026-03-10 23:35:42",20
"2026-03-10 23:41:42",20
"2026-03-10 23:43:42",20
"2026-03-10 23:50:42",19
"2026-03-10 23:52:42",20
"2026-03-10 23:54:42",19
"2026-03-10 23:57:42",20
"2026-03-11 00:02:42",19
"2026-03-11 00:19:42",20
"2026-03-11 00:20:42",19
"2026-03-11 00:30:42",20
"2026-03-11 00:31:42",19
"2026-03-11 00:36:42",19
"2026-03-11 00:39:42",19
"2026-03-11 00:40:42",19
"2026-03-11 00:47:42",19
"2026-03-11 00:49:42",19
"2026-03-11 01:27:42",19
"2026-03-11 01:28:42",19
"2026-03-11 01:50:42",19
"2026-03-11 01:55:42",19
"2026-03-11 01:56:42",19
"2026-03-11 01:57:42",19
"2026-03-11 02:45:42",19
"2026-03-11 02:47:42",19
"2026-03-11 03:25:42",19
"2026-03-11 03:32:42",19
"2026-03-11 03:43:42",19
"2026-03-11 03:46:42",19
"2026-03-11 03:47:42",19
"2026-03-11 04:10:42",19
"2026-03-11 04:13:42",19
"2026-03-11 04:16:42",19
"2026-03-11 04:21:42",19
"2026-03-11 04:23:42",19
"2026-03-11 04:25:42",19
"2026-03-11 04:26:42",19
"2026-03-11 04:28:42",19
"2026-03-11 04:29:42",19
"2026-03-11 04:31:42",19
"2026-03-11 04:35:42",19
"2026-03-11 04:54:42",19
"2026-03-11 04:55:42",19
"2026-03-11 05:04:42",19
"2026-03-11 05:05:42",19
"2026-03-11 05:10:42",19
"2026-03-11 05:22:42",19
"2026-03-11 05:23:42",19
"2026-03-11 05:24:42",19
"2026-03-11 05:37:42",19
"2026-03-11 05:38:42",19
"2026-03-11 05:39:42",19
"2026-03-11 05:41:42",19
"2026-03-11 05:46:42",19
"2026-03-11 05:53:42",19
"2026-03-11 06:11:42",19
"2026-03-11 06:39:42",19
"2026-03-11 06:40:42",19
"2026-03-11 06:42:42",19
"2026-03-11 06:43:42",19
"2026-03-11 06:45:42",19
"2026-03-11 06:49:42",19
"2026-03-11 06:56:42",19
"2026-03-11 06:58:42",19
"2026-03-11 06:59:42",19
"2026-03-11 07:06:42",19
"2026-03-11 07:07:42",19
"2026-03-11 07:10:42",19
"2026-03-11 07:12:42",19
"2026-03-11 07:13:42",19
"2026-03-11 07:21:42",19
"2026-03-11 07:49:42",19
"2026-03-11 07:50:42",19
"2026-03-11 08:04:42",19
"2026-03-11 08:05:42",19
"2026-03-11 08:51:42",19
"2026-03-11 08:52:42",19
"2026-03-11 09:10:42",19
"2026-03-11 09:18:42",19
"2026-03-11 09:19:42",19
"2026-03-11 09:30:42",20
"2026-03-11 09:32:42",19
"2026-03-11 09:33:42",20
"2026-03-11 10:11:42",20
"2026-03-11 10:12:42",20
"2026-03-11 10:14:42",20
"2026-03-11 10:21:42",20
"2026-03-11 10:38:42",20
"2026-03-11 11:43:42",20
"2026-03-11 11:52:42",20
"2026-03-11 11:59:42",20
"2026-03-11 12:01:42",20
"2026-03-11 12:06:42",20
"2026-03-11 12:08:42",20
"2026-03-11 12:11:42",20
"2026-03-11 12:12:42",20
"2026-03-11 12:13:42",20
"2026-03-11 12:18:42",20
"2026-03-11 12:19:42",20
"2026-03-11 12:21:42",20
"2026-03-11 12:23:42",21
"2026-03-11 12:33:42",20
"2026-03-11 12:34:42",21
"2026-03-11 12:35:42",20
"2026-03-11 12:37:42",21
"2026-03-11 12:42:42",21
"2026-03-11 12:53:42",21
"2026-03-11 12:59:42",20
"2026-03-11 13:00:42",21
"2026-03-11 13:01:42",20
"2026-03-11 13:06:42",21
"2026-03-11 13:08:42",21
"2026-03-11 13:16:42",21
"2026-03-11 13:22:42",21
"2026-03-11 13:25:42",21
"2026-03-11 13:35:42",21
"2026-03-11 13:36:42",21
"2026-03-11 13:37:42",21
"2026-03-11 13:40:42",21
"2026-03-11 13:48:42",20
"2026-03-11 13:57:42",21
"2026-03-11 13:58:42",20
"2026-03-11 14:01:42",21
"2026-03-11 14:06:42",20
"2026-03-11 14:08:42",21
"2026-03-11 14:14:42",20
"2026-03-11 14:15:42",21
"2026-03-11 14:39:42",20
"2026-03-11 14:51:42",21
"2026-03-11 14:52:42",20
"2026-03-11 15:07:42",21
"2026-03-11 15:08:42",20
"2026-03-11 15:10:42",21
"2026-03-11 15:12:42",20
"2026-03-11 15:39:42",20
"2026-03-11 15:49:42",20
"2026-03-11 15:50:42",20
"2026-03-11 15:51:42",20
"2026-03-11 16:03:42",20
"2026-03-11 16:04:42",20
"2026-03-11 16:06:42",20
"2026-03-11 16:29:42",20
"2026-03-11 16:31:42",20
"2026-03-11 16:33:42",20
"2026-03-11 16:34:42",20
"2026-03-11 16:36:42",20
"2026-03-11 16:47:42",20
"2026-03-11 16:52:42",20
"2026-03-11 16:53:42",20
"2026-03-11 17:30:42",20
"2026-03-11 17:31:42",20
"2026-03-11 17:34:42",20
"2026-03-11 17:36:42",20
"2026-03-11 17:37:42",20
"2026-03-11 17:51:42",20
"2026-03-11 17:54:42",20
"2026-03-11 17:56:42",20
"2026-03-11 18:01:42",20
"2026-03-11 18:20:42",20
"2026-03-11 18:27:42",20
"2026-03-11 18:29:42",20
"2026-03-11 18:31:42",20
"2026-03-11 18:36:42",20
"2026-03-11 18:40:42",20
"2026-03-11 18:41:42",20
"2026-03-11 18:42:42",20
"2026-03-11 18:43:42",20
"2026-03-11 18:44:42",19
"2026-03-11 18:45:42",19
"2026-03-11 18:46:42",19
"2026-03-11 18:47:42",19
"2026-03-11 18:50:42",19
"2026-03-11 18:54:42",19
"2026-03-11 18:56:42",20
"2026-03-11 18:58:42",19
"2026-03-11 19:00:42",19
"2026-03-11 19:01:42",19
"2026-03-11 19:05:42",20
"2026-03-11 19:06:42",20
"2026-03-11 19:08:42",20
"2026-03-11 19:09:42",20
"2026-03-11 19:11:42",20
"2026-03-11 19:12:42",20
"2026-03-11 19:14:42",20
"2026-03-11 19:15:42",20
"2026-03-11 19:17:42",20
"2026-03-11 19:19:42",20
"2026-03-11 19:21:42",20
"2026-03-11 19:23:42",20
"2026-03-11 19:26:42",20
"2026-03-11 19:28:42",20
"2026-03-11 19:29:42",20
"2026-03-11 19:30:42",20
"2026-03-11 19:31:42",20
"2026-03-11 19:33:42",20
"2026-03-11 19:34:42",21
"2026-03-11 19:35:42",21
"2026-03-11 19:39:42",21
"2026-03-11 19:48:42",21
"2026-03-11 19:53:42",21
"2026-03-11 20:07:42",21
"2026-03-11 20:08:42",21
"2026-03-11 20:18:42",21
"2026-03-11 20:21:42",21
"2026-03-11 20:24:42",21
"2026-03-11 20:26:42",21
"2026-03-11 20:34:42",21
"2026-03-11 20:38:42",21
"2026-03-11 20:39:42",21
"2026-03-11 20:43:42",21
"2026-03-11 20:45:42",21
"2026-03-11 20:52:42",21
"2026-03-11 20:55:42",21
"2026-03-11 21:03:42",21
"2026-03-11 21:05:42",21
"2026-03-11 21:13:42",21
"2026-03-11 21:33:42",21
"2026-03-11 21:37:42",21
"2026-03-11 21:39:42",21
"2026-03-11 21:41:42",21
"2026-03-11 21:42:42",21
"2026-03-11 21:44:42",21
"2026-03-11 21:46:42",20
"2026-03-11 21:47:42",20
"2026-03-11 21:50:42",20
"2026-03-11 21:55:42",20
"2026-03-11 21:58:42",20
"2026-03-11 22:02:42",20
"2026-03-11 22:06:42",20
"2026-03-11 22:15:42",20
"2026-03-11 22:28:42",20
"2026-03-11 22:29:42",20
"2026-03-11 22:32:42",20
"2026-03-11 22:48:42",20
"2026-03-11 23:07:42",20
"2026-03-11 23:08:42",20
"2026-03-11 23:15:42",20
"2026-03-11 23:29:42",20
"2026-03-11 23:31:42",20
"2026-03-11 23:32:42",20
"2026-03-11 23:58:42",19
"2026-03-11 23:59:42",20
"2026-03-12 00:00:42",19
"2026-03-12 00:10:42",20
"2026-03-12 00:11:42",19
"2026-03-12 00:37:42",19
"2026-03-12 00:38:42",19
"2026-03-12 00:40:42",19
"2026-03-12 00:45:42",19
"2026-03-12 00:46:42",19
"2026-03-12 01:26:42",19
"2026-03-12 01:27:42",19
"2026-03-12 01:37:42",19
"2026-03-12 02:22:42",19
"2026-03-12 02:23:42",19
"2026-03-12 02:24:42",19
"2026-03-12 02:25:42",19
"2026-03-12 02:26:42",19
"2026-03-12 02:34:42",19
"2026-03-12 02:35:42",19
"2026-03-12 02:36:42",19
"2026-03-12 02:44:42",19
"2026-03-12 02:46:42",19
"2026-03-12 02:47:42",19
"2026-03-12 02:48:42",19
"2026-03-12 02:54:42",19
"2026-03-12 02:55:42",19
"2026-03-12 02:56:42",19
"2026-03-12 02:58:42",19
"2026-03-12 02:59:42",19
"2026-03-12 03:00:42",19
"2026-03-12 03:05:42",19
"2026-03-12 03:06:42",19
"2026-03-12 03:09:42",19
"2026-03-12 03:14:42",19
"2026-03-12 03:17:42",19
"2026-03-12 03:40:42",19
"2026-03-12 03:41:42",19
"2026-03-12 03:44:42",19
"2026-03-12 03:46:42",19
"2026-03-12 03:47:42",19
"2026-03-12 03:48:42",19
"2026-03-12 04:14:42",19
"2026-03-12 04:15:42",19
"2026-03-12 04:31:42",19
"2026-03-12 04:32:42",19
"2026-03-12 04:34:42",19
"2026-03-12 04:35:42",19
"2026-03-12 04:36:42",19
"2026-03-12 04:37:42",19
"2026-03-12 04:39:42",19
"2026-03-12 04:40:42",19
"2026-03-12 06:44:42",19
"2026-03-12 06:45:42",19
"2026-03-12 06:54:42",19
"2026-03-12 06:58:42",19
"2026-03-12 07:08:42",19
"2026-03-12 07:14:42",19
"2026-03-12 07:34:42",19
"2026-03-12 07:35:42",19
"2026-03-12 07:46:42",19
"2026-03-12 07:48:42",19
"2026-03-12 08:16:42",19
"2026-03-12 08:20:42",19
"2026-03-12 08:25:42",19
"2026-03-12 08:28:42",19
"2026-03-12 08:29:42",19
"2026-03-12 08:49:42",20
"2026-03-12 08:52:42",19
"2026-03-12 08:54:42",20
"2026-03-12 08:56:42",19
"2026-03-12 09:05:42",19
"2026-03-12 09:13:42",19
"2026-03-12 09:16:42",19
"2026-03-12 09:17:42",19
"2026-03-12 09:18:42",19
"2026-03-12 09:19:42",19
"2026-03-12 09:21:42",19
"2026-03-12 09:22:42",19
"2026-03-12 09:26:42",19
"2026-03-12 09:27:42",19
"2026-03-12 09:30:42",20
"2026-03-12 09:45:42",20
"2026-03-12 09:46:42",20
"2026-03-12 09:47:42",20
"2026-03-12 10:02:42",20
"2026-03-12 10:04:42",20
"2026-03-12 10:31:42",20
"2026-03-12 10:32:42",20
"2026-03-12 10:33:42",20
"2026-03-12 10:55:42",20
"2026-03-12 10:59:42",20
"2026-03-12 11:04:42",20
"2026-03-12 11:05:42",20
"2026-03-12 11:11:42",20
"2026-03-12 11:20:42",20
"2026-03-12 11:21:42",20
"2026-03-12 11:22:42",20
"2026-03-12 11:25:42",20
"2026-03-12 11:26:42",20
"2026-03-12 11:27:42",20
"2026-03-12 11:35:42",20
"2026-03-12 11:36:42",20
"2026-03-12 11:38:42",20
"2026-03-12 11:40:42",20
"2026-03-12 11:42:42",20
"2026-03-12 11:43:42",20
"2026-03-12 11:47:42",20
"2026-03-12 11:48:42",20
"2026-03-12 11:50:42",20
"2026-03-12 11:52:42",20
"2026-03-12 12:00:42",20
"2026-03-12 12:02:42",20
"2026-03-12 12:05:42",20
"2026-03-12 12:14:42",20
"2026-03-12 12:16:42",20
"2026-03-12 12:17:42",20
"2026-03-12 12:18:42",20
"2026-03-12 12:21:42",20
"2026-03-12 12:22:42",20
"2026-03-12 12:25:42",20
"2026-03-12 12:29:42",20
"2026-03-12 12:30:42",20
"2026-03-12 12:31:42",20
"2026-03-12 12:32:42",20
"2026-03-12 12:33:42",20
"2026-03-12 12:39:42",20
"2026-03-12 12:42:42",20
"2026-03-12 12:45:42",20
"2026-03-12 12:48:42",20
"2026-03-12 12:49:42",20
"2026-03-12 12:50:42",20
"2026-03-12 12:51:42",20
"2026-03-12 12:52:42",20
"2026-03-12 12:53:42",20
"2026-03-12 12:54:42",19
"2026-03-12 12:56:42",19
"2026-03-12 12:58:42",19
"2026-03-12 13:02:42",19
"2026-03-12 13:03:42",19
"2026-03-12 13:07:42",19
"2026-03-12 13:17:42",19
"2026-03-12 13:21:42",19
"2026-03-12 13:22:42",19
"2026-03-12 13:31:42",19
"2026-03-12 13:33:42",19
"2026-03-12 13:38:42",19
"2026-03-12 13:41:42",19
"2026-03-12 13:44:42",19
"2026-03-12 13:52:42",19
"2026-03-12 13:53:42",19
"2026-03-12 13:54:42",19
"2026-03-12 13:55:42",19
"2026-03-12 14:01:42",19
"2026-03-12 14:03:42",19
"2026-03-12 14:06:42",18
"2026-03-12 14:07:42",19
"2026-03-12 14:12:42",19
"2026-03-12 14:14:42",19
"2026-03-12 14:21:42",18
"2026-03-12 14:29:42",19
"2026-03-12 14:33:42",19
"2026-03-12 14:36:42",19
"2026-03-12 14:38:42",19
"2026-03-12 14:42:42",19
"2026-03-12 14:47:42",19
"2026-03-12 14:56:42",19
"2026-03-12 14:57:42",19
"2026-03-12 14:59:42",19
"2026-03-12 15:09:42",19
"2026-03-12 15:11:42",19
"2026-03-12 15:12:42",19
"2026-03-12 15:28:42",19
"2026-03-12 15:38:42",19
"2026-03-12 15:39:42",19
"2026-03-12 15:57:42",19
"2026-03-12 15:58:42",19
"2026-03-12 16:00:42",19
"2026-03-12 16:02:42",20
"2026-03-12 16:04:42",20
"2026-03-12 16:21:42",20
"2026-03-12 16:25:42",20
"2026-03-12 16:28:42",20
"2026-03-12 16:29:42",20
"2026-03-12 16:31:42",20
"2026-03-12 16:33:42",20
"2026-03-12 16:37:42",20
"2026-03-12 16:39:42",20
"2026-03-12 16:41:42",20
"2026-03-12 16:44:42",20
"2026-03-12 16:46:42",20
"2026-03-12 16:47:42",20
"2026-03-12 16:48:42",20
"2026-03-12 16:49:42",20
"2026-03-12 16:52:42",20
"2026-03-12 16:54:42",20
"2026-03-12 16:57:42",20
"2026-03-12 17:01:42",20
"2026-03-12 17:53:42",20
"2026-03-12 17:55:42",20
"2026-03-12 17:58:42",20
"2026-03-12 17:59:42",20
"2026-03-12 18:07:42",20
"2026-03-12 18:08:42",20
"2026-03-12 18:10:42",20
"2026-03-12 18:11:42",20
"2026-03-12 18:13:42",21
"2026-03-12 18:14:42",21
"2026-03-12 18:16:42",21
"2026-03-12 18:17:42",21
"2026-03-12 18:21:42",21
"2026-03-12 18:31:42",21
"2026-03-12 18:32:42",21
"2026-03-12 18:33:42",20
"2026-03-12 18:34:42",20
"2026-03-12 18:35:42",20
"2026-03-12 18:36:42",20
"2026-03-12 18:37:42",20
"2026-03-12 18:39:42",20
"2026-03-12 18:40:42",19
"2026-03-12 18:41:42",19
"2026-03-12 18:43:42",19
"2026-03-12 18:46:42",19
"2026-03-12 18:47:42",19
"2026-03-12 18:49:42",19
"2026-03-12 18:52:42",19
"2026-03-12 18:57:42",19
"2026-03-12 18:59:42",19
"2026-03-12 19:01:42",19
"2026-03-12 19:02:42",19
"2026-03-12 19:03:42",19
"2026-03-12 19:04:42",19
"2026-03-12 19:09:42",20
"2026-03-12 19:11:42",20
"2026-03-12 19:12:42",20
"2026-03-12 19:14:42",20
"2026-03-12 19:15:42",20
"2026-03-12 19:17:42",20
"2026-03-12 19:19:42",20
"2026-03-12 19:20:42",20
"2026-03-12 19:21:42",20
"2026-03-12 19:23:42",20
"2026-03-12 19:26:42",21
"2026-03-12 19:29:42",21
"2026-03-12 19:33:42",21
"2026-03-12 19:35:42",21
"2026-03-12 19:38:42",21
"2026-03-12 19:48:42",21
"2026-03-12 19:49:42",21
"2026-03-12 19:50:42",21
"2026-03-12 19:51:42",21
"2026-03-12 20:02:42",21
"2026-03-12 20:07:42",21
"2026-03-12 20:10:42",21
"2026-03-12 20:15:42",21
"2026-03-12 20:19:42",21
"2026-03-12 20:20:42",21
"2026-03-12 20:22:42",21
"2026-03-12 20:31:42",21
"2026-03-12 20:33:42",21
"2026-03-12 20:34:42",21
"2026-03-12 20:36:42",21
"2026-03-12 20:47:42",21
"2026-03-12 20:48:42",21
"2026-03-12 20:53:42",21
"2026-03-12 20:54:42",21
"2026-03-12 20:55:42",21
"2026-03-12 20:56:42",21
"2026-03-12 20:59:42",21
"2026-03-12 21:03:42",21
"2026-03-12 21:04:42",21
"2026-03-12 21:22:42",21
"2026-03-12 21:56:42",21
"2026-03-12 21:58:42",21
"2026-03-12 22:01:42",21
"2026-03-12 22:08:42",21
"2026-03-12 22:13:42",21
"2026-03-12 22:16:42",21
"2026-03-12 22:21:42",21
"2026-03-12 22:22:42",21
"2026-03-12 22:23:42",21
"2026-03-12 22:28:42",21
"2026-03-12 22:32:42",21
"2026-03-12 22:38:42",21
"2026-03-12 22:41:42",21
"2026-03-12 22:42:42",21
"2026-03-12 22:44:42",21
"2026-03-12 22:45:42",21
"2026-03-12 22:48:42",21
"2026-03-12 22:49:42",21
"2026-03-12 22:55:42",21
"2026-03-12 22:57:42",21
"2026-03-12 22:58:42",21
"2026-03-12 22:59:42",21
"2026-03-12 23:04:42",21
"2026-03-12 23:06:42",21
"2026-03-12 23:10:42",21
"2026-03-12 23:14:42",20
"2026-03-12 23:15:42",21
"2026-03-12 23:16:42",20
"2026-03-12 23:18:42",20
"2026-03-12 23:23:42",20
"2026-03-12 23:24:42",20
"2026-03-12 23:25:42",20
"2026-03-12 23:35:42",20
"2026-03-12 23:48:42",20
"2026-03-12 23:53:42",20
"2026-03-13 00:05:42",20
"2026-03-13 00:15:42",20
"2026-03-13 00:16:42",20
"2026-03-13 00:21:42",20
"2026-03-13 00:30:42",20
"2026-03-13 00:31:42",20
"2026-03-13 00:32:42",20
"2026-03-13 00:44:42",20
"2026-03-13 00:53:42",19
"2026-03-13 00:54:42",20
"2026-03-13 00:55:42",19
"2026-03-13 00:56:42",20
"2026-03-13 00:57:42",19
"2026-03-13 00:58:42",20
"2026-03-13 01:02:42",19
"2026-03-13 01:12:42",19
"2026-03-13 01:14:42",19
"2026-03-13 01:16:42",19
"2026-03-13 01:34:42",19
"2026-03-13 01:35:42",19
"2026-03-13 01:36:42",19
"2026-03-13 01:37:42",19
"2026-03-13 01:38:42",19
"2026-03-13 01:52:42",19
"2026-03-13 01:53:42",19
"2026-03-13 02:00:42",19
"2026-03-13 02:18:42",19
"2026-03-13 02:20:42",19
"2026-03-13 02:21:42",19
"2026-03-13 02:23:42",19
"2026-03-13 02:24:42",19
"2026-03-13 02:25:42",19
"2026-03-13 02:26:42",19
"2026-03-13 03:24:42",19
"2026-03-13 03:28:42",19
"2026-03-13 03:32:42",19
"2026-03-13 03:37:42",19
"2026-03-13 03:38:42",19
"2026-03-13 03:39:42",19
"2026-03-13 03:40:42",19
"2026-03-13 03:41:42",19
"2026-03-13 03:43:42",19
"2026-03-13 04:05:42",19
"2026-03-13 04:06:42",19
"2026-03-13 04:25:42",19
"2026-03-13 05:04:42",19
"2026-03-13 05:07:42",19
"2026-03-13 05:09:42",19
"2026-03-13 05:18:42",19
"2026-03-13 05:19:42",19
"2026-03-13 05:22:42",19
"2026-03-13 05:23:42",19
"2026-03-13 05:56:42",19
"2026-03-13 05:58:42",19
"2026-03-13 06:01:42",19
"2026-03-13 06:36:42",19
"2026-03-13 06:37:42",19
"2026-03-13 06:39:42",19
"2026-03-13 06:42:42",19
"2026-03-13 06:44:42",19
"2026-03-13 06:54:42",19
"2026-03-13 06:55:42",19
"2026-03-13 06:56:42",19
"2026-03-13 07:04:42",19
"2026-03-13 07:30:42",19
"2026-03-13 07:31:42",19
"2026-03-13 07:33:42",19
"2026-03-13 07:35:42",19
"2026-03-13 07:36:42",19
"2026-03-13 08:42:42",19
"2026-03-13 08:43:42",19
"2026-03-13 08:45:42",19
"2026-03-13 08:46:42",19
"2026-03-13 08:48:42",19
"2026-03-13 08:51:42",19
"2026-03-13 08:52:42",19
"2026-03-13 08:53:42",19
"2026-03-13 08:54:42",19
"2026-03-13 09:11:42",19
"2026-03-13 09:16:42",19
"2026-03-13 09:18:42",19
"2026-03-13 09:19:42",19
"2026-03-13 09:26:42",19
"2026-03-13 09:27:42",19
"2026-03-13 09:29:42",19
"2026-03-13 09:49:42",19
"2026-03-13 09:53:42",19
"2026-03-13 09:56:42",19
"2026-03-13 09:57:42",19
"2026-03-13 10:06:42",19
"2026-03-13 10:15:42",19
"2026-03-13 10:18:42",19
"2026-03-13 10:19:42",19
"2026-03-13 10:22:42",19
"2026-03-13 10:36:42",19
"2026-03-13 10:37:42",19
"2026-03-13 10:39:42",19
"2026-03-13 10:52:42",19
"2026-03-13 10:58:42",19
"2026-03-13 10:59:42",19
"2026-03-13 11:50:42",19
"2026-03-13 11:53:42",20
"2026-03-13 11:56:42",20
"2026-03-13 12:01:42",20
"2026-03-13 12:07:42",20
"2026-03-13 12:11:42",20
"2026-03-13 12:23:42",20
"2026-03-13 12:24:42",20
"2026-03-13 12:27:42",20
"2026-03-13 12:30:42",20
"2026-03-13 12:32:42",20
"2026-03-13 12:33:42",20
"2026-03-13 12:34:42",20
"2026-03-13 12:37:42",20
"2026-03-13 12:38:42",20
"2026-03-13 12:43:42",20
"2026-03-13 12:45:42",20
"2026-03-13 13:13:42",20
"2026-03-13 13:40:42",20
"2026-03-13 13:41:42",20
"2026-03-13 13:46:42",20
"2026-03-13 13:49:42",20
"2026-03-13 13:51:42",20
"2026-03-13 13:52:42",20
"2026-03-13 13:56:42",20
"2026-03-13 14:00:42",21
"2026-03-13 14:01:42",20
"2026-03-13 14:02:42",21
"2026-03-13 14:08:42",21
"2026-03-13 14:11:42",21
"2026-03-13 14:14:42",21
"2026-03-13 14:17:42",21
"2026-03-13 14:23:42",21
"2026-03-13 14:26:42",21
"2026-03-13 14:28:42",21
"2026-03-13 14:30:42",21
"2026-03-13 14:33:42",21
"2026-03-13 14:34:42",21
"2026-03-13 14:36:42",21
"2026-03-13 14:38:42",21
"2026-03-13 14:41:42",21
"2026-03-13 14:43:42",21
"2026-03-13 14:45:42",21
"2026-03-13 14:48:42",21
"2026-03-13 14:55:42",20
"2026-03-13 14:56:42",21
"2026-03-13 14:59:42",20
"2026-03-13 15:03:42",20
"2026-03-13 15:04:42",20
"2026-03-13 15:06:42",20
"2026-03-13 15:18:42",20
"2026-03-13 15:25:42",20
"2026-03-13 15:29:42",20
"2026-03-13 15:31:42",20
"2026-03-13 16:09:42",20
"2026-03-13 16:11:42",20
"2026-03-13 16:12:42",20
"2026-03-13 16:30:42",20
"2026-03-13 16:52:42",20
"2026-03-13 16:54:42",20
"2026-03-13 16:55:42",20
"2026-03-13 17:22:42",20
"2026-03-13 17:39:42",20
"2026-03-13 17:40:42",20
"2026-03-13 17:41:42",20
"2026-03-13 17:55:42",20
"2026-03-13 17:57:42",20
"2026-03-13 18:00:42",20
"2026-03-13 18:05:42",20
"2026-03-13 18:07:42",20
"2026-03-13 18:09:42",20
"2026-03-13 18:10:42",20
"2026-03-13 18:11:42",20
"2026-03-13 18:13:42",20
"2026-03-13 18:14:42",20
"2026-03-13 18:18:42",20
"2026-03-13 18:19:42",20
"2026-03-13 18:21:42",20
"2026-03-13 18:27:42",20
"2026-03-13 18:32:42",20
"2026-03-13 18:42:42",20
"2026-03-13 18:51:42",20
"2026-03-13 19:02:42",20
"2026-03-13 19:18:42",20
"2026-03-13 19:31:42",20
"2026-03-13 19:40:42",20
"2026-03-13 19:57:42",19
"2026-03-13 20:37:42",20
"2026-03-13 20:38:42",19
"2026-03-13 20:39:42",20
"2026-03-13 20:43:42",19
"2026-03-13 20:44:42",20
"2026-03-13 20:48:42",19
"2026-03-13 20:53:42",20
"2026-03-13 21:00:42",20
"2026-03-13 21:08:42",20
"2026-03-13 21:09:42",20
"2026-03-13 21:11:42",20
"2026-03-13 21:23:42",20
"2026-03-13 21:24:42",20
"2026-03-13 21:26:42",20
"2026-03-13 21:33:42",20
"2026-03-13 21:36:42",20
"2026-03-13 21:44:42",20
"2026-03-13 21:46:42",20
"2026-03-13 21:48:42",20
"2026-03-13 21:58:42",20
"2026-03-13 22:00:42",20
"2026-03-13 22:02:42",20
"2026-03-13 22:03:42",20
"2026-03-13 22:04:42",20
"2026-03-13 22:05:42",20
"2026-03-13 22:07:42",20
"2026-03-13 22:08:42",20
"2026-03-13 22:13:42",20
"2026-03-13 22:14:42",20
"2026-03-13 22:15:42",20
"2026-03-13 22:19:42",20
"2026-03-13 22:20:42",20
"2026-03-13 22:24:42",20
"2026-03-13 22:28:42",20
"2026-03-13 22:29:42",20
"2026-03-13 22:30:42",20
"2026-03-13 22:37:42",20
"2026-03-13 22:48:42",20
"2026-03-13 22:49:42",20
"2026-03-13 23:07:42",19
"2026-03-13 23:08:42",20
"2026-03-13 23:09:42",19
"2026-03-13 23:23:42",19
"2026-03-13 23:28:42",19
"2026-03-13 23:29:42",19
"2026-03-13 23:31:42",19
"2026-03-13 23:32:42",19
"2026-03-13 23:34:42",19
"2026-03-13 23:35:42",19
"2026-03-14 00:09:42",19
"2026-03-14 00:13:42",19
"2026-03-14 00:20:42",19
"2026-03-14 00:22:42",19
"2026-03-14 00:23:42",19
"2026-03-14 00:34:42",19
"2026-03-14 00:35:42",19
"2026-03-14 00:37:42",19
"2026-03-14 00:44:42",19
"2026-03-14 00:45:42",19
"2026-03-14 01:14:42",19
"2026-03-14 01:16:42",19
"2026-03-14 01:17:42",19
"2026-03-14 01:18:42",19
"2026-03-14 01:21:42",19
"2026-03-14 01:22:42",19
"2026-03-14 01:31:42",19
"2026-03-14 02:09:42",19
"2026-03-14 02:10:42",19
"2026-03-14 02:11:42",19
"2026-03-14 02:31:42",19
"2026-03-14 02:35:42",19
"2026-03-14 02:36:42",19
"2026-03-14 02:38:42",19
"2026-03-14 02:44:42",19
"2026-03-14 02:45:42",19
"2026-03-14 02:46:42",19
"2026-03-14 03:13:42",19
"2026-03-14 03:14:42",19
"2026-03-14 03:20:42",19
"2026-03-14 03:37:42",19
"2026-03-14 03:38:42",19
"2026-03-14 03:45:42",19
"2026-03-14 03:46:42",19
"2026-03-14 03:47:42",19
"2026-03-14 03:50:42",19
"2026-03-14 03:51:42",19
"2026-03-14 03:56:42",19
"2026-03-14 03:58:42",19
"2026-03-14 03:59:42",19
"2026-03-14 04:00:42",19
"2026-03-14 04:01:42",19
"2026-03-14 04:02:42",19
"2026-03-14 04:25:42",19
"2026-03-14 04:33:42",19
"2026-03-14 04:36:42",19
"2026-03-14 04:59:42",18
"2026-03-14 05:01:42",19
"2026-03-14 05:04:42",18
"2026-03-14 05:05:42",19
"2026-03-14 05:06:42",18
"2026-03-14 05:08:42",19
"2026-03-14 05:09:42",18
"2026-03-14 05:12:42",19
"2026-03-14 05:21:42",18
"2026-03-14 05:22:42",19
"2026-03-14 05:30:42",18
"2026-03-14 05:31:42",19
"2026-03-14 05:35:42",18
"2026-03-14 05:36:42",19
"2026-03-14 05:45:42",18
"2026-03-14 05:47:42",19
"2026-03-14 05:48:42",18
"2026-03-14 05:50:42",19
"2026-03-14 05:51:42",18
"2026-03-14 05:52:42",19
"2026-03-14 05:53:42",18
"2026-03-14 06:30:42",18
"2026-03-14 06:41:42",18
"2026-03-14 06:42:42",18
"2026-03-14 06:43:42",18
"2026-03-14 06:47:42",18
"2026-03-14 06:49:42",18
"2026-03-14 06:57:42",18
"2026-03-14 06:58:42",18
"2026-03-14 06:59:42",18
"2026-03-14 07:52:42",18
"2026-03-14 07:53:42",18
"2026-03-14 07:56:42",18
"2026-03-14 07:57:42",18
"2026-03-14 08:01:42",18
"2026-03-14 08:05:42",18
"2026-03-14 08:08:42",18
"2026-03-14 08:09:42",18
"2026-03-14 08:17:42",18
"2026-03-14 08:24:42",18
"2026-03-14 08:25:42",18
"2026-03-14 08:26:42",18
"2026-03-14 09:14:42",18
"2026-03-14 09:15:42",18
"2026-03-14 09:20:42",18
"2026-03-14 09:22:42",18
"2026-03-14 09:26:42",18
"2026-03-14 09:31:42",18
"2026-03-14 09:33:42",18
"2026-03-14 09:41:42",18
"2026-03-14 09:47:42",19
"2026-03-14 09:48:42",19
"2026-03-14 09:50:42",19
"2026-03-14 09:52:42",19
"2026-03-14 09:54:42",19
"2026-03-14 09:56:42",19
"2026-03-14 09:58:42",19
"2026-03-14 10:00:42",19
"2026-03-14 10:02:42",19
"2026-03-14 10:04:42",19
"2026-03-14 10:05:42",20
"2026-03-14 10:09:42",19
"2026-03-14 10:13:42",20
"2026-03-14 10:18:42",20
"2026-03-14 10:25:42",20
"2026-03-14 10:27:42",20
"2026-03-14 10:30:42",20
"2026-03-14 10:31:42",20
"2026-03-14 10:33:42",20
"2026-03-14 10:35:42",20
"2026-03-14 10:36:42",20
"2026-03-14 10:37:42",20
"2026-03-14 10:39:42",20
"2026-03-14 10:46:42",20
"2026-03-14 10:47:42",21
"2026-03-14 10:52:42",21
"2026-03-14 10:55:42",21
"2026-03-14 10:56:42",21
"2026-03-14 11:00:42",21
"2026-03-14 11:03:42",21
"2026-03-14 11:07:42",21
"2026-03-14 11:10:42",21
"2026-03-14 11:15:42",21
"2026-03-14 11:16:42",21
"2026-03-14 11:20:42",21
"2026-03-14 11:21:42",21
"2026-03-14 11:26:42",21
"2026-03-14 11:31:42",21
"2026-03-14 11:35:42",21
"2026-03-14 11:36:42",21
"2026-03-14 11:37:42",21
"2026-03-14 11:39:42",20
"2026-03-14 11:41:42",21
"2026-03-14 11:43:42",20
"2026-03-14 11:45:42",20
"2026-03-14 11:48:42",20
"2026-03-14 11:51:42",20
"2026-03-14 11:56:42",20
"2026-03-14 11:57:42",20
"2026-03-14 12:04:42",20
"2026-03-14 12:08:42",20
"2026-03-14 12:09:42",20
"2026-03-14 12:11:42",20
"2026-03-14 12:15:42",20
"2026-03-14 12:18:42",20
"2026-03-14 12:19:42",20
"2026-03-14 12:20:42",20
"2026-03-14 12:23:42",20
"2026-03-14 12:30:42",20
"2026-03-14 12:32:42",20
"2026-03-14 12:37:42",21
"2026-03-14 12:39:42",20
"2026-03-14 12:40:42",21
"2026-03-14 12:46:42",20
"2026-03-14 12:52:42",20
"2026-03-14 12:53:42",20
"2026-03-14 13:01:42",20
"2026-03-14 13:02:42",20
"2026-03-14 13:03:42",20
"2026-03-14 13:04:42",20
"2026-03-14 13:05:42",20
"2026-03-14 13:06:42",19
"2026-03-14 13:07:42",19
"2026-03-14 13:08:42",19
"2026-03-14 13:09:42",19
"2026-03-14 13:10:42",19
"2026-03-14 13:13:42",19
"2026-03-14 13:17:42",19
"2026-03-14 13:18:42",18
"2026-03-14 13:19:42",18
"2026-03-14 13:20:42",18
"2026-03-14 13:21:42",18
"2026-03-14 13:23:42",18
"2026-03-14 13:26:42",18
"2026-03-14 13:27:42",18
"2026-03-14 13:35:42",18
"2026-03-14 13:37:42",18
"2026-03-14 13:38:42",18
"2026-03-14 13:39:42",18
"2026-03-14 13:40:42",18
"2026-03-14 13:41:42",19
"2026-03-14 13:42:42",19
"2026-03-14 13:43:42",19
"2026-03-14 13:44:42",19
"2026-03-14 13:45:42",19
"2026-03-14 13:46:42",19
"2026-03-14 13:47:42",19
"2026-03-14 13:48:42",19
"2026-03-14 13:49:42",20
"2026-03-14 13:51:42",20
"2026-03-14 13:55:42",20
"2026-03-14 13:56:42",20
"2026-03-14 13:57:42",20
"2026-03-14 13:59:42",20
"2026-03-14 14:08:42",20
"2026-03-14 14:10:42",20
"2026-03-14 14:11:42",20
"2026-03-14 14:26:42",20
"2026-03-14 14:27:42",20
"2026-03-14 14:31:42",20
"2026-03-14 14:34:42",20
"2026-03-14 14:47:42",20
"2026-03-14 14:59:42",20
"2026-03-14 15:11:42",20
"2026-03-14 15:12:42",20
"2026-03-14 15:13:42",20
"2026-03-14 15:40:42",20
"2026-03-14 15:41:42",20
"2026-03-14 15:43:42",20
"2026-03-14 15:44:42",20
"2026-03-14 15:53:42",20
"2026-03-14 16:35:42",19
"2026-03-14 16:56:42",19
"2026-03-14 16:57:42",19
"2026-03-14 16:58:42",19
"2026-03-14 17:05:42",19
"2026-03-14 17:07:42",19
"2026-03-14 17:08:42",19
"2026-03-14 17:09:42",19
"2026-03-14 17:11:42",19
"2026-03-14 17:12:42",19
"2026-03-14 17:13:42",19
"2026-03-14 17:14:42",19
"2026-03-14 17:50:42",19
"2026-03-14 17:53:42",19
"2026-03-14 17:54:42",19
"2026-03-14 18:07:42",19
"2026-03-14 18:25:42",19
"2026-03-14 18:26:42",19
"2026-03-14 18:27:42",19
"2026-03-14 18:28:42",18
"2026-03-14 18:29:42",18
"2026-03-14 18:30:42",18
"2026-03-14 18:31:42",18
"2026-03-14 18:32:42",19
"2026-03-14 18:33:42",19
"2026-03-14 18:34:42",19
"2026-03-14 18:36:42",19
"2026-03-14 18:37:42",19
"2026-03-14 18:38:42",18
"2026-03-14 18:39:42",18
"2026-03-14 18:40:42",18
"2026-03-14 18:41:42",18
"2026-03-14 18:42:42",18
"2026-03-14 18:43:42",18
"2026-03-14 18:44:42",18
"2026-03-14 18:45:42",18
"2026-03-14 18:47:42",17
"2026-03-14 18:49:42",17
"2026-03-14 18:56:42",17
"2026-03-14 18:57:42",17
"2026-03-14 18:58:42",17
"2026-03-14 19:05:42",17
"2026-03-14 19:09:42",17
"2026-03-14 19:11:42",17
"2026-03-14 19:13:42",17
"2026-03-14 19:14:42",17
"2026-03-14 19:17:42",17
"2026-03-14 19:21:42",17
"2026-03-14 19:24:42",17
"2026-03-14 19:25:42",17
"2026-03-14 19:26:42",18
"2026-03-14 19:27:42",18
"2026-03-14 19:28:42",18
"2026-03-14 19:29:42",18
"2026-03-14 19:30:42",19
"2026-03-14 19:31:42",19
"2026-03-14 19:32:42",19
"2026-03-14 19:33:42",19
"2026-03-14 19:34:42",19
"2026-03-14 19:35:42",19
"2026-03-14 19:38:42",19
"2026-03-14 19:39:42",19
"2026-03-14 19:43:42",19
"2026-03-14 19:50:42",19
"2026-03-14 19:55:42",20
"2026-03-14 19:59:42",20
"2026-03-14 20:02:42",20
"2026-03-14 20:10:42",20
"2026-03-14 20:14:42",20
"2026-03-14 20:17:42",20
"2026-03-14 20:19:42",20
"2026-03-14 20:23:42",20
"2026-03-14 20:25:42",20
"2026-03-14 20:29:42",20
"2026-03-14 20:33:42",20
"2026-03-14 20:35:42",20
"2026-03-14 20:38:42",20
"2026-03-14 20:42:42",20
"2026-03-14 20:46:42",20
"2026-03-14 20:47:42",20
"2026-03-14 20:50:42",20
"2026-03-14 20:54:42",20
"2026-03-14 20:56:42",20
"2026-03-14 21:00:42",20
"2026-03-14 21:04:42",20
"2026-03-14 21:19:42",20
"2026-03-14 21:34:42",20
"2026-03-14 21:35:42",20
"2026-03-14 21:37:42",20
"2026-03-14 21:57:42",20
"2026-03-14 21:58:42",20
"2026-03-14 22:12:42",20
"2026-03-14 22:15:42",20
"2026-03-14 22:16:42",20
"2026-03-14 22:17:42",20
"2026-03-14 22:21:42",20
"2026-03-14 22:24:42",20
"2026-03-14 22:29:42",20
"2026-03-14 22:36:42",20
"2026-03-14 22:39:42",20
"2026-03-14 22:45:42",20
"2026-03-14 23:02:42",19
"2026-03-14 23:10:42",19
"2026-03-14 23:20:42",19
"2026-03-14 23:40:42",19
"2026-03-14 23:56:42",19
"2026-03-15 00:06:42",19
"2026-03-15 00:23:42",19
"2026-03-15 00:57:42",19
"2026-03-15 00:59:42",19
"2026-03-15 01:00:42",19
"2026-03-15 01:02:42",19
"2026-03-15 01:03:42",19
"2026-03-15 01:07:42",19
"2026-03-15 01:08:42",19
"2026-03-15 01:10:42",19
"2026-03-15 01:11:42",19
"2026-03-15 01:12:42",19
"2026-03-15 01:13:42",19
"2026-03-15 01:45:42",19
"2026-03-15 01:47:42",19
"2026-03-15 01:48:42",19
"2026-03-15 01:49:42",19
"2026-03-15 01:51:42",19
"2026-03-15 02:29:42",19
"2026-03-15 02:30:42",19
"2026-03-15 02:34:42",19
"2026-03-15 02:35:42",19
"2026-03-15 02:45:42",19
"2026-03-15 02:46:42",19
"2026-03-15 02:47:42",19
"2026-03-15 02:48:42",19
"2026-03-15 02:49:42",19
"2026-03-15 02:50:42",19
"2026-03-15 02:52:42",19
"2026-03-15 02:55:42",19
"2026-03-15 02:56:42",19
"2026-03-15 02:58:42",19
"2026-03-15 02:59:42",19
"2026-03-15 06:02:42",19
"2026-03-15 06:03:42",19
"2026-03-15 06:04:42",19
"2026-03-15 06:06:42",19
"2026-03-15 06:07:42",19
"2026-03-15 06:10:42",19
"2026-03-15 06:11:42",19
"2026-03-15 07:08:42",19
"2026-03-15 07:09:42",19
"2026-03-15 07:19:42",19
"2026-03-15 07:21:42",19
"2026-03-15 07:22:42",19
"2026-03-15 07:23:42",19
"2026-03-15 07:26:42",19
"2026-03-15 07:29:42",19
"2026-03-15 07:30:42",19
"2026-03-15 07:32:42",19
"2026-03-15 07:33:42",19
"2026-03-15 07:34:42",19
"2026-03-15 07:35:42",19
"2026-03-15 07:37:42",19
"2026-03-15 07:40:42",19
"2026-03-15 07:42:42",19
"2026-03-15 07:43:42",19
"2026-03-15 07:44:42",19
"2026-03-15 07:49:42",19
"2026-03-15 07:50:42",19
"2026-03-15 07:51:42",19
"2026-03-15 07:52:42",19
"2026-03-15 07:54:42",19
"2026-03-15 08:23:42",19
"2026-03-15 08:55:42",19
"2026-03-15 08:57:42",19
"2026-03-15 08:58:42",19
"2026-03-15 09:07:42",19
"2026-03-15 09:28:42",19
"2026-03-15 09:30:42",19
"2026-03-15 09:34:42",19
"2026-03-15 09:35:42",19
"2026-03-15 09:36:42",19
"2026-03-15 09:39:42",19
"2026-03-15 09:40:42",19
"2026-03-15 09:41:42",19
"2026-03-15 09:42:42",19
"2026-03-15 09:44:42",19
"2026-03-15 09:45:42",19
"2026-03-15 09:46:42",19
"2026-03-15 09:47:42",19
"2026-03-15 09:48:42",19
"2026-03-15 09:50:42",19
"2026-03-15 10:04:42",19
"2026-03-15 10:06:42",19
"2026-03-15 10:14:42",19
"2026-03-15 10:16:42",19
"2026-03-15 10:18:42",19
"2026-03-15 10:19:42",19
"2026-03-15 10:20:42",19
"2026-03-15 10:21:42",19
"2026-03-15 10:22:42",19
"2026-03-15 10:41:42",19
"2026-03-15 10:48:42",19
"2026-03-15 12:12:42",20
"2026-03-15 12:18:42",20
"2026-03-15 12:20:42",20
"2026-03-15 12:23:42",20
"2026-03-15 12:30:42",20
"2026-03-15 12:34:42",20
"2026-03-15 12:44:42",20
"2026-03-15 12:47:42",20
"2026-03-15 12:59:42",20
"2026-03-15 13:02:42",20
"2026-03-15 13:04:42",20
"2026-03-15 13:07:42",20
"2026-03-15 13:08:42",20
"2026-03-15 13:16:42",20
"2026-03-15 13:20:42",21
"2026-03-15 13:21:42",20
"2026-03-15 13:24:42",21
"2026-03-15 13:33:42",20
"2026-03-15 13:34:42",20
"2026-03-15 13:35:42",20
"2026-03-15 13:36:42",20
"2026-03-15 13:37:42",20
"2026-03-15 13:38:42",20
"2026-03-15 13:42:42",21
"2026-03-15 13:47:42",21
"2026-03-15 13:48:42",21
"2026-03-15 13:50:42",21
"2026-03-15 13:53:42",21
"2026-03-15 13:54:42",21
"2026-03-15 13:56:42",21
"2026-03-15 13:59:42",21
"2026-03-15 14:00:42",21
"2026-03-15 14:04:42",21
"2026-03-15 14:08:42",21
"2026-03-15 14:12:42",21
"2026-03-15 14:13:42",21
"2026-03-15 14:14:42",21
"2026-03-15 14:17:42",21
"2026-03-15 14:18:42",21
"2026-03-15 14:34:42",21
"2026-03-15 14:37:42",20
"2026-03-15 14:54:42",21
"2026-03-15 14:58:42",20
"2026-03-15 14:59:42",20
"2026-03-15 15:01:42",20
"2026-03-15 15:04:42",20
"2026-03-15 15:07:42",20
"2026-03-15 15:13:42",20
"2026-03-15 15:16:42",20
"2026-03-15 15:33:42",20
"2026-03-15 15:35:42",20
"2026-03-15 15:36:42",20
"2026-03-15 15:37:42",20
"2026-03-15 15:42:42",20
"2026-03-15 15:46:42",20
"2026-03-15 15:48:42",20
"2026-03-15 15:51:42",20
"2026-03-15 16:00:42",21
"2026-03-15 16:04:42",21
"2026-03-15 16:05:42",21
"2026-03-15 16:06:42",20
"2026-03-15 16:07:42",20
"2026-03-15 16:08:42",20
"2026-03-15 16:09:42",20
"2026-03-15 16:10:42",20
"2026-03-15 16:11:42",20
"2026-03-15 16:13:42",20
"2026-03-15 16:14:42",20
"2026-03-15 16:15:42",20
"2026-03-15 16:16:42",20
"2026-03-15 16:17:42",20
"2026-03-15 16:19:42",20
"2026-03-15 16:20:42",20
"2026-03-15 16:22:42",20
"2026-03-15 16:25:42",20
"2026-03-15 16:30:42",20
"2026-03-15 16:31:42",20
"2026-03-15 16:32:42",20
"2026-03-15 16:33:42",20
"2026-03-15 16:35:42",20
"2026-03-15 16:37:42",20
"2026-03-15 16:41:42",20
"2026-03-15 16:43:42",21
"2026-03-15 16:47:42",21
"2026-03-15 16:48:42",21
"2026-03-15 16:49:42",21
"2026-03-15 16:51:42",21
"2026-03-15 16:53:42",20
"2026-03-15 17:00:42",21
"2026-03-15 17:02:42",20
"2026-03-15 17:08:42",20
"2026-03-15 17:12:42",20
"2026-03-15 17:13:42",21
"2026-03-15 17:15:42",20
"2026-03-15 17:18:42",20
"2026-03-15 17:24:42",20
"2026-03-15 17:30:42",20
"2026-03-15 17:40:42",20
"2026-03-15 17:44:42",20
"2026-03-15 17:50:42",20
"2026-03-15 17:54:42",20
"2026-03-15 18:07:42",20
"2026-03-15 18:13:42",20
"2026-03-15 18:14:42",20
"2026-03-15 18:16:42",20
"2026-03-15 18:25:42",20
"2026-03-15 18:26:42",20
"2026-03-15 18:42:42",19
"2026-03-15 18:54:42",19
"2026-03-15 18:59:42",19
"2026-03-15 19:00:42",19
