"timestamp","temperature_celsius","humidity_percent","precipitation_mm","wind_speed_kmh","cloud_cover_percent","solar_energy_mj","solar_radiation_w","heat_index_celsius","wind_chill_celsius"
2026-03-15 00:00:00.000 +0000,3.40,86.20,0.00,7.10,100.00,0.00,0.00,,0.40
2026-03-15 00:00:00.000 +0000,3.40,86.18,0.00,7.10,100.00,0.00,0.00,,0.40
2026-03-14 23:00:00.000 +0000,3.00,81.27,0.00,6.90,50.00,0.00,0.00,,0.10
2026-03-14 23:00:00.000 +0000,3.00,81.38,0.00,6.80,50.00,0.00,0.00,,0.10
2026-03-14 22:00:00.000 +0000,3.00,86.06,0.00,7.80,25.00,0.00,0.00,,-0.30
2026-03-14 22:00:00.000 +0000,3.00,85.95,0.00,7.80,25.00,0.00,0.00,,-0.20
2026-03-14 21:00:00.000 +0000,3.10,85.72,0.00,6.00,,0.00,0.00,,0.50
2026-03-14 21:00:00.000 +0000,3.10,85.56,0.00,6.00,,0.00,0.00,,0.50
2026-03-14 20:00:00.000 +0000,4.10,80.06,0.00,9.80,88.00,0.00,0.00,,0.60
2026-03-14 20:00:00.000 +0000,4.10,80.17,0.00,9.90,88.00,0.00,0.00,,0.50
2026-03-14 19:00:00.000 +0000,6.00,70.34,0.00,9.90,74.40,0.00,0.00,,2.80
2026-03-14 19:00:00.000 +0000,6.00,70.34,0.00,9.80,74.50,0.00,0.00,,2.80
2026-03-14 18:00:00.000 +0000,7.00,60.45,0.00,10.00,25.00,0.10,28.00,,4.10
2026-03-14 18:00:00.000 +0000,7.00,60.54,0.00,10.10,25.00,0.10,28.00,,4.10
2026-03-14 17:00:00.000 +0000,8.10,43.65,0.00,13.50,29.20,0.80,211.00,,4.80
2026-03-14 17:00:00.000 +0000,8.10,43.48,0.00,13.50,28.60,0.80,211.00,,4.80
2026-03-14 16:00:00.000 +0000,9.00,49.87,0.00,14.60,30.90,0.50,152.00,,5.70
2026-03-14 16:00:00.000 +0000,9.00,49.83,0.00,14.70,30.00,0.50,152.00,,5.70
2026-03-14 15:00:00.000 +0000,9.00,43.27,0.00,15.80,27.10,0.80,217.00,,5.60
2026-03-14 15:00:00.000 +0000,9.00,43.35,0.00,15.70,27.50,0.80,217.00,,5.70
2026-03-14 14:00:00.000 +0000,9.10,52.61,0.00,14.60,26.20,1.20,327.00,,5.90
2026-03-14 14:00:00.000 +0000,9.10,52.50,0.00,14.50,26.40,1.20,327.00,,5.90
2026-03-14 13:00:00.000 +0000,8.20,52.60,0.00,16.60,29.20,2.10,584.00,,4.50
2026-03-14 13:00:00.000 +0000,8.10,52.66,0.00,16.70,28.50,2.10,584.00,,4.40
2026-03-14 12:00:00.000 +0000,8.10,56.55,0.00,16.90,25.70,2.00,568.00,,4.30
2026-03-14 12:00:00.000 +0000,8.10,56.61,0.00,17.00,25.60,2.00,568.00,,4.30
2026-03-14 11:00:00.000 +0000,7.20,69.00,0.00,19.00,25.80,1.90,528.00,,2.80
2026-03-14 11:00:00.000 +0000,7.10,69.21,0.00,19.10,25.60,1.90,528.00,,2.80
2026-03-14 10:00:00.000 +0000,6.10,74.29,0.00,17.50,25.00,1.50,430.00,,1.70
2026-03-14 10:00:00.000 +0000,6.10,74.45,0.00,17.60,25.00,1.50,430.00,,1.60
2026-03-14 09:00:00.000 +0000,5.00,80.43,0.00,16.00,25.00,1.00,289.00,,0.50
2026-03-14 09:00:00.000 +0000,5.00,80.36,0.00,15.80,25.00,1.00,289.00,,0.50
2026-03-14 08:00:00.000 +0000,2.90,86.40,0.00,11.70,25.00,0.40,118.00,,-1.40
2026-03-14 08:00:00.000 +0000,2.90,86.43,0.00,11.90,25.00,0.40,118.00,,-1.40
2026-03-14 07:00:00.000 +0000,1.90,92.96,0.00,9.90,25.00,0.10,19.00,,-2.30
2026-03-14 07:00:00.000 +0000,1.80,92.94,0.00,9.80,25.00,0.10,19.00,,-2.30
2026-03-14 06:00:00.000 +0000,1.60,92.44,0.00,12.60,25.00,0.00,0.00,,-3.30
2026-03-14 06:00:00.000 +0000,1.60,92.53,0.00,12.80,25.00,0.00,0.00,,-3.20
2026-03-14 05:00:00.000 +0000,1.70,92.56,0.00,10.60,,0.00,0.00,,-2.60
2026-03-14 05:00:00.000 +0000,1.70,92.63,0.00,10.70,,0.00,0.00,,-2.60
2026-03-14 04:00:00.000 +0000,-0.20,90.84,0.00,3.00,88.00,0.00,0.00,,
2026-03-14 04:00:00.000 +0000,-0.20,90.85,0.00,3.00,88.00,0.00,0.00,,
2026-03-14 03:00:00.000 +0000,0.80,88.84,0.00,3.00,25.00,0.00,0.00,,-0.60
2026-03-14 03:00:00.000 +0000,0.80,88.87,0.00,3.00,25.00,0.00,0.00,,-0.60
2026-03-14 02:00:00.000 +0000,1.80,88.93,0.00,4.70,25.00,0.00,0.00,,-0.50
2026-03-14 02:00:00.000 +0000,1.80,88.96,0.00,4.70,25.00,0.00,0.00,,-0.50
2026-03-14 01:00:00.000 +0000,1.40,88.89,0.00,4.80,25.00,0.00,0.00,,-1.10
2026-03-14 01:00:00.000 +0000,1.40,88.92,0.00,4.80,25.00,0.00,0.00,,-1.10
2026-03-14 00:00:00.000 +0000,2.00,91.00,0.00,4.30,88.00,0.00,0.00,,0.00
2026-03-14 00:00:00.000 +0000,2.00,91.01,0.00,4.30,88.00,0.00,0.00,,0.00
2026-03-13 23:00:00.000 +0000,3.00,87.22,0.00,7.50,52.20,0.00,0.00,,-0.20
2026-03-13 23:00:00.000 +0000,3.00,87.14,0.00,7.60,51.90,0.00,0.00,,-0.30
2026-03-13 22:00:00.000 +0000,3.10,86.50,0.00,8.70,52.70,0.00,0.00,,-0.50
2026-03-13 22:00:00.000 +0000,3.10,86.47,0.00,8.70,53.20,0.00,0.00,,-0.40
2026-03-13 21:00:00.000 +0000,3.90,86.56,0.00,5.90,52.20,0.00,0.00,,1.50
2026-03-13 21:00:00.000 +0000,4.00,86.60,0.00,5.90,51.90,0.00,0.00,,1.50
2026-03-13 20:00:00.000 +0000,4.00,86.60,0.00,9.10,53.30,0.00,0.00,,0.60
2026-03-13 20:00:00.000 +0000,4.00,86.57,0.00,9.00,53.80,0.00,0.00,,0.70
2026-03-13 19:00:00.000 +0000,4.00,86.57,0.00,12.10,53.50,0.00,0.00,,-0.10
2026-03-13 19:00:00.000 +0000,4.00,86.60,0.00,12.20,53.00,0.00,0.00,,-0.10
2026-03-13 18:00:00.000 +0000,4.20,85.69,0.00,11.30,51.90,0.10,31.00,,0.30
2026-03-13 18:00:00.000 +0000,4.20,85.50,0.00,11.30,52.20,0.10,31.00,,0.30
2026-03-13 17:00:00.000 +0000,5.10,80.20,0.00,16.60,54.20,0.20,62.00,,0.50
2026-03-13 17:00:00.000 +0000,5.10,80.31,0.00,16.70,53.60,0.20,62.00,,0.50
2026-03-13 16:00:00.000 +0000,5.20,80.05,0.00,18.00,88.00,0.50,150.00,,0.40
2026-03-13 16:00:00.000 +0000,5.20,80.18,0.00,18.00,88.10,0.50,150.00,,0.40
2026-03-13 15:00:00.000 +0000,6.20,74.80,0.00,19.40,84.80,0.90,245.00,,1.50
2026-03-13 15:00:00.000 +0000,6.10,74.91,0.00,19.40,85.30,0.90,245.00,,1.40
2026-03-13 14:00:00.000 +0000,6.10,75.03,0.00,20.90,87.60,0.50,137.00,,1.20
2026-03-13 14:00:00.000 +0000,6.10,75.11,0.00,20.80,87.70,0.50,137.00,,1.20
2026-03-13 13:00:00.000 +0000,6.10,70.84,0.00,15.40,54.50,0.40,104.00,,1.90
2026-03-13 13:00:00.000 +0000,6.10,70.92,0.00,15.50,55.30,0.40,104.00,,1.90
2026-03-13 12:00:00.000 +0000,6.00,70.71,0.00,23.50,54.50,0.50,150.00,,0.80
2026-03-13 12:00:00.000 +0000,6.00,70.78,0.00,23.30,55.30,0.50,150.00,,0.90
2026-03-13 11:00:00.000 +0000,7.00,66.07,0.00,26.90,53.50,1.00,269.00,,1.80
2026-03-13 11:00:00.000 +0000,7.00,66.14,0.00,26.70,54.20,1.00,269.00,,1.80
2026-03-13 10:00:00.000 +0000,5.10,70.40,0.00,21.50,55.60,0.80,227.00,,-0.20
2026-03-13 10:00:00.000 +0000,5.10,70.36,0.00,21.50,54.80,0.80,227.00,,-0.20
2026-03-13 09:00:00.000 +0000,4.10,74.89,0.00,27.90,33.60,0.70,187.00,,-2.20
2026-03-13 09:00:00.000 +0000,4.10,74.94,0.00,28.10,32.40,0.70,187.00,,-2.20
2026-03-13 08:00:00.000 +0000,3.10,74.41,0.00,21.50,31.20,0.30,70.00,,-2.80
2026-03-13 08:00:00.000 +0000,3.10,74.50,0.00,21.60,30.30,0.30,70.00,,-2.80
2026-03-13 07:00:00.000 +0000,2.10,74.27,0.00,17.00,28.10,0.10,16.00,,-3.40
2026-03-13 07:00:00.000 +0000,2.20,74.18,0.00,16.90,28.60,0.10,16.00,,-3.40
2026-03-13 06:00:00.000 +0000,2.10,79.51,0.00,19.20,25.00,0.00,0.00,,-3.80
2026-03-13 06:00:00.000 +0000,2.10,79.34,0.00,19.20,25.00,0.00,0.00,,-3.80
2026-03-13 05:00:00.000 +0000,2.10,74.84,0.00,19.70,29.50,0.00,0.00,,-3.90
2026-03-13 05:00:00.000 +0000,2.10,74.84,0.00,19.70,30.20,0.00,0.00,,-3.80
2026-03-13 04:00:00.000 +0000,3.70,75.90,0.00,17.30,25.00,0.00,0.00,,-1.40
2026-03-13 04:00:00.000 +0000,3.70,75.90,0.00,17.30,25.00,0.00,0.00,,-1.40
2026-03-13 03:00:00.000 +0000,4.30,79.85,0.00,13.30,81.50,0.00,0.00,,0.00
2026-03-13 03:00:00.000 +0000,4.30,79.83,0.00,13.30,81.50,0.00,0.00,,0.00
2026-03-13 02:00:00.000 +0000,4.60,81.37,0.00,13.30,79.60,0.00,0.00,,0.40
2026-03-13 02:00:00.000 +0000,4.60,81.40,0.00,13.30,79.60,0.00,0.00,,0.40
2026-03-13 01:00:00.000 +0000,5.00,80.94,0.00,18.10,97.30,0.00,0.00,,0.10
2026-03-13 01:00:00.000 +0000,5.00,80.94,0.00,18.10,97.20,0.00,0.00,,0.10
2026-03-13 00:00:00.000 +0000,6.40,82.45,0.00,11.80,63.00,0.00,0.00,,3.00
2026-03-13 00:00:00.000 +0000,6.40,82.47,0.00,11.70,63.10,0.00,0.00,,3.00
2026-03-12 23:00:00.000 +0000,5.10,86.01,0.00,15.90,55.30,0.00,0.00,,0.60
2026-03-12 23:00:00.000 +0000,5.10,86.13,0.00,15.90,54.50,0.00,0.00,,0.60
2026-03-12 22:00:00.000 +0000,6.00,86.66,0.00,17.00,87.60,0.00,0.00,,1.60
2026-03-12 22:00:00.000 +0000,6.00,86.61,0.00,17.00,87.60,0.00,0.00,,1.70
2026-03-12 21:00:00.000 +0000,8.80,86.62,0.00,20.40,53.90,0.00,0.00,,4.90
2026-03-12 21:00:00.000 +0000,8.80,86.51,0.00,20.40,54.60,0.00,0.00,,4.80
2026-03-12 20:00:00.000 +0000,9.90,82.23,0.00,22.50,54.90,0.00,0.00,,6.00
2026-03-12 20:00:00.000 +0000,9.80,82.33,0.00,22.20,55.70,0.00,0.00,,6.00
2026-03-12 19:00:00.000 +0000,10.00,81.68,0.00,23.30,88.70,0.00,0.00,,6.10
2026-03-12 19:00:00.000 +0000,10.00,81.67,0.00,23.40,88.60,0.00,0.00,,6.10
2026-03-12 18:00:00.000 +0000,11.00,81.76,0.00,24.10,88.50,0.00,2.00,,
2026-03-12 18:00:00.000 +0000,11.00,81.75,0.00,24.10,88.40,0.00,2.00,,
2026-03-12 17:00:00.000 +0000,11.10,87.01,0.00,27.70,89.00,0.10,25.00,,
2026-03-12 17:00:00.000 +0000,11.10,86.94,0.00,27.70,89.10,0.10,25.00,,
2026-03-12 16:00:00.000 +0000,12.00,81.89,0.00,30.70,88.00,0.20,50.00,,
2026-03-12 16:00:00.000 +0000,12.00,81.88,0.00,30.80,88.10,0.20,50.00,,
2026-03-12 15:00:00.000 +0000,12.00,81.81,0.00,27.80,89.00,0.20,44.00,,
2026-03-12 15:00:00.000 +0000,12.10,81.79,0.00,27.90,89.10,0.20,44.00,,
2026-03-12 14:00:00.000 +0000,12.00,82.08,0.00,31.10,89.10,0.40,122.00,,
2026-03-12 14:00:00.000 +0000,12.00,82.06,0.00,31.10,89.00,0.40,122.00,,
2026-03-12 13:00:00.000 +0000,11.10,81.00,0.00,33.00,89.00,0.70,191.00,,
2026-03-12 13:00:00.000 +0000,11.10,81.11,0.00,33.10,88.90,0.70,191.00,,
2026-03-12 12:00:00.000 +0000,11.00,71.43,0.00,33.90,89.10,0.40,101.00,,
2026-03-12 12:00:00.000 +0000,11.00,71.40,0.00,34.00,89.00,0.40,101.00,,
2026-03-12 11:00:00.000 +0000,10.10,75.43,0.00,25.50,89.10,0.20,63.00,,
2026-03-12 11:00:00.000 +0000,10.10,75.54,0.00,25.50,89.00,0.20,63.00,,
2026-03-12 10:00:00.000 +0000,10.00,76.06,0.00,22.40,89.20,0.40,105.00,,6.20
2026-03-12 10:00:00.000 +0000,10.00,76.05,0.00,22.50,89.50,0.40,105.00,,6.20
2026-03-12 09:00:00.000 +0000,9.00,75.73,0.00,21.00,88.60,0.50,134.00,,5.10
2026-03-12 09:00:00.000 +0000,9.00,75.69,0.00,21.00,88.70,0.50,134.00,,5.10
2026-03-12 08:00:00.000 +0000,8.10,75.39,0.00,19.80,88.70,0.20,62.00,,4.00
2026-03-12 08:00:00.000 +0000,8.10,75.45,0.00,19.80,88.60,0.20,62.00,,4.00
2026-03-12 07:00:00.000 +0000,8.10,75.23,0.00,25.00,55.30,0.00,9.00,,3.40
2026-03-12 07:00:00.000 +0000,8.10,75.32,0.00,25.00,54.50,0.00,9.00,,3.40
2026-03-12 06:00:00.000 +0000,8.10,75.23,0.00,26.00,89.50,0.00,0.00,,3.30
2026-03-12 06:00:00.000 +0000,8.10,75.32,0.00,26.10,89.20,0.00,0.00,,3.30
2026-03-12 05:00:00.000 +0000,8.10,75.23,0.00,23.30,89.50,0.00,0.00,,3.60
2026-03-12 05:00:00.000 +0000,8.10,75.32,0.00,23.50,89.20,0.00,0.00,,3.50
2026-03-12 04:00:00.000 +0000,8.70,70.84,0.00,17.80,97.30,0.00,0.00,,5.00
2026-03-12 04:00:00.000 +0000,8.70,70.84,0.00,17.80,97.20,0.00,0.00,,5.00
2026-03-12 03:00:00.000 +0000,8.30,73.05,0.00,16.30,100.00,0.00,0.00,,4.60
2026-03-12 03:00:00.000 +0000,8.30,73.06,0.00,16.30,100.00,0.00,0.00,,4.60
2026-03-12 02:00:00.000 +0000,8.00,74.65,0.00,15.20,100.00,0.00,0.00,,4.40
2026-03-12 02:00:00.000 +0000,8.00,74.63,0.00,15.20,100.00,0.00,0.00,,4.40
2026-03-12 01:00:00.000 +0000,8.00,70.69,0.00,15.50,100.00,0.00,0.00,,4.30
2026-03-12 01:00:00.000 +0000,8.00,70.69,0.00,15.50,100.00,0.00,0.00,,4.30
2026-03-12 00:00:00.000 +0000,7.70,71.81,0.00,12.20,100.00,0.00,0.00,,4.60
2026-03-12 00:00:00.000 +0000,7.70,71.79,0.00,12.20,100.00,0.00,0.00,,4.60
2026-03-11 23:00:00.000 +0000,7.70,70.64,0.00,13.20,84.80,0.00,0.00,,4.40
2026-03-11 23:00:00.000 +0000,7.70,70.64,0.00,13.10,84.60,0.00,0.00,,4.40
2026-03-11 22:00:00.000 +0000,7.00,70.51,0.00,13.90,51.80,0.00,0.00,,3.40
2026-03-11 22:00:00.000 +0000,7.00,70.51,0.00,13.90,52.20,0.00,0.00,,3.40
2026-03-11 21:00:00.000 +0000,7.00,75.05,0.00,15.70,54.80,0.00,0.00,,3.10
2026-03-11 21:00:00.000 +0000,7.00,75.14,0.00,15.70,54.10,0.00,0.00,,3.10
2026-03-11 20:00:00.000 +0000,8.00,65.86,0.00,15.90,54.60,0.00,0.00,,4.40
2026-03-11 20:00:00.000 +0000,8.00,65.86,0.00,15.90,54.00,0.00,0.00,,4.40
2026-03-11 19:00:00.000 +0000,8.10,61.73,0.00,13.90,54.80,0.00,0.00,,4.70
2026-03-11 19:00:00.000 +0000,8.10,61.66,0.00,13.90,54.10,0.00,0.00,,4.70
2026-03-11 18:00:00.000 +0000,8.10,65.64,0.00,16.40,50.10,0.00,10.00,,4.30
2026-03-11 18:00:00.000 +0000,8.10,65.60,0.00,16.40,50.10,0.00,10.00,,4.40
2026-03-11 17:00:00.000 +0000,8.10,65.10,0.00,14.30,50.00,0.20,62.00,,4.70
2026-03-11 17:00:00.000 +0000,8.10,64.97,0.00,14.40,50.00,0.20,62.00,,4.70
2026-03-11 16:00:00.000 +0000,8.10,61.06,0.00,18.30,53.90,1.00,278.00,,4.20
2026-03-11 16:00:00.000 +0000,8.20,61.01,0.00,18.30,54.60,1.00,278.00,,4.20
2026-03-11 15:00:00.000 +0000,9.10,60.94,0.00,20.80,52.20,1.70,460.00,,5.10
2026-03-11 15:00:00.000 +0000,9.00,61.03,0.00,20.80,51.90,1.70,460.00,,5.10
2026-03-11 14:00:00.000 +0000,8.20,60.59,0.00,23.70,53.90,1.00,288.00,,3.70
2026-03-11 14:00:00.000 +0000,8.30,60.47,0.00,23.60,54.60,1.00,288.00,,3.80
2026-03-11 13:00:00.000 +0000,8.20,64.56,0.00,22.90,52.10,1.30,359.00,,3.80
2026-03-11 13:00:00.000 +0000,8.20,64.74,0.00,22.90,51.80,1.30,359.00,,3.70
2026-03-11 12:00:00.000 +0000,9.10,61.34,0.00,23.90,48.90,1.80,496.00,,4.80
2026-03-11 12:00:00.000 +0000,9.10,61.31,0.00,23.90,48.70,1.80,496.00,,4.80
2026-03-11 11:00:00.000 +0000,8.20,69.22,0.00,21.70,51.80,0.70,208.00,,3.90
2026-03-11 11:00:00.000 +0000,8.20,69.43,0.00,21.70,51.50,0.70,208.00,,3.90
2026-03-11 10:00:00.000 +0000,7.20,79.36,0.00,17.30,52.40,0.80,235.00,,3.10
2026-03-11 10:00:00.000 +0000,7.20,79.05,0.00,17.30,52.80,0.80,235.00,,3.20
2026-03-11 09:00:00.000 +0000,7.10,80.06,0.00,17.20,53.90,0.40,104.00,,3.00
2026-03-11 09:00:00.000 +0000,7.20,79.87,0.00,17.20,54.60,0.40,104.00,,3.10
2026-03-11 08:00:00.000 +0000,6.20,85.16,0.00,13.40,55.30,0.10,37.00,,2.40
2026-03-11 08:00:00.000 +0000,6.20,85.42,0.00,13.30,54.50,0.10,37.00,,2.40
2026-03-11 07:00:00.000 +0000,6.20,79.64,0.00,16.00,54.60,0.00,9.00,,2.00
2026-03-11 07:00:00.000 +0000,6.20,79.84,0.00,16.00,54.00,0.00,9.00,,2.00
2026-03-11 06:00:00.000 +0000,7.10,80.02,0.00,16.80,89.10,0.00,0.00,,3.00
2026-03-11 06:00:00.000 +0000,7.10,80.19,0.00,16.90,89.00,0.00,0.00,,3.00
2026-03-11 05:00:00.000 +0000,7.00,75.52,0.00,20.90,70.60,0.00,0.00,,2.40
2026-03-11 05:00:00.000 +0000,7.00,75.50,0.00,20.80,70.70,0.00,0.00,,2.50
2026-03-11 04:00:00.000 +0000,8.40,73.08,0.00,14.60,75.40,0.00,0.00,,5.00
2026-03-11 04:00:00.000 +0000,8.40,73.13,0.00,14.60,75.20,0.00,0.00,,5.00
2026-03-11 03:00:00.000 +0000,9.40,73.73,0.00,14.30,39.60,0.00,0.00,,6.40
2026-03-11 03:00:00.000 +0000,9.40,73.72,0.00,14.40,39.30,0.00,0.00,,6.30
2026-03-11 02:00:00.000 +0000,9.70,79.83,0.00,14.30,81.50,0.00,0.00,,6.80
2026-03-11 02:00:00.000 +0000,9.70,79.84,0.00,14.30,81.50,0.00,0.00,,6.80
2026-03-11 01:00:00.000 +0000,10.40,84.76,0.00,19.60,100.00,0.00,0.00,,
2026-03-11 01:00:00.000 +0000,10.40,84.75,0.00,19.60,100.00,0.00,0.00,,
2026-03-11 00:00:00.000 +0000,9.90,82.13,0.00,23.30,89.50,0.00,0.00,,6.10
2026-03-11 00:00:00.000 +0000,9.90,82.06,0.00,23.40,89.20,0.00,0.00,,6.00
2026-03-10 23:00:00.000 +0000,9.10,86.58,0.00,20.60,89.50,0.00,0.00,,5.20
2026-03-10 23:00:00.000 +0000,9.10,86.68,0.00,20.60,89.20,0.00,0.00,,5.10
2026-03-10 22:00:00.000 +0000,9.10,80.91,0.00,17.50,89.20,0.00,0.00,,5.50
2026-03-10 22:00:00.000 +0000,9.10,80.82,0.00,17.50,89.50,0.00,0.00,,5.50
2026-03-10 21:00:00.000 +0000,9.10,75.82,0.00,18.20,89.00,0.00,0.00,,5.40
2026-03-10 21:00:00.000 +0000,9.10,75.79,0.00,18.20,89.10,0.00,0.00,,5.40
2026-03-10 20:00:00.000 +0000,9.10,75.49,0.00,18.30,89.20,0.00,0.00,,5.40
2026-03-10 20:00:00.000 +0000,9.10,75.40,0.00,18.30,89.50,0.00,0.00,,5.40
2026-03-10 19:00:00.000 +0000,9.10,75.40,0.00,15.30,56.10,0.00,0.00,,5.80
2026-03-10 19:00:00.000 +0000,9.10,75.49,0.00,15.30,55.20,0.00,0.00,,5.80
2026-03-10 18:00:00.000 +0000,9.10,70.73,0.00,13.90,55.30,0.00,7.00,,6.00
2026-03-10 18:00:00.000 +0000,9.10,70.75,0.00,13.90,54.50,0.00,7.00,,6.00
2026-03-10 17:00:00.000 +0000,10.10,66.17,0.00,16.20,55.60,0.10,24.00,,
2026-03-10 17:00:00.000 +0000,10.10,66.19,0.00,16.20,54.80,0.10,24.00,,
2026-03-10 16:00:00.000 +0000,10.10,66.41,0.00,14.80,88.90,0.50,131.00,,
2026-03-10 16:00:00.000 +0000,10.10,66.43,0.00,14.80,89.00,0.50,131.00,,
2026-03-10 15:00:00.000 +0000,10.10,66.43,0.00,15.00,89.00,0.60,159.00,,
2026-03-10 15:00:00.000 +0000,10.10,66.41,0.00,15.00,88.90,0.60,159.00,,
2026-03-10 14:00:00.000 +0000,9.20,70.13,0.00,17.00,88.60,0.50,151.00,,5.70
2026-03-10 14:00:00.000 +0000,9.20,70.01,0.00,17.00,88.70,0.50,151.00,,5.70
2026-03-10 13:00:00.000 +0000,9.20,70.41,0.00,14.80,52.40,0.90,256.00,,6.00
2026-03-10 13:00:00.000 +0000,9.20,70.33,0.00,14.80,52.80,0.90,256.00,,6.00
2026-03-10 12:00:00.000 +0000,9.10,66.47,0.00,13.60,53.80,1.70,461.00,,6.00
2026-03-10 12:00:00.000 +0000,9.10,66.41,0.00,13.70,53.30,1.70,461.00,,6.00
2026-03-10 11:00:00.000 +0000,9.00,70.74,0.00,16.70,52.40,1.60,445.00,,5.60
2026-03-10 11:00:00.000 +0000,9.00,70.71,0.00,16.70,52.80,1.60,445.00,,5.60
2026-03-10 10:00:00.000 +0000,8.10,70.66,0.00,13.70,51.10,1.30,367.00,,4.80
2026-03-10 10:00:00.000 +0000,8.10,70.66,0.00,13.70,50.90,1.30,367.00,,4.70
2026-03-10 09:00:00.000 +0000,6.10,80.91,0.00,7.20,28.60,0.60,165.00,,3.70
2026-03-10 09:00:00.000 +0000,6.20,80.89,0.00,7.30,29.20,0.60,165.00,,3.70
2026-03-10 08:00:00.000 +0000,6.00,81.44,0.00,10.00,29.50,0.50,145.00,,2.90
2026-03-10 08:00:00.000 +0000,6.00,81.50,0.00,10.00,30.20,0.50,145.00,,2.90
2026-03-10 07:00:00.000 +0000,5.10,86.45,0.00,9.80,53.90,0.00,9.00,,1.80
2026-03-10 07:00:00.000 +0000,5.10,86.51,0.00,9.90,53.40,0.00,9.00,,1.80
2026-03-10 06:00:00.000 +0000,6.00,86.87,0.00,9.90,89.10,0.00,0.00,,2.90
2026-03-10 06:00:00.000 +0000,6.00,86.89,0.00,10.00,89.00,0.00,0.00,,2.80
2026-03-10 05:00:00.000 +0000,6.10,92.28,0.00,7.90,86.20,0.00,0.00,,3.40
2026-03-10 05:00:00.000 +0000,6.00,92.42,0.00,7.90,86.50,0.00,0.00,,3.40
2026-03-10 04:00:00.000 +0000,6.60,87.92,0.00,5.80,100.00,0.00,0.00,,4.70
2026-03-10 04:00:00.000 +0000,6.60,87.92,0.00,5.80,100.00,0.00,0.00,,4.70
2026-03-10 03:00:00.000 +0000,6.40,86.49,0.00,5.70,61.90,0.00,0.00,,4.50
2026-03-10 03:00:00.000 +0000,6.40,86.51,0.00,5.70,62.00,0.00,0.00,,4.50
2026-03-10 02:00:00.000 +0000,7.30,87.98,0.00,8.00,81.50,0.00,0.00,,4.90
2026-03-10 02:00:00.000 +0000,7.30,87.98,0.00,8.00,81.50,0.00,0.00,,4.90
2026-03-10 01:00:00.000 +0000,7.60,92.80,0.00,8.50,97.20,0.00,0.00,,5.10
2026-03-10 01:00:00.000 +0000,7.60,92.83,0.00,8.50,97.30,0.00,0.00,,5.10
2026-03-10 00:00:00.000 +0000,7.50,94.86,0.00,10.00,97.30,0.00,0.00,,4.70
2026-03-10 00:00:00.000 +0000,7.50,94.82,0.00,10.00,97.20,0.00,0.00,,4.70
2026-03-09 23:00:00.000 +0000,6.60,91.84,0.00,6.80,100.00,0.00,0.00,,4.40
2026-03-09 23:00:00.000 +0000,6.60,91.87,0.00,6.80,100.00,0.00,0.00,,4.40
2026-03-09 22:00:00.000 +0000,8.00,93.34,0.00,4.70,88.60,0.00,0.00,,6.70
2026-03-09 22:00:00.000 +0000,8.00,93.33,0.00,4.70,88.70,0.00,0.00,,6.70
2026-03-09 21:00:00.000 +0000,8.00,87.52,0.00,5.20,30.50,0.00,0.00,,6.50
2026-03-09 21:00:00.000 +0000,8.00,87.48,0.00,5.10,29.70,0.00,0.00,,6.60
2026-03-09 20:00:00.000 +0000,8.00,93.04,0.00,6.00,51.70,0.00,0.00,,6.30
2026-03-09 20:00:00.000 +0000,8.00,92.98,0.00,6.00,52.00,0.00,0.00,,6.30
2026-03-09 19:00:00.000 +0000,8.90,87.61,0.00,6.90,53.50,0.00,0.00,,7.20
2026-03-09 19:00:00.000 +0000,8.90,87.57,0.00,6.90,53.00,0.00,0.00,,7.20
2026-03-09 18:00:00.000 +0000,9.10,87.23,0.00,9.80,55.30,0.00,9.00,,6.70
2026-03-09 18:00:00.000 +0000,9.10,87.24,0.00,9.90,54.50,0.00,9.00,,6.70
2026-03-09 17:00:00.000 +0000,10.00,82.33,0.00,7.00,54.50,0.30,87.00,,8.40
2026-03-09 17:00:00.000 +0000,10.00,82.45,0.00,7.00,55.30,0.30,87.00,,8.40
2026-03-09 16:00:00.000 +0000,10.90,82.35,0.00,6.90,55.30,0.40,109.00,,
2026-03-09 16:00:00.000 +0000,10.90,82.27,0.00,6.90,54.50,0.40,109.00,,
2026-03-09 15:00:00.000 +0000,9.10,87.24,0.00,9.00,88.90,0.30,80.00,,6.90
2026-03-09 15:00:00.000 +0000,9.10,87.23,0.00,8.90,89.00,0.30,80.00,,6.90
2026-03-09 14:00:00.000 +0000,10.00,82.08,0.00,8.10,89.00,0.40,103.00,,8.10
2026-03-09 14:00:00.000 +0000,10.00,82.01,0.00,8.10,88.90,0.40,103.00,,8.10
2026-03-09 13:00:00.000 +0000,9.90,87.52,0.00,6.00,88.60,0.60,173.00,,8.60
2026-03-09 13:00:00.000 +0000,9.90,87.54,0.00,6.10,88.70,0.60,173.00,,8.60
2026-03-09 12:00:00.000 +0000,9.90,82.29,0.00,5.10,89.00,0.70,199.00,,8.90
2026-03-09 12:00:00.000 +0000,9.90,82.19,0.00,5.00,88.90,0.70,199.00,,8.90
2026-03-09 11:00:00.000 +0000,9.00,87.76,0.00,5.10,89.20,0.60,155.00,,7.80
2026-03-09 11:00:00.000 +0000,9.00,87.84,0.00,5.10,89.50,0.60,155.00,,7.70
2026-03-09 10:00:00.000 +0000,8.00,93.41,0.00,3.90,89.50,0.30,81.00,,7.20
2026-03-09 10:00:00.000 +0000,8.00,93.40,0.00,3.80,89.20,0.30,81.00,,7.20
2026-03-09 09:00:00.000 +0000,8.00,93.51,0.00,6.00,100.00,0.20,47.00,,6.30
2026-03-09 09:00:00.000 +0000,8.00,93.50,0.00,6.00,100.00,0.20,47.00,,6.30
2026-03-09 08:00:00.000 +0000,7.10,99.61,0.00,5.00,89.20,0.10,18.00,,5.50
2026-03-09 08:00:00.000 +0000,7.10,99.55,0.00,5.10,89.50,0.10,18.00,,5.50
2026-03-09 07:00:00.000 +0000,7.10,99.55,0.00,5.00,89.50,0.00,1.00,,5.60
2026-03-09 07:00:00.000 +0000,7.10,99.61,0.00,5.00,89.20,0.00,1.00,,5.60
2026-03-09 06:00:00.000 +0000,7.10,99.55,0.00,5.00,89.50,0.00,0.00,,5.60
2026-03-09 06:00:00.000 +0000,7.10,99.61,0.00,4.90,89.20,0.00,0.00,,5.60
2026-03-09 05:00:00.000 +0000,7.10,99.61,0.00,3.60,100.00,0.00,0.00,,6.20
2026-03-09 05:00:00.000 +0000,7.10,99.55,0.00,3.60,100.00,0.00,0.00,,6.20
2026-03-09 04:00:00.000 +0000,8.00,93.40,0.00,6.10,100.00,0.00,0.00,,6.20
2026-03-09 04:00:00.000 +0000,8.00,93.40,0.00,6.10,100.00,0.00,0.00,,6.20
2026-03-09 03:00:00.000 +0000,8.00,93.40,0.00,6.90,100.00,0.00,0.00,,6.00
2026-03-09 03:00:00.000 +0000,8.00,93.40,0.00,6.90,100.00,0.00,0.00,,6.00
2026-03-09 02:00:00.000 +0000,8.20,91.97,0.00,7.50,100.00,0.00,0.00,,6.10
2026-03-09 02:00:00.000 +0000,8.20,91.94,0.00,7.50,100.00,0.00,0.00,,6.10
2026-03-09 01:00:00.000 +0000,8.20,91.97,0.00,6.60,100.00,0.00,0.00,,6.30
2026-03-09 01:00:00.000 +0000,8.20,91.94,0.00,6.60,100.00,0.00,0.00,,6.40
2026-03-09 00:00:00.000 +0000,8.50,92.85,0.00,6.40,100.00,0.00,0.00,,6.80
2026-03-09 00:00:00.000 +0000,8.50,92.88,0.00,6.40,100.00,0.00,0.00,,6.80
2026-03-08 23:00:00.000 +0000,8.00,93.35,0.00,6.10,100.00,0.00,0.00,,6.30
2026-03-08 23:00:00.000 +0000,8.00,93.33,0.00,6.20,100.00,0.00,0.00,,6.30
2026-03-08 22:00:00.000 +0000,8.10,92.99,0.00,6.20,100.00,0.00,0.00,,6.40
2026-03-08 22:00:00.000 +0000,8.10,93.05,0.00,6.10,100.00,0.00,0.00,,6.40
2026-03-08 21:00:00.000 +0000,8.10,93.41,0.00,8.00,100.00,0.00,0.00,,5.90
2026-03-08 21:00:00.000 +0000,8.10,93.41,0.00,8.00,100.00,0.00,0.00,,5.80
2026-03-08 20:00:00.000 +0000,8.10,99.14,0.00,11.10,100.00,0.00,0.00,,5.20
2026-03-08 20:00:00.000 +0000,8.10,98.99,0.00,11.00,100.00,0.00,0.00,,5.20
2026-03-08 19:00:00.000 +0000,8.10,93.05,0.00,8.30,100.00,0.00,0.00,,5.80
2026-03-08 19:00:00.000 +0000,8.10,93.11,0.00,8.20,100.00,0.00,0.00,,5.80
2026-03-08 18:00:00.000 +0000,8.10,92.81,0.00,7.20,100.00,0.00,2.00,,6.10
2026-03-08 18:00:00.000 +0000,8.10,92.90,0.00,7.10,100.00,0.00,2.00,,6.10
2026-03-08 17:00:00.000 +0000,9.10,92.69,0.00,7.20,89.50,0.10,21.00,,7.30
2026-03-08 17:00:00.000 +0000,9.10,92.80,0.00,7.20,89.20,0.10,21.00,,7.30
2026-03-08 16:00:00.000 +0000,9.10,92.52,0.00,6.20,89.10,0.20,51.00,,7.60
2026-03-08 16:00:00.000 +0000,9.10,92.65,0.00,6.20,89.00,0.20,51.00,,7.60
2026-03-08 15:00:00.000 +0000,9.10,86.97,0.00,9.20,99.70,0.20,56.00,,6.90
2026-03-08 15:00:00.000 +0000,9.10,87.02,0.00,9.20,99.70,0.20,56.00,,6.80
2026-03-08 14:00:00.000 +0000,9.00,92.65,0.00,7.20,99.70,0.40,99.00,,7.20
2026-03-08 14:00:00.000 +0000,9.10,92.51,0.00,7.20,99.70,0.40,99.00,,7.30
2026-03-08 13:00:00.000 +0000,9.00,87.45,0.00,7.00,99.70,0.50,132.00,,7.20
2026-03-08 13:00:00.000 +0000,9.00,87.43,0.00,7.00,99.70,0.50,132.00,,7.20
2026-03-08 12:00:00.000 +0000,8.00,93.40,0.00,5.90,100.00,0.40,120.00,,6.30
2026-03-08 12:00:00.000 +0000,8.00,93.40,0.00,6.00,100.00,0.40,120.00,,6.30
2026-03-08 11:00:00.000 +0000,7.10,99.36,0.00,6.90,100.00,0.30,92.00,,5.00
2026-03-08 11:00:00.000 +0000,7.10,99.45,0.00,6.90,100.00,0.30,92.00,,5.00
2026-03-08 10:00:00.000 +0000,7.00,93.71,0.00,5.70,99.70,0.30,71.00,,5.30
2026-03-08 10:00:00.000 +0000,7.00,93.66,0.00,5.70,99.70,0.30,71.00,,5.20
2026-03-08 09:00:00.000 +0000,6.10,99.67,0.00,4.80,99.30,0.10,36.00,,4.50
2026-03-08 09:00:00.000 +0000,6.10,99.61,0.00,4.80,99.20,0.10,36.00,,4.50
2026-03-08 08:00:00.000 +0000,6.10,99.13,0.00,2.40,99.70,0.00,10.00,,
2026-03-08 08:00:00.000 +0000,6.10,98.98,0.00,2.40,99.70,0.00,10.00,,
2026-03-08 07:00:00.000 +0000,6.00,93.66,0.00,1.70,99.00,0.00,1.00,,
2026-03-08 07:00:00.000 +0000,6.00,93.61,0.00,1.60,99.10,0.00,1.00,,
2026-03-08 06:00:00.000 +0000,6.00,93.61,0.00,1.50,100.00,0.00,0.00,,
2026-03-08 06:00:00.000 +0000,6.00,93.66,0.00,1.50,100.00,0.00,0.00,,
2026-03-08 05:00:00.000 +0000,6.00,93.30,0.00,4.50,100.00,0.00,0.00,,4.50
2026-03-08 05:00:00.000 +0000,6.00,93.30,0.00,4.50,100.00,0.00,0.00,,4.60
2026-03-08 04:00:00.000 +0000,6.60,93.33,0.00,4.60,97.20,0.00,0.00,,5.20
2026-03-08 04:00:00.000 +0000,6.60,93.33,0.00,4.60,97.30,0.00,0.00,,5.20
2026-03-08 03:00:00.000 +0000,7.00,91.33,0.00,5.60,96.20,0.00,0.00,,5.20
2026-03-08 03:00:00.000 +0000,7.00,91.35,0.00,5.60,96.20,0.00,0.00,,5.20
2026-03-08 02:00:00.000 +0000,7.00,91.35,0.00,5.20,76.50,0.00,0.00,,5.30
2026-03-08 02:00:00.000 +0000,7.00,91.33,0.00,5.30,76.30,0.00,0.00,,5.30
2026-03-08 01:00:00.000 +0000,7.00,87.09,0.00,5.30,96.20,0.00,0.00,,5.30
2026-03-08 01:00:00.000 +0000,7.00,87.09,0.00,5.20,96.20,0.00,0.00,,5.30
2026-03-08 00:00:00.000 +0000,7.00,87.09,0.00,5.30,100.00,0.00,0.00,,5.30
2026-03-08 00:00:00.000 +0000,7.00,87.09,0.00,5.40,100.00,0.00,0.00,,5.30
2026-03-07 23:00:00.000 +0000,6.10,86.84,0.00,4.80,89.50,0.00,0.00,,4.50
2026-03-07 23:00:00.000 +0000,6.10,86.86,0.00,4.80,89.20,0.00,0.00,,4.50
2026-03-07 22:00:00.000 +0000,6.10,86.67,0.00,4.80,88.90,0.00,0.00,,4.50
2026-03-07 22:00:00.000 +0000,6.10,86.61,0.00,4.80,89.00,0.00,0.00,,4.50
2026-03-07 21:00:00.000 +0000,6.10,86.67,0.00,4.70,89.50,0.00,0.00,,4.50
2026-03-07 21:00:00.000 +0000,6.10,86.72,0.00,4.70,89.20,0.00,0.00,,4.50
2026-03-07 20:00:00.000 +0000,6.10,86.67,0.00,5.80,89.50,0.00,0.00,,4.10
2026-03-07 20:00:00.000 +0000,6.10,86.72,0.00,5.80,89.20,0.00,0.00,,4.10
2026-03-07 19:00:00.000 +0000,6.10,81.23,0.00,6.80,89.20,0.00,0.00,,3.80
2026-03-07 19:00:00.000 +0000,6.10,81.25,0.00,6.80,89.50,0.00,0.00,,3.80
2026-03-07 18:00:00.000 +0000,6.10,81.04,0.00,6.90,89.50,0.00,2.00,,3.80
2026-03-07 18:00:00.000 +0000,6.10,81.04,0.00,6.90,89.20,0.00,2.00,,3.80
2026-03-07 17:00:00.000 +0000,7.00,80.90,0.00,6.00,89.20,0.10,19.00,,5.10
2026-03-07 17:00:00.000 +0000,7.00,80.84,0.00,6.00,89.50,0.10,19.00,,5.10
2026-03-07 16:00:00.000 +0000,6.20,85.33,0.00,7.20,89.00,0.20,53.00,,3.80
2026-03-07 16:00:00.000 +0000,6.20,85.56,0.00,7.10,88.90,0.20,53.00,,3.80
2026-03-07 15:00:00.000 +0000,6.20,84.89,0.00,7.10,86.80,0.40,99.00,,3.80
2026-03-07 15:00:00.000 +0000,6.20,84.55,0.00,7.10,86.60,0.40,99.00,,3.90
2026-03-07 14:00:00.000 +0000,7.20,74.52,0.00,7.10,86.80,0.60,153.00,,5.00
2026-03-07 14:00:00.000 +0000,7.20,74.34,0.00,7.10,86.60,0.60,153.00,,5.00
2026-03-07 13:00:00.000 +0000,7.20,69.92,0.00,6.10,86.10,0.80,216.00,,5.30
2026-03-07 13:00:00.000 +0000,7.20,69.84,0.00,6.10,85.80,0.80,216.00,,5.30
2026-03-07 12:00:00.000 +0000,6.20,74.75,0.00,6.90,85.90,0.60,163.00,,3.90
2026-03-07 12:00:00.000 +0000,6.20,74.85,0.00,6.90,86.20,0.60,163.00,,3.90
2026-03-07 11:00:00.000 +0000,6.10,75.43,0.00,6.90,88.30,0.50,138.00,,3.80
2026-03-07 11:00:00.000 +0000,6.10,75.44,0.00,6.90,88.30,0.50,138.00,,3.80
2026-03-07 10:00:00.000 +0000,5.90,71.83,0.00,4.60,88.30,0.50,149.00,,4.40
2026-03-07 10:00:00.000 +0000,5.90,72.09,0.00,4.50,88.30,0.50,149.00,,4.40
2026-03-07 09:00:00.000 +0000,4.80,82.26,0.00,3.20,86.20,0.40,112.00,,3.80
2026-03-07 09:00:00.000 +0000,4.80,82.07,0.00,3.20,86.40,0.40,112.00,,3.80
2026-03-07 08:00:00.000 +0000,4.70,87.86,0.00,3.30,88.30,0.10,38.00,,3.60
2026-03-07 08:00:00.000 +0000,4.60,88.02,0.00,3.30,88.40,0.10,38.00,,3.60
2026-03-07 07:00:00.000 +0000,3.70,88.11,0.00,3.20,84.70,0.00,3.00,,2.50
2026-03-07 07:00:00.000 +0000,3.70,87.92,0.00,3.20,85.20,0.00,3.00,,2.50
2026-03-07 06:00:00.000 +0000,3.80,87.28,0.00,2.20,88.90,0.00,0.00,,
2026-03-07 06:00:00.000 +0000,3.80,87.36,0.00,2.20,89.00,0.00,0.00,,
2026-03-07 05:00:00.000 +0000,4.80,81.98,0.00,3.30,89.20,0.00,0.00,,3.80
2026-03-07 05:00:00.000 +0000,4.80,82.16,0.00,3.30,89.50,0.00,0.00,,3.80
2026-03-07 04:00:00.000 +0000,2.80,91.60,0.00,3.10,90.80,0.00,0.00,,1.60
2026-03-07 04:00:00.000 +0000,2.80,91.63,0.00,3.10,90.70,0.00,0.00,,1.60
2026-03-07 03:00:00.000 +0000,4.20,91.72,0.00,3.90,84.20,0.00,0.00,,2.70
2026-03-07 03:00:00.000 +0000,4.20,91.69,0.00,3.90,84.30,0.00,0.00,,2.70
2026-03-07 02:00:00.000 +0000,5.00,89.74,0.00,2.60,96.20,0.00,0.00,,
2026-03-07 02:00:00.000 +0000,5.00,89.75,0.00,2.60,96.20,0.00,0.00,,
2026-03-07 01:00:00.000 +0000,5.30,87.80,0.00,3.40,100.00,0.00,0.00,,4.20
2026-03-07 01:00:00.000 +0000,5.30,87.80,0.00,3.50,100.00,0.00,0.00,,4.20
2026-03-07 00:00:00.000 +0000,5.00,91.74,0.00,2.10,100.00,0.00,0.00,,
2026-03-07 00:00:00.000 +0000,5.00,91.77,0.00,2.10,100.00,0.00,0.00,,
2026-03-06 23:00:00.000 +0000,5.00,86.96,0.00,2.20,89.20,0.00,0.00,,
2026-03-06 23:00:00.000 +0000,5.00,86.97,0.00,2.20,89.50,0.00,0.00,,
2026-03-06 22:00:00.000 +0000,4.10,92.58,0.00,3.30,89.20,0.00,0.00,,3.00
2026-03-06 22:00:00.000 +0000,4.20,92.47,0.00,3.30,89.50,0.00,0.00,,3.00
2026-03-06 21:00:00.000 +0000,5.00,86.90,0.00,1.20,89.20,0.00,0.00,,
2026-03-06 21:00:00.000 +0000,5.00,86.91,0.00,1.20,89.50,0.00,0.00,,
2026-03-06 20:00:00.000 +0000,5.00,87.14,0.00,3.30,89.50,0.00,0.00,,4.00
2026-03-06 20:00:00.000 +0000,5.00,87.11,0.00,3.30,89.20,0.00,0.00,,4.00
2026-03-06 19:00:00.000 +0000,5.10,86.56,0.00,2.40,55.20,0.00,0.00,,
2026-03-06 19:00:00.000 +0000,5.10,86.51,0.00,2.40,56.10,0.00,0.00,,
2026-03-06 18:00:00.000 +0000,5.10,86.62,0.00,3.40,89.20,0.00,6.00,,4.00
2026-03-06 18:00:00.000 +0000,5.10,86.57,0.00,3.40,89.50,0.00,6.00,,4.00
2026-03-06 17:00:00.000 +0000,5.10,86.57,0.00,6.00,88.80,0.10,38.00,,2.90
2026-03-06 17:00:00.000 +0000,5.10,86.62,0.00,6.00,88.70,0.10,38.00,,2.80
2026-03-06 16:00:00.000 +0000,5.10,86.57,0.00,6.10,89.10,0.20,66.00,,2.80
2026-03-06 16:00:00.000 +0000,5.10,86.62,0.00,6.00,89.00,0.20,66.00,,2.80
2026-03-06 15:00:00.000 +0000,5.10,81.33,0.00,8.20,89.10,0.40,115.00,,2.20
2026-03-06 15:00:00.000 +0000,5.10,81.28,0.00,8.10,89.00,0.40,115.00,,2.20
2026-03-06 14:00:00.000 +0000,5.10,86.34,0.00,7.30,88.70,0.40,116.00,,2.40
2026-03-06 14:00:00.000 +0000,5.10,86.42,0.00,7.30,88.60,0.40,116.00,,2.40
2026-03-06 13:00:00.000 +0000,5.00,86.56,0.00,10.30,88.70,0.70,206.00,,1.60
2026-03-06 13:00:00.000 +0000,5.00,86.62,0.00,10.30,88.60,0.70,206.00,,1.60
2026-03-06 12:00:00.000 +0000,4.10,86.67,0.00,11.60,88.60,0.50,139.00,,0.10
2026-03-06 12:00:00.000 +0000,4.10,86.64,0.00,11.70,88.70,0.50,139.00,,0.10
2026-03-06 11:00:00.000 +0000,4.00,87.31,0.00,12.70,88.70,0.40,116.00,,-0.30
2026-03-06 11:00:00.000 +0000,3.90,87.24,0.00,12.70,88.60,0.40,116.00,,-0.30
2026-03-06 10:00:00.000 +0000,3.00,92.83,0.00,11.70,54.50,0.20,69.00,,-1.30
2026-03-06 10:00:00.000 +0000,3.00,92.77,0.00,11.70,55.30,0.20,69.00,,-1.20
2026-03-06 09:00:00.000 +0000,3.00,93.30,0.00,12.60,54.90,0.10,41.00,,-1.50
2026-03-06 09:00:00.000 +0000,3.00,93.32,0.00,12.60,55.70,0.10,41.00,,-1.50
2026-03-06 08:00:00.000 +0000,3.10,93.40,0.00,15.60,88.00,0.00,8.00,,-2.00
2026-03-06 08:00:00.000 +0000,3.00,93.36,0.00,15.70,88.10,0.00,8.00,,-2.00
2026-03-06 07:00:00.000 +0000,3.10,93.51,0.00,15.80,89.10,0.00,0.00,,-2.00
2026-03-06 07:00:00.000 +0000,3.10,93.46,0.00,15.90,89.00,0.00,0.00,,-2.00
2026-03-06 06:00:00.000 +0000,3.10,93.15,0.00,15.80,89.00,0.00,0.00,,-1.90
2026-03-06 06:00:00.000 +0000,3.20,93.15,0.00,15.80,89.10,0.00,0.00,,-1.90
2026-03-06 05:00:00.000 +0000,4.60,93.23,0.00,13.90,100.00,0.00,0.00,,0.30
2026-03-06 05:00:00.000 +0000,4.60,93.23,0.00,13.90,100.00,0.00,0.00,,0.40
2026-03-06 04:00:00.000 +0000,5.00,91.21,0.00,15.60,100.00,0.00,0.00,,0.50
2026-03-06 04:00:00.000 +0000,5.00,91.20,0.00,15.70,100.00,0.00,0.00,,0.40
2026-03-06 03:00:00.000 +0000,5.00,89.75,0.00,14.10,100.00,0.00,0.00,,0.70
2026-03-06 03:00:00.000 +0000,5.00,89.74,0.00,14.00,100.00,0.00,0.00,,0.70
2026-03-06 02:00:00.000 +0000,5.40,88.88,0.00,14.00,100.00,0.00,0.00,,1.30
2026-03-06 02:00:00.000 +0000,5.40,88.90,0.00,14.00,100.00,0.00,0.00,,1.30
2026-03-06 01:00:00.000 +0000,6.40,91.86,0.00,14.50,100.00,0.00,0.00,,2.50
2026-03-06 01:00:00.000 +0000,6.40,91.83,0.00,14.50,100.00,0.00,0.00,,2.50
2026-03-06 00:00:00.000 +0000,7.90,91.93,0.00,8.20,96.20,0.00,0.00,,5.60
2026-03-06 00:00:00.000 +0000,8.00,91.95,0.00,8.20,96.20,0.00,0.00,,5.60
2026-03-05 23:00:00.000 +0000,8.00,91.95,0.00,4.40,100.00,0.00,0.00,,6.80
2026-03-05 23:00:00.000 +0000,7.90,91.93,0.00,4.40,100.00,0.00,0.00,,6.80
2026-03-05 22:00:00.000 +0000,9.70,88.08,0.00,2.40,33.00,0.00,0.00,,
2026-03-05 22:00:00.000 +0000,9.70,87.98,0.00,2.40,31.80,0.00,0.00,,
2026-03-05 21:00:00.000 +0000,9.80,82.50,0.00,3.30,30.90,0.00,0.00,,9.50
2026-03-05 21:00:00.000 +0000,9.80,82.65,0.00,3.30,31.80,0.00,0.00,,9.50
2026-03-05 20:00:00.000 +0000,7.90,87.92,0.00,2.40,28.10,0.00,0.00,,
2026-03-05 20:00:00.000 +0000,7.90,87.82,0.00,2.40,27.70,0.00,0.00,,
2026-03-05 19:00:00.000 +0000,9.10,87.30,0.00,0.30,54.20,0.00,0.00,,
2026-03-05 19:00:00.000 +0000,9.10,87.30,0.00,0.30,53.60,0.00,0.00,,
2026-03-05 18:00:00.000 +0000,10.90,76.69,0.00,2.20,27.50,0.00,4.00,,
2026-03-05 18:00:00.000 +0000,10.90,76.74,0.00,2.20,27.90,0.00,4.00,,
2026-03-05 17:00:00.000 +0000,11.00,76.53,0.00,2.60,50.00,0.20,59.00,,
2026-03-05 17:00:00.000 +0000,11.00,76.56,0.00,2.60,50.00,0.20,59.00,,
2026-03-05 16:00:00.000 +0000,12.00,71.66,0.00,6.00,25.00,0.60,180.00,,
2026-03-05 16:00:00.000 +0000,12.00,71.64,0.00,5.90,25.00,0.60,180.00,,
2026-03-05 15:00:00.000 +0000,12.10,71.53,0.00,7.90,26.90,1.10,292.00,,
2026-03-05 15:00:00.000 +0000,12.10,71.53,0.00,8.00,26.60,1.10,292.00,,
2026-03-05 14:00:00.000 +0000,12.00,71.67,0.00,6.00,35.50,1.60,438.00,,
2026-03-05 14:00:00.000 +0000,12.00,71.70,0.00,6.00,35.60,1.60,438.00,,
2026-03-05 13:00:00.000 +0000,10.00,81.56,0.00,7.20,54.00,0.90,257.00,,8.30
2026-03-05 13:00:00.000 +0000,10.00,81.58,0.00,7.20,53.40,0.90,257.00,,8.30
2026-03-05 12:00:00.000 +0000,7.20,92.25,0.00,4.10,98.80,0.60,173.00,,6.10
2026-03-05 12:00:00.000 +0000,7.20,92.05,0.00,4.20,98.60,0.60,173.00,,6.10
2026-03-05 11:00:00.000 +0000,6.20,98.15,0.00,4.00,99.70,0.40,116.00,,5.00
2026-03-05 11:00:00.000 +0000,6.20,98.42,0.00,3.90,99.70,0.40,116.00,,5.00
2026-03-05 10:00:00.000 +0000,6.20,92.58,0.00,5.20,99.70,0.30,88.00,,4.40
2026-03-05 10:00:00.000 +0000,6.10,92.70,0.00,5.10,99.70,0.30,88.00,,4.40
2026-03-05 09:00:00.000 +0000,5.20,98.78,0.00,6.30,99.70,0.20,49.00,,2.90
2026-03-05 09:00:00.000 +0000,5.20,98.96,0.00,6.20,99.70,0.20,49.00,,2.90
2026-03-05 08:00:00.000 +0000,5.10,99.12,0.00,5.20,100.00,0.10,21.00,,3.20
2026-03-05 08:00:00.000 +0000,5.20,98.97,0.00,5.30,100.00,0.10,21.00,,3.20
2026-03-05 07:00:00.000 +0000,5.20,98.97,0.00,6.10,100.00,0.00,3.00,,2.90
2026-03-05 07:00:00.000 +0000,5.10,99.12,0.00,6.10,100.00,0.00,3.00,,2.90
2026-03-05 06:00:00.000 +0000,5.10,99.12,0.00,4.00,100.00,0.00,0.00,,3.80
2026-03-05 06:00:00.000 +0000,5.20,98.97,0.00,4.10,100.00,0.00,0.00,,3.80
2026-03-05 05:00:00.000 +0000,5.20,98.97,0.00,7.10,100.00,0.00,0.00,,2.60
2026-03-05 05:00:00.000 +0000,5.10,99.12,0.00,7.10,100.00,0.00,0.00,,2.50
2026-03-05 04:00:00.000 +0000,7.20,90.42,0.00,8.60,100.00,0.00,0.00,,4.60
2026-03-05 04:00:00.000 +0000,7.20,90.47,0.00,8.60,100.00,0.00,0.00,,4.60
2026-03-05 03:00:00.000 +0000,7.50,88.50,0.00,10.40,100.00,0.00,0.00,,4.60
2026-03-05 03:00:00.000 +0000,7.50,88.54,0.00,10.40,100.00,0.00,0.00,,4.60
2026-03-05 02:00:00.000 +0000,7.20,93.30,0.00,10.30,100.00,0.00,0.00,,4.20
2026-03-05 02:00:00.000 +0000,7.20,93.37,0.00,10.30,100.00,0.00,0.00,,4.20
2026-03-05 01:00:00.000 +0000,7.40,93.38,0.00,12.70,100.00,0.00,0.00,,4.10
2026-03-05 01:00:00.000 +0000,7.40,93.32,0.00,12.70,100.00,0.00,0.00,,4.10
2026-03-05 00:00:00.000 +0000,7.40,93.32,0.00,11.40,100.00,0.00,0.00,,4.30
2026-03-05 00:00:00.000 +0000,7.40,93.38,0.00,11.40,100.00,0.00,0.00,,4.30
2026-03-04 23:00:00.000 +0000,7.10,93.05,0.00,10.70,100.00,0.00,0.00,,4.00
2026-03-04 23:00:00.000 +0000,7.10,93.00,0.00,10.80,100.00,0.00,0.00,,4.00
2026-03-04 22:00:00.000 +0000,7.00,92.75,0.00,10.40,100.00,0.00,0.00,,4.00
2026-03-04 22:00:00.000 +0000,7.00,92.84,0.00,10.40,100.00,0.00,0.00,,4.00
2026-03-04 21:00:00.000 +0000,6.00,92.42,0.00,7.10,25.00,0.00,0.00,,3.60
2026-03-04 21:00:00.000 +0000,6.10,92.27,0.00,7.10,25.00,0.00,0.00,,3.70
2026-03-04 20:00:00.000 +0000,7.90,87.19,0.00,8.10,,0.00,0.00,,5.60
2026-03-04 20:00:00.000 +0000,7.90,87.18,0.00,8.10,,0.00,0.00,,5.60
2026-03-04 19:00:00.000 +0000,8.00,81.62,0.00,9.00,,0.00,0.00,,5.50
2026-03-04 19:00:00.000 +0000,8.00,81.66,0.00,9.00,,0.00,0.00,,5.60
2026-03-04 18:00:00.000 +0000,8.10,81.23,0.00,7.00,,0.00,9.00,,6.10
2026-03-04 18:00:00.000 +0000,8.10,81.20,0.00,7.00,,0.00,9.00,,6.10
2026-03-04 17:00:00.000 +0000,10.10,75.57,0.00,10.20,0.00,0.30,96.00,,
2026-03-04 17:00:00.000 +0000,10.10,75.67,0.00,10.20,0.00,0.30,96.00,,
2026-03-04 16:00:00.000 +0000,11.00,70.94,0.00,10.40,0.00,0.90,254.00,,
2026-03-04 16:00:00.000 +0000,11.00,70.87,0.00,10.40,0.00,0.90,254.00,,
2026-03-04 15:00:00.000 +0000,11.00,66.51,0.00,10.40,0.00,1.40,386.00,,
2026-03-04 15:00:00.000 +0000,11.00,66.51,0.00,10.40,0.00,1.40,386.00,,
2026-03-04 14:00:00.000 +0000,10.10,70.96,0.00,9.40,25.00,1.70,469.00,,
2026-03-04 14:00:00.000 +0000,10.00,70.98,0.00,9.40,25.00,1.70,469.00,,
2026-03-04 13:00:00.000 +0000,10.00,71.13,0.00,9.30,25.00,1.80,513.00,,7.90
2026-03-04 13:00:00.000 +0000,10.00,71.13,0.00,9.30,25.00,1.80,513.00,,7.90
2026-03-04 12:00:00.000 +0000,9.80,72.02,0.00,9.20,95.10,1.70,477.00,,7.70
2026-03-04 12:00:00.000 +0000,9.80,71.89,0.00,9.20,95.10,1.70,477.00,,7.70
2026-03-04 11:00:00.000 +0000,8.00,81.24,0.00,8.30,32.20,1.30,365.00,,5.70
2026-03-04 11:00:00.000 +0000,8.00,81.27,0.00,8.30,31.20,1.30,365.00,,5.70
2026-03-04 10:00:00.000 +0000,7.00,86.87,0.00,7.30,53.70,0.70,187.00,,4.70
2026-03-04 10:00:00.000 +0000,7.00,86.81,0.00,7.30,54.30,0.70,187.00,,4.70
2026-03-04 09:00:00.000 +0000,5.10,92.43,0.00,10.00,89.00,0.30,78.00,,1.70
2026-03-04 09:00:00.000 +0000,5.10,92.28,0.00,9.90,89.10,0.30,78.00,,1.80
2026-03-04 08:00:00.000 +0000,5.00,92.42,0.00,7.00,86.70,0.20,42.00,,2.40
2026-03-04 08:00:00.000 +0000,5.00,92.27,0.00,7.00,86.40,0.20,42.00,,2.40
2026-03-04 07:00:00.000 +0000,4.00,98.78,0.00,6.80,86.50,0.00,3.00,,1.30
2026-03-04 07:00:00.000 +0000,4.00,98.57,0.00,6.80,86.20,0.00,3.00,,1.30
2026-03-04 06:00:00.000 +0000,5.00,86.89,0.00,6.10,89.10,0.00,0.00,,2.70
2026-03-04 06:00:00.000 +0000,5.00,86.90,0.00,6.00,89.00,0.00,0.00,,2.70
2026-03-04 05:00:00.000 +0000,4.10,92.06,0.00,4.80,89.20,0.00,0.00,,2.20
2026-03-04 05:00:00.000 +0000,4.10,91.86,0.00,4.80,89.50,0.00,0.00,,2.20
2026-03-04 04:00:00.000 +0000,5.30,86.09,0.00,7.60,100.00,0.00,0.00,,2.60
2026-03-04 04:00:00.000 +0000,5.30,85.96,0.00,7.60,100.00,0.00,0.00,,2.60
2026-03-04 03:00:00.000 +0000,4.10,87.77,0.00,5.10,96.20,0.00,0.00,,2.10
2026-03-04 03:00:00.000 +0000,4.10,87.92,0.00,5.10,96.20,0.00,0.00,,2.00
2026-03-04 02:00:00.000 +0000,2.70,88.54,0.00,4.50,96.20,0.00,0.00,,0.70
2026-03-04 02:00:00.000 +0000,2.70,88.69,0.00,4.50,96.20,0.00,0.00,,0.70
2026-03-04 01:00:00.000 +0000,2.70,87.13,0.00,3.40,100.00,0.00,0.00,,1.40
2026-03-04 01:00:00.000 +0000,2.70,87.24,0.00,3.40,100.00,0.00,0.00,,1.30
2026-03-04 00:00:00.000 +0000,2.70,87.13,0.00,5.40,88.00,0.00,0.00,,0.30
2026-03-04 00:00:00.000 +0000,2.70,87.24,0.00,5.50,88.00,0.00,0.00,,0.30
2026-03-03 23:00:00.000 +0000,3.70,82.55,0.00,4.70,100.00,0.00,0.00,,1.70
2026-03-03 23:00:00.000 +0000,3.60,82.62,0.00,4.70,100.00,0.00,0.00,,1.60
2026-03-03 22:00:00.000 +0000,3.90,81.20,0.00,6.70,51.00,0.00,0.00,,1.10
2026-03-03 22:00:00.000 +0000,3.90,81.26,0.00,6.70,51.20,0.00,0.00,,1.20
2026-03-03 21:00:00.000 +0000,4.90,75.98,0.00,6.80,86.10,0.00,0.00,,2.30
2026-03-03 21:00:00.000 +0000,4.90,75.89,0.00,6.80,86.40,0.00,0.00,,2.30
2026-03-03 20:00:00.000 +0000,4.10,80.11,0.00,8.00,51.20,0.00,0.00,,1.10
2026-03-03 20:00:00.000 +0000,4.10,80.22,0.00,8.00,51.00,0.00,0.00,,1.00
2026-03-03 19:00:00.000 +0000,5.00,75.23,0.00,5.90,,0.00,0.00,,2.80
2026-03-03 19:00:00.000 +0000,5.00,75.25,0.00,5.90,,0.00,0.00,,2.80
2026-03-03 18:00:00.000 +0000,6.00,65.21,0.00,7.80,,0.00,9.00,,3.40
2026-03-03 18:00:00.000 +0000,6.10,65.18,0.00,7.80,,0.00,9.00,,3.50
2026-03-03 17:00:00.000 +0000,8.10,56.75,0.00,7.80,,0.30,97.00,,6.00
2026-03-03 17:00:00.000 +0000,8.10,56.78,0.00,7.80,,0.30,97.00,,5.90
2026-03-03 16:00:00.000 +0000,9.10,49.65,0.00,5.90,25.00,0.90,260.00,,7.70
2026-03-03 16:00:00.000 +0000,9.10,49.63,0.00,5.90,25.00,0.90,260.00,,7.70
2026-03-03 15:00:00.000 +0000,9.20,52.34,0.00,6.90,,1.40,396.00,,7.50
2026-03-03 15:00:00.000 +0000,9.10,52.47,0.00,6.90,,1.40,396.00,,7.40
2026-03-03 14:00:00.000 +0000,9.10,49.19,0.00,5.80,,1.80,492.00,,7.70
2026-03-03 14:00:00.000 +0000,9.10,49.24,0.00,5.80,,1.80,492.00,,7.70
2026-03-03 13:00:00.000 +0000,9.10,49.13,0.00,6.70,,1.70,465.00,,7.50
2026-03-03 13:00:00.000 +0000,9.20,49.06,0.00,6.60,,1.70,465.00,,7.50
2026-03-03 12:00:00.000 +0000,8.20,49.79,0.00,6.70,,1.40,382.00,,6.30
2026-03-03 12:00:00.000 +0000,8.10,49.71,0.00,6.70,,1.40,382.00,,6.30
2026-03-03 11:00:00.000 +0000,8.00,53.55,0.00,5.90,,1.40,392.00,,6.30
2026-03-03 11:00:00.000 +0000,8.00,53.63,0.00,5.90,,1.40,392.00,,6.30
2026-03-03 10:00:00.000 +0000,7.00,57.72,0.00,4.70,,1.20,329.00,,5.60
2026-03-03 10:00:00.000 +0000,7.00,57.89,0.00,4.70,,1.20,329.00,,5.60
2026-03-03 09:00:00.000 +0000,5.90,62.39,0.00,6.70,25.00,0.80,221.00,,3.60
2026-03-03 09:00:00.000 +0000,5.90,62.67,0.00,6.60,25.00,0.80,221.00,,3.60
2026-03-03 08:00:00.000 +0000,4.80,66.97,0.00,5.60,,0.30,73.00,,2.60
2026-03-03 08:00:00.000 +0000,4.80,67.28,0.00,5.60,,0.30,73.00,,2.60
2026-03-03 07:00:00.000 +0000,4.80,71.78,0.00,6.80,100.00,0.00,3.00,,2.20
2026-03-03 07:00:00.000 +0000,4.80,72.07,0.00,6.80,100.00,0.00,3.00,,2.20
2026-03-03 06:00:00.000 +0000,4.90,76.50,0.00,5.70,69.40,0.00,0.00,,2.70
2026-03-03 06:00:00.000 +0000,4.90,76.33,0.00,5.70,69.30,0.00,0.00,,2.70
2026-03-03 05:00:00.000 +0000,5.00,85.94,0.00,3.50,32.20,0.00,0.00,,3.90
2026-03-03 05:00:00.000 +0000,5.00,86.07,0.00,3.50,31.20,0.00,0.00,,3.90
2026-03-03 04:00:00.000 +0000,6.40,78.55,0.00,5.90,100.00,0.00,0.00,,4.50
2026-03-03 04:00:00.000 +0000,6.40,78.62,0.00,5.80,100.00,0.00,0.00,,4.50
2026-03-03 03:00:00.000 +0000,6.60,79.87,0.00,5.40,100.00,0.00,0.00,,4.90
2026-03-03 03:00:00.000 +0000,6.60,79.90,0.00,5.40,100.00,0.00,0.00,,4.90
2026-03-03 02:00:00.000 +0000,7.70,79.05,0.00,5.20,100.00,0.00,0.00,,6.30
2026-03-03 02:00:00.000 +0000,7.70,79.10,0.00,5.20,100.00,0.00,0.00,,6.30
2026-03-03 01:00:00.000 +0000,7.70,82.17,0.00,4.90,93.50,0.00,0.00,,6.40
2026-03-03 01:00:00.000 +0000,7.70,82.11,0.00,4.90,93.50,0.00,0.00,,6.40
2026-03-03 00:00:00.000 +0000,7.70,79.53,0.00,2.10,97.30,0.00,0.00,,
2026-03-03 00:00:00.000 +0000,7.70,79.60,0.00,2.10,97.20,0.00,0.00,,
2026-03-02 23:00:00.000 +0000,8.20,73.13,0.00,6.20,100.00,0.00,0.00,,6.50
2026-03-02 23:00:00.000 +0000,8.20,73.03,0.00,6.20,100.00,0.00,0.00,,6.50
2026-03-02 22:00:00.000 +0000,7.10,80.49,0.00,11.80,32.20,0.00,0.00,,3.80
2026-03-02 22:00:00.000 +0000,7.10,80.58,0.00,11.90,31.20,0.00,0.00,,3.80
2026-03-02 21:00:00.000 +0000,8.00,85.62,0.00,12.20,31.00,0.00,0.00,,4.90
2026-03-02 21:00:00.000 +0000,8.00,85.37,0.00,12.10,32.00,0.00,0.00,,4.90
2026-03-02 20:00:00.000 +0000,8.00,86.03,0.00,5.70,53.90,0.00,0.00,,6.50
2026-03-02 20:00:00.000 +0000,8.00,86.18,0.00,5.70,53.40,0.00,0.00,,6.50
2026-03-02 19:00:00.000 +0000,8.00,81.25,0.00,8.80,31.20,0.00,0.00,,5.60
2026-03-02 19:00:00.000 +0000,8.00,81.25,0.00,8.90,30.30,0.00,0.00,,5.60
2026-03-02 18:00:00.000 +0000,7.20,92.13,0.00,8.00,85.90,0.00,4.00,,4.80
2026-03-02 18:00:00.000 +0000,7.20,91.93,0.00,8.00,85.50,0.00,4.00,,4.80
2026-03-02 17:00:00.000 +0000,8.10,87.15,0.00,12.30,88.60,0.10,23.00,,5.00
2026-03-02 17:00:00.000 +0000,8.10,87.15,0.00,12.20,88.70,0.10,23.00,,5.10
2026-03-02 16:00:00.000 +0000,9.10,81.45,0.00,15.40,88.70,0.10,21.00,,5.90
2026-03-02 16:00:00.000 +0000,9.10,81.45,0.00,15.50,88.60,0.10,21.00,,5.80
2026-03-02 15:00:00.000 +0000,12.00,76.43,0.00,14.10,89.00,0.10,37.00,,
2026-03-02 15:00:00.000 +0000,12.00,76.44,0.00,14.00,88.90,0.10,37.00,,
2026-03-02 14:00:00.000 +0000,12.10,71.67,0.00,16.90,88.60,0.30,96.00,,
2026-03-02 14:00:00.000 +0000,12.10,71.71,0.00,16.90,88.70,0.30,96.00,,
2026-03-02 13:00:00.000 +0000,13.00,67.58,0.00,20.20,54.50,1.00,284.00,,
2026-03-02 13:00:00.000 +0000,13.00,67.69,0.00,20.00,55.30,1.00,284.00,,
2026-03-02 12:00:00.000 +0000,12.90,67.72,0.00,17.00,55.30,1.50,412.00,,
2026-03-02 12:00:00.000 +0000,12.90,67.60,0.00,17.00,54.50,1.50,412.00,,
2026-03-02 11:00:00.000 +0000,11.80,72.31,0.00,13.90,55.30,0.80,229.00,,
2026-03-02 11:00:00.000 +0000,11.80,72.19,0.00,13.90,54.50,0.80,229.00,,
2026-03-02 10:00:00.000 +0000,10.00,76.15,0.00,13.00,87.60,0.20,58.00,,
2026-03-02 10:00:00.000 +0000,10.00,76.14,0.00,13.00,87.60,0.20,58.00,,
2026-03-02 09:00:00.000 +0000,9.10,81.18,0.00,12.90,87.30,0.10,32.00,,6.10
2026-03-02 09:00:00.000 +0000,9.10,81.13,0.00,13.00,87.20,0.10,32.00,,6.10
2026-03-02 08:00:00.000 +0000,9.00,76.15,0.00,10.70,54.50,0.10,18.00,,6.40
2026-03-02 08:00:00.000 +0000,9.00,76.17,0.00,10.80,55.30,0.10,18.00,,6.40
2026-03-02 07:00:00.000 +0000,9.10,75.74,0.00,13.90,88.60,0.00,0.00,,6.00
2026-03-02 07:00:00.000 +0000,9.10,75.69,0.00,13.90,88.70,0.00,0.00,,6.00
2026-03-02 06:00:00.000 +0000,9.10,75.57,0.00,12.70,54.80,0.00,0.00,,6.20
2026-03-02 06:00:00.000 +0000,9.10,75.50,0.00,12.70,55.60,0.00,0.00,,6.20
2026-03-02 05:00:00.000 +0000,9.20,75.42,0.00,16.80,56.10,0.00,0.00,,5.70
2026-03-02 05:00:00.000 +0000,9.10,75.50,0.00,16.90,55.20,0.00,0.00,,5.70
2026-03-02 04:00:00.000 +0000,10.70,73.51,0.00,15.70,97.30,0.00,0.00,,
2026-03-02 04:00:00.000 +0000,10.70,73.50,0.00,15.70,97.20,0.00,0.00,,
2026-03-02 03:00:00.000 +0000,10.70,74.67,0.00,14.00,100.00,0.00,0.00,,
2026-03-02 03:00:00.000 +0000,10.70,74.68,0.00,14.00,100.00,0.00,0.00,,
2026-03-02 02:00:00.000 +0000,10.60,79.03,0.00,13.70,97.20,0.00,0.00,,
2026-03-02 02:00:00.000 +0000,10.60,79.00,0.00,13.80,97.30,0.00,0.00,,
2026-03-02 01:00:00.000 +0000,11.70,69.89,0.00,16.20,100.00,0.00,0.00,,
2026-03-02 01:00:00.000 +0000,11.70,69.90,0.00,16.20,100.00,0.00,0.00,,
2026-03-02 00:00:00.000 +0000,11.30,74.78,0.00,15.20,100.00,0.00,0.00,,
2026-03-02 00:00:00.000 +0000,11.30,74.77,0.00,15.20,100.00,0.00,0.00,,
2026-03-01 23:00:00.000 +0000,11.00,80.49,0.00,14.70,100.00,0.00,0.00,,
2026-03-01 23:00:00.000 +0000,11.00,80.46,0.00,14.70,100.00,0.00,0.00,,
2026-03-01 22:00:00.000 +0000,11.00,76.60,0.00,16.90,55.20,0.00,0.00,,
2026-03-01 22:00:00.000 +0000,11.00,76.64,0.00,16.80,56.10,0.00,0.00,,
2026-03-01 21:00:00.000 +0000,11.00,76.48,0.00,12.90,54.50,0.00,0.00,,
2026-03-01 21:00:00.000 +0000,11.00,76.50,0.00,12.90,55.30,0.00,0.00,,
2026-03-01 20:00:00.000 +0000,10.90,76.78,0.00,8.20,55.40,0.00,0.00,,
2026-03-01 20:00:00.000 +0000,10.90,76.72,0.00,8.20,54.60,0.00,0.00,,
2026-03-01 19:00:00.000 +0000,10.10,75.82,0.00,11.30,55.10,0.00,0.00,,
2026-03-01 19:00:00.000 +0000,10.10,75.87,0.00,11.40,54.30,0.00,0.00,,
2026-03-01 18:00:00.000 +0000,11.00,71.59,0.00,12.60,54.90,0.00,5.00,,
2026-03-01 18:00:00.000 +0000,11.10,71.65,0.00,12.60,55.70,0.00,5.00,,
2026-03-01 17:00:00.000 +0000,11.90,71.81,0.00,11.70,54.00,0.10,24.00,,
2026-03-01 17:00:00.000 +0000,11.90,71.87,0.00,11.70,54.60,0.10,24.00,,
2026-03-01 16:00:00.000 +0000,12.00,71.74,0.00,14.70,89.00,0.20,44.00,,
2026-03-01 16:00:00.000 +0000,12.00,71.79,0.00,14.60,89.10,0.20,44.00,,
2026-03-01 15:00:00.000 +0000,12.00,76.03,0.00,15.90,89.10,0.60,158.00,,
2026-03-01 15:00:00.000 +0000,12.00,76.10,0.00,16.00,89.00,0.60,158.00,,
2026-03-01 14:00:00.000 +0000,11.10,75.66,0.00,15.00,89.20,0.60,177.00,,
2026-03-01 14:00:00.000 +0000,11.10,75.55,0.00,15.00,89.50,0.60,177.00,,
2026-03-01 13:00:00.000 +0000,11.90,71.46,0.00,15.30,52.40,0.60,157.00,,
2026-03-01 13:00:00.000 +0000,11.90,71.46,0.00,15.40,52.90,0.60,157.00,,
2026-03-01 12:00:00.000 +0000,10.10,75.72,0.00,14.90,54.60,0.60,171.00,,
2026-03-01 12:00:00.000 +0000,10.10,75.79,0.00,14.90,53.90,0.60,171.00,,
2026-03-01 11:00:00.000 +0000,9.90,77.01,0.00,14.80,88.70,1.10,313.00,,6.90
2026-03-01 11:00:00.000 +0000,9.90,76.89,0.00,14.80,88.60,1.10,313.00,,6.90
2026-03-01 10:00:00.000 +0000,8.90,82.15,0.00,13.00,30.10,1.20,324.00,,5.90
2026-03-01 10:00:00.000 +0000,8.90,82.06,0.00,12.90,29.40,1.20,324.00,,5.90
2026-03-01 09:00:00.000 +0000,6.10,92.94,0.00,9.60,54.30,0.30,92.00,,3.00
2026-03-01 09:00:00.000 +0000,6.00,93.00,0.00,9.50,53.70,0.30,92.00,,3.00
2026-03-01 08:00:00.000 +0000,4.20,98.96,0.00,9.20,99.30,0.10,14.00,,0.80
2026-03-01 08:00:00.000 +0000,4.10,99.11,0.00,9.20,99.40,0.10,14.00,,0.70
2026-03-01 07:00:00.000 +0000,4.10,99.05,0.00,7.30,89.00,0.00,0.00,,1.20
2026-03-01 07:00:00.000 +0000,4.10,98.89,0.00,7.30,89.10,0.00,0.00,,1.20
2026-03-01 06:00:00.000 +0000,4.00,92.98,0.00,6.20,54.60,0.00,0.00,,1.50
2026-03-01 06:00:00.000 +0000,4.00,92.95,0.00,6.30,55.40,0.00,0.00,,1.50
2026-03-01 05:00:00.000 +0000,3.10,92.68,0.00,6.40,88.90,0.00,0.00,,0.30
2026-03-01 05:00:00.000 +0000,3.10,92.60,0.00,6.50,89.00,0.00,0.00,,0.30
2026-03-01 04:00:00.000 +0000,3.60,89.64,0.00,8.40,96.20,0.00,0.00,,0.30
2026-03-01 04:00:00.000 +0000,3.60,89.63,0.00,8.40,96.20,0.00,0.00,,0.30
2026-03-01 03:00:00.000 +0000,3.20,86.73,0.00,8.60,96.20,0.00,0.00,,-0.30
2026-03-01 03:00:00.000 +0000,3.20,86.67,0.00,8.50,96.20,0.00,0.00,,-0.20
2026-03-01 02:00:00.000 +0000,3.20,86.67,0.00,9.50,70.70,0.00,0.00,,-0.50
2026-03-01 02:00:00.000 +0000,3.20,86.73,0.00,9.50,70.60,0.00,0.00,,-0.50
2026-03-01 01:00:00.000 +0000,2.10,85.11,0.00,5.60,50.30,0.00,0.00,,-0.50
2026-03-01 01:00:00.000 +0000,2.10,85.20,0.00,5.60,49.90,0.00,0.00,,-0.60
2026-03-01 00:00:00.000 +0000,2.60,83.81,0.00,9.40,100.00,0.00,0.00,,-1.20
2026-03-01 00:00:00.000 +0000,2.60,83.86,0.00,9.40,100.00,0.00,0.00,,-1.20
2026-02-28 23:00:00.000 +0000,2.90,76.12,0.00,6.90,53.80,0.00,0.00,,-0.10
2026-02-28 23:00:00.000 +0000,2.90,76.30,0.00,6.90,53.60,0.00,0.00,,-0.10
2026-02-28 22:00:00.000 +0000,1.10,80.67,0.00,5.80,35.20,0.00,0.00,,-1.90
2026-02-28 22:00:00.000 +0000,1.10,80.71,0.00,5.90,35.20,0.00,0.00,,-1.80
2026-02-28 21:00:00.000 +0000,2.00,75.34,0.00,6.90,,0.00,0.00,,-1.20
2026-02-28 21:00:00.000 +0000,2.00,75.42,0.00,6.90,,0.00,0.00,,-1.20
2026-02-28 20:00:00.000 +0000,2.90,70.58,0.00,6.60,,0.00,0.00,,0.10
2026-02-28 20:00:00.000 +0000,3.00,70.73,0.00,6.60,,0.00,0.00,,0.10
2026-02-28 19:00:00.000 +0000,3.90,75.82,0.00,5.60,88.00,0.00,0.00,,1.60
2026-02-28 19:00:00.000 +0000,3.90,75.72,0.00,5.60,88.00,0.00,0.00,,1.60
2026-02-28 18:00:00.000 +0000,5.00,70.78,0.00,8.50,25.60,0.00,5.00,,1.90
2026-02-28 18:00:00.000 +0000,5.00,70.89,0.00,8.40,25.70,0.00,5.00,,1.90
2026-02-28 17:00:00.000 +0000,6.00,75.36,0.00,10.90,32.20,0.30,75.00,,2.70
2026-02-28 17:00:00.000 +0000,6.00,75.40,0.00,10.90,31.20,0.30,75.00,,2.60
2026-02-28 16:00:00.000 +0000,5.30,84.11,0.00,10.00,54.10,0.20,52.00,,1.90
2026-02-28 16:00:00.000 +0000,5.20,84.52,0.00,10.00,53.50,0.20,52.00,,1.90
2026-02-28 15:00:00.000 +0000,6.20,79.42,0.00,9.50,54.80,0.50,125.00,,3.20
2026-02-28 15:00:00.000 +0000,6.20,79.15,0.00,9.40,55.60,0.50,125.00,,3.20
2026-02-28 14:00:00.000 +0000,7.00,65.97,0.00,3.40,53.30,0.90,240.00,,6.30
2026-02-28 14:00:00.000 +0000,7.00,66.03,0.00,3.40,53.80,0.90,240.00,,6.30
2026-02-28 13:00:00.000 +0000,7.90,66.61,0.00,2.70,55.70,0.90,239.00,,
2026-02-28 13:00:00.000 +0000,7.90,66.49,0.00,2.70,54.90,0.90,239.00,,
2026-02-28 12:00:00.000 +0000,7.00,75.79,0.00,7.10,32.60,0.70,197.00,,4.80
2026-02-28 12:00:00.000 +0000,7.00,75.77,0.00,7.10,31.50,0.70,197.00,,4.80
2026-02-28 11:00:00.000 +0000,6.10,80.72,0.00,7.20,54.30,0.70,181.00,,3.60
2026-02-28 11:00:00.000 +0000,6.10,80.66,0.00,7.30,55.10,0.70,181.00,,3.70
2026-02-28 10:00:00.000 +0000,6.00,81.63,0.00,10.30,54.90,0.60,165.00,,2.80
2026-02-28 10:00:00.000 +0000,6.00,81.72,0.00,10.30,55.70,0.60,165.00,,2.80
2026-02-28 09:00:00.000 +0000,5.10,87.06,0.00,9.30,89.20,0.20,60.00,,1.90
2026-02-28 09:00:00.000 +0000,5.10,87.08,0.00,9.30,89.50,0.20,60.00,,1.90
2026-02-28 08:00:00.000 +0000,5.10,87.05,0.00,10.20,89.20,0.10,17.00,,1.60
2026-02-28 08:00:00.000 +0000,5.10,87.08,0.00,10.20,89.50,0.10,17.00,,1.70
2026-02-28 07:00:00.000 +0000,5.10,92.42,0.00,11.10,89.00,0.00,1.00,,1.40
2026-02-28 07:00:00.000 +0000,5.10,92.28,0.00,11.00,89.10,0.00,1.00,,1.50
2026-02-28 06:00:00.000 +0000,5.10,92.28,0.00,12.40,87.30,0.00,0.00,,1.30
2026-02-28 06:00:00.000 +0000,5.10,92.42,0.00,12.40,87.50,0.00,0.00,,1.20
2026-02-28 05:00:00.000 +0000,6.00,92.48,0.00,12.30,87.50,0.00,0.00,,2.40
2026-02-28 05:00:00.000 +0000,6.00,92.34,0.00,12.30,87.30,0.00,0.00,,2.40
2026-02-28 04:00:00.000 +0000,6.70,88.47,0.00,11.20,82.90,0.00,0.00,,3.50
2026-02-28 04:00:00.000 +0000,6.70,88.43,0.00,11.10,82.60,0.00,0.00,,3.50
2026-02-28 03:00:00.000 +0000,7.00,87.04,0.00,10.90,100.00,0.00,0.00,,3.80
2026-02-28 03:00:00.000 +0000,7.00,87.10,0.00,10.90,100.00,0.00,0.00,,3.80
2026-02-28 02:00:00.000 +0000,7.00,88.45,0.00,8.40,100.00,0.00,0.00,,4.40
2026-02-28 02:00:00.000 +0000,7.00,88.49,0.00,8.40,100.00,0.00,0.00,,4.40
2026-02-28 01:00:00.000 +0000,7.00,88.49,0.00,10.20,100.00,0.00,0.00,,4.00
2026-02-28 01:00:00.000 +0000,7.00,88.45,0.00,10.20,100.00,0.00,0.00,,4.00
2026-02-28 00:00:00.000 +0000,7.20,87.06,0.00,9.80,92.90,0.00,0.00,,4.40
2026-02-28 00:00:00.000 +0000,7.20,87.12,0.00,9.80,92.90,0.00,0.00,,4.30
2026-02-27 23:00:00.000 +0000,7.20,88.51,0.00,8.80,92.90,0.00,0.00,,4.60
2026-02-27 23:00:00.000 +0000,7.20,88.47,0.00,8.70,92.90,0.00,0.00,,4.60
2026-02-27 22:00:00.000 +0000,6.10,87.01,0.00,7.00,100.00,0.00,0.00,,3.70
2026-02-27 22:00:00.000 +0000,6.10,87.01,0.00,7.00,100.00,0.00,0.00,,3.70
2026-02-27 21:00:00.000 +0000,7.00,81.60,0.00,5.90,100.00,0.00,0.00,,5.20
2026-02-27 21:00:00.000 +0000,7.00,81.54,0.00,5.90,100.00,0.00,0.00,,5.20
2026-02-27 20:00:00.000 +0000,7.00,81.60,0.00,7.70,54.60,0.00,0.00,,4.70
2026-02-27 20:00:00.000 +0000,7.00,81.54,0.00,7.80,53.90,0.00,0.00,,4.60
2026-02-27 19:00:00.000 +0000,7.90,81.50,0.00,3.90,55.70,0.00,0.00,,7.00
2026-02-27 19:00:00.000 +0000,8.00,81.48,0.00,3.80,54.90,0.00,0.00,,7.10
2026-02-27 18:00:00.000 +0000,8.90,72.40,0.00,4.00,53.00,0.00,1.00,,8.10
2026-02-27 18:00:00.000 +0000,8.90,72.18,0.00,3.90,52.50,0.00,1.00,,8.10
2026-02-27 17:00:00.000 +0000,9.00,71.49,0.00,4.80,53.90,0.10,34.00,,7.90
2026-02-27 17:00:00.000 +0000,9.00,71.60,0.00,4.80,54.60,0.10,34.00,,7.90
2026-02-27 16:00:00.000 +0000,10.00,75.03,0.00,7.90,55.60,0.20,65.00,,
2026-02-27 16:00:00.000 +0000,10.00,75.19,0.00,7.90,54.80,0.20,65.00,,
2026-02-27 15:00:00.000 +0000,10.00,75.98,0.00,3.90,89.20,0.60,168.00,,
2026-02-27 15:00:00.000 +0000,10.00,75.95,0.00,4.00,89.50,0.60,168.00,,
2026-02-27 14:00:00.000 +0000,10.00,76.15,0.00,3.90,55.30,0.60,156.00,,
2026-02-27 14:00:00.000 +0000,10.00,76.15,0.00,3.80,54.50,0.60,156.00,,
2026-02-27 13:00:00.000 +0000,10.00,76.35,0.00,5.00,89.10,0.80,219.00,,
2026-02-27 13:00:00.000 +0000,10.00,76.32,0.00,4.90,89.00,0.80,219.00,,
2026-02-27 12:00:00.000 +0000,9.10,81.01,0.00,5.80,53.90,0.90,252.00,,7.80
2026-02-27 12:00:00.000 +0000,9.20,80.93,0.00,5.80,54.60,0.90,252.00,,7.80
2026-02-27 11:00:00.000 +0000,9.20,86.36,0.00,5.60,54.90,0.60,153.00,,7.80
2026-02-27 11:00:00.000 +0000,9.10,86.49,0.00,5.60,54.20,0.60,153.00,,7.80
2026-02-27 10:00:00.000 +0000,8.20,92.05,0.00,7.50,55.70,0.30,88.00,,6.10
2026-02-27 10:00:00.000 +0000,8.10,92.24,0.00,7.60,54.90,0.30,88.00,,6.00
2026-02-27 09:00:00.000 +0000,8.00,87.37,0.00,4.70,55.30,0.10,24.00,,6.80
2026-02-27 09:00:00.000 +0000,8.00,87.34,0.00,4.70,54.50,0.10,24.00,,6.80
2026-02-27 08:00:00.000 +0000,8.00,87.28,0.00,5.60,32.10,0.10,14.00,,6.40
2026-02-27 08:00:00.000 +0000,8.00,87.30,0.00,5.60,33.30,0.10,14.00,,6.40
2026-02-27 07:00:00.000 +0000,7.10,87.28,0.00,4.90,33.30,0.00,0.00,,5.70
2026-02-27 07:00:00.000 +0000,7.10,87.25,0.00,4.80,32.10,0.00,0.00,,5.70
2026-02-27 06:00:00.000 +0000,7.10,87.54,0.00,6.70,32.40,0.00,0.00,,5.00
2026-02-27 06:00:00.000 +0000,7.10,87.61,0.00,6.70,33.60,0.00,0.00,,5.00
2026-02-27 05:00:00.000 +0000,7.10,87.54,0.00,5.80,53.40,0.00,0.00,,5.30
2026-02-27 05:00:00.000 +0000,7.10,87.61,0.00,5.80,53.90,0.00,0.00,,5.30
2026-02-27 04:00:00.000 +0000,9.00,85.42,0.00,8.20,88.60,0.00,0.00,,7.00
2026-02-27 04:00:00.000 +0000,9.00,85.44,0.00,8.20,88.40,0.00,0.00,,7.00
2026-02-27 03:00:00.000 +0000,9.80,85.52,0.00,7.90,100.00,0.00,0.00,,8.00
2026-02-27 03:00:00.000 +0000,9.80,85.51,0.00,8.00,100.00,0.00,0.00,,8.00
2026-02-27 02:00:00.000 +0000,9.80,85.52,0.00,4.80,100.00,0.00,0.00,,8.80
2026-02-27 02:00:00.000 +0000,9.80,85.51,0.00,4.80,100.00,0.00,0.00,,8.90
2026-02-27 01:00:00.000 +0000,10.50,79.94,0.00,7.30,97.30,0.00,0.00,,
2026-02-27 01:00:00.000 +0000,10.50,79.95,0.00,7.30,97.20,0.00,0.00,,
2026-02-27 00:00:00.000 +0000,10.70,81.71,0.00,8.40,97.30,0.00,0.00,,
2026-02-27 00:00:00.000 +0000,10.70,81.71,0.00,8.40,97.20,0.00,0.00,,
2026-02-26 23:00:00.000 +0000,10.70,81.22,0.00,11.20,82.90,0.00,0.00,,
2026-02-26 23:00:00.000 +0000,10.70,81.26,0.00,11.20,82.60,0.00,0.00,,
2026-02-26 22:00:00.000 +0000,11.50,78.84,0.00,10.60,97.30,0.00,0.00,,
2026-02-26 22:00:00.000 +0000,11.50,78.89,0.00,10.60,97.20,0.00,0.00,,
2026-02-26 21:00:00.000 +0000,10.00,87.16,0.00,13.70,89.10,0.00,0.00,,
2026-02-26 21:00:00.000 +0000,10.00,87.19,0.00,13.90,89.00,0.00,0.00,,
2026-02-26 20:00:00.000 +0000,10.00,87.16,0.00,19.00,89.10,0.00,0.00,,
2026-02-26 20:00:00.000 +0000,10.00,87.19,0.00,19.10,89.00,0.00,0.00,,
2026-02-26 19:00:00.000 +0000,10.10,86.52,0.00,21.30,89.50,0.00,0.00,,
2026-02-26 19:00:00.000 +0000,10.10,86.64,0.00,21.40,89.20,0.00,0.00,,
2026-02-26 18:00:00.000 +0000,10.10,86.67,0.00,20.90,89.10,0.00,1.00,,
2026-02-26 18:00:00.000 +0000,10.10,86.77,0.00,21.10,89.00,0.00,1.00,,
2026-02-26 17:00:00.000 +0000,10.10,81.63,0.00,17.30,88.70,0.20,42.00,,
2026-02-26 17:00:00.000 +0000,10.10,81.63,0.00,17.30,88.60,0.20,42.00,,
2026-02-26 16:00:00.000 +0000,10.10,86.64,0.00,20.50,88.60,0.30,88.00,,
2026-02-26 16:00:00.000 +0000,10.10,86.52,0.00,20.40,88.70,0.30,88.00,,
2026-02-26 15:00:00.000 +0000,11.00,76.91,0.00,22.50,88.60,0.30,73.00,,
2026-02-26 15:00:00.000 +0000,11.00,77.00,0.00,22.40,88.70,0.30,73.00,,
2026-02-26 14:00:00.000 +0000,11.00,81.96,0.00,23.50,88.70,0.20,59.00,,
2026-02-26 14:00:00.000 +0000,11.00,81.93,0.00,23.60,88.60,0.20,59.00,,
2026-02-26 13:00:00.000 +0000,11.00,81.75,0.00,22.60,88.60,0.40,124.00,,
2026-02-26 13:00:00.000 +0000,11.00,81.76,0.00,22.50,88.70,0.40,124.00,,
2026-02-26 12:00:00.000 +0000,10.10,86.97,0.00,18.40,88.60,0.50,127.00,,
2026-02-26 12:00:00.000 +0000,10.10,86.90,0.00,18.40,88.70,0.50,127.00,,
2026-02-26 11:00:00.000 +0000,10.10,87.25,0.00,17.20,88.90,0.30,95.00,,
2026-02-26 11:00:00.000 +0000,10.10,87.22,0.00,17.20,89.00,0.30,95.00,,
2026-02-26 10:00:00.000 +0000,10.00,81.75,0.00,21.30,89.00,0.20,61.00,,
2026-02-26 10:00:00.000 +0000,10.00,81.78,0.00,21.20,89.10,0.20,61.00,,
2026-02-26 09:00:00.000 +0000,10.10,81.49,0.00,16.90,89.00,0.10,31.00,,
2026-02-26 09:00:00.000 +0000,10.10,81.47,0.00,16.80,89.10,0.10,31.00,,
2026-02-26 08:00:00.000 +0000,10.00,81.44,0.00,13.90,89.00,0.00,8.00,,
2026-02-26 08:00:00.000 +0000,10.00,81.41,0.00,13.90,89.10,0.00,8.00,,
2026-02-26 07:00:00.000 +0000,9.10,86.21,0.00,13.70,87.10,0.00,0.00,,6.10
2026-02-26 07:00:00.000 +0000,9.20,86.03,0.00,13.70,86.90,0.00,0.00,,6.10
2026-02-26 06:00:00.000 +0000,9.10,86.63,0.00,9.40,89.00,0.00,0.00,,6.80
2026-02-26 06:00:00.000 +0000,9.20,86.53,0.00,9.50,89.10,0.00,0.00,,6.90
2026-02-26 05:00:00.000 +0000,10.00,81.57,0.00,13.80,89.00,0.00,0.00,,
2026-02-26 05:00:00.000 +0000,10.00,81.57,0.00,13.70,89.10,0.00,0.00,,
2026-02-26 04:00:00.000 +0000,10.50,82.96,0.00,14.70,88.60,0.00,0.00,,
2026-02-26 04:00:00.000 +0000,10.50,82.98,0.00,14.70,88.40,0.00,0.00,,
2026-02-26 03:00:00.000 +0000,10.70,81.71,0.00,16.30,81.50,0.00,0.00,,
2026-02-26 03:00:00.000 +0000,10.70,81.71,0.00,16.40,81.50,0.00,0.00,,
2026-02-26 02:00:00.000 +0000,11.00,81.74,0.00,13.10,73.70,0.00,0.00,,
2026-02-26 02:00:00.000 +0000,11.00,81.74,0.00,13.10,73.60,0.00,0.00,,
2026-02-26 01:00:00.000 +0000,11.40,81.80,0.00,10.60,81.50,0.00,0.00,,
2026-02-26 01:00:00.000 +0000,11.40,81.80,0.00,10.70,81.50,0.00,0.00,,
2026-02-26 00:00:00.000 +0000,11.70,83.13,0.00,11.50,77.30,0.00,0.00,,
2026-02-26 00:00:00.000 +0000,11.70,83.11,0.00,11.50,77.20,0.00,0.00,,
2026-02-25 23:00:00.000 +0000,11.70,88.91,0.00,11.20,91.80,0.00,0.00,,
2026-02-25 23:00:00.000 +0000,11.70,88.89,0.00,11.30,91.80,0.00,0.00,,
2026-02-25 22:00:00.000 +0000,12.70,83.23,0.00,11.20,100.00,0.00,0.00,,
2026-02-25 22:00:00.000 +0000,12.70,83.26,0.00,11.20,100.00,0.00,0.00,,
2026-02-25 21:00:00.000 +0000,12.00,82.01,0.00,12.80,89.20,0.00,0.00,,
2026-02-25 21:00:00.000 +0000,12.00,82.03,0.00,12.80,89.50,0.00,0.00,,
2026-02-25 20:00:00.000 +0000,13.80,72.41,0.00,9.50,89.50,0.00,0.00,,
2026-02-25 20:00:00.000 +0000,13.80,72.32,0.00,9.50,89.20,0.00,0.00,,
2026-02-25 19:00:00.000 +0000,12.10,81.22,0.00,12.60,84.50,0.00,0.00,,
2026-02-25 19:00:00.000 +0000,12.10,81.32,0.00,12.60,85.00,0.00,0.00,,
2026-02-25 18:00:00.000 +0000,13.00,76.53,0.00,13.20,88.00,0.00,1.00,,
2026-02-25 18:00:00.000 +0000,13.00,76.55,0.00,13.30,88.00,0.00,1.00,,
2026-02-25 17:00:00.000 +0000,12.10,76.41,0.00,12.60,51.00,0.20,43.00,,
2026-02-25 17:00:00.000 +0000,12.10,76.39,0.00,12.60,51.10,0.20,43.00,,
2026-02-25 16:00:00.000 +0000,13.00,76.51,0.00,14.50,52.70,0.50,150.00,,
2026-02-25 16:00:00.000 +0000,13.00,76.48,0.00,14.40,53.20,0.50,150.00,,
2026-02-25 15:00:00.000 +0000,13.00,71.67,0.00,14.60,53.90,1.00,280.00,,
2026-02-25 15:00:00.000 +0000,13.00,71.67,0.00,14.60,54.60,1.00,280.00,,
2026-02-25 14:00:00.000 +0000,12.20,75.59,0.00,12.70,53.50,0.70,190.00,,
2026-02-25 14:00:00.000 +0000,12.20,75.72,0.00,12.70,53.00,0.70,190.00,,
2026-02-25 13:00:00.000 +0000,12.10,76.41,0.00,13.60,53.60,1.00,274.00,,
2026-02-25 13:00:00.000 +0000,12.10,76.39,0.00,13.60,54.20,1.00,274.00,,
2026-02-25 12:00:00.000 +0000,11.10,81.45,0.00,12.90,50.10,0.70,200.00,,
2026-02-25 12:00:00.000 +0000,11.10,81.40,0.00,12.90,50.10,0.70,200.00,,
2026-02-25 11:00:00.000 +0000,10.10,86.83,0.00,8.80,54.20,0.70,204.00,,
2026-02-25 11:00:00.000 +0000,10.10,86.91,0.00,8.80,53.60,0.70,204.00,,
2026-02-25 10:00:00.000 +0000,9.90,87.21,0.00,6.30,32.60,0.80,222.00,,8.50
2026-02-25 10:00:00.000 +0000,9.90,87.24,0.00,6.20,31.50,0.80,222.00,,8.50
2026-02-25 09:00:00.000 +0000,8.00,93.58,0.00,9.10,55.30,0.50,126.00,,5.50
2026-02-25 09:00:00.000 +0000,8.00,93.55,0.00,9.10,54.50,0.50,126.00,,5.50
2026-02-25 08:00:00.000 +0000,7.00,93.52,0.00,6.70,53.60,0.30,73.00,,4.80
2026-02-25 08:00:00.000 +0000,6.90,93.50,0.00,6.80,53.10,0.30,73.00,,4.80
2026-02-25 07:00:00.000 +0000,6.80,93.49,0.00,10.10,50.90,0.00,4.00,,3.80
2026-02-25 07:00:00.000 +0000,6.70,93.51,0.00,10.10,51.10,0.00,4.00,,3.70
2026-02-25 06:00:00.000 +0000,5.10,93.41,0.00,5.00,66.60,0.00,0.00,,3.20
2026-02-25 06:00:00.000 +0000,5.10,93.43,0.00,5.00,66.90,0.00,0.00,,3.20
2026-02-25 05:00:00.000 +0000,5.10,99.54,0.00,4.90,100.00,0.00,0.00,,3.30
2026-02-25 05:00:00.000 +0000,5.10,99.61,0.00,4.90,100.00,0.00,0.00,,3.20
2026-02-25 04:00:00.000 +0000,5.70,91.82,0.00,5.80,25.00,0.00,0.00,,3.70
2026-02-25 04:00:00.000 +0000,5.70,91.79,0.00,5.80,25.00,0.00,0.00,,3.70
2026-02-25 03:00:00.000 +0000,6.60,91.84,0.00,3.90,,0.00,0.00,,5.50
2026-02-25 03:00:00.000 +0000,6.50,91.87,0.00,3.90,,0.00,0.00,,5.40
2026-02-25 02:00:00.000 +0000,6.70,91.88,0.00,6.40,,0.00,0.00,,4.70
2026-02-25 02:00:00.000 +0000,6.70,91.85,0.00,6.40,,0.00,0.00,,4.70
2026-02-25 01:00:00.000 +0000,7.70,88.56,0.00,8.40,,0.00,0.00,,5.30
2026-02-25 01:00:00.000 +0000,7.70,88.52,0.00,8.30,,0.00,0.00,,5.40
2026-02-25 00:00:00.000 +0000,7.70,87.70,0.00,5.60,,0.00,0.00,,6.10
2026-02-25 00:00:00.000 +0000,7.70,87.66,0.00,5.60,,0.00,0.00,,6.10
2026-02-24 23:00:00.000 +0000,8.70,87.27,0.00,10.50,,0.00,0.00,,6.10
2026-02-24 23:00:00.000 +0000,8.70,87.21,0.00,10.50,,0.00,0.00,,6.10
2026-02-24 22:00:00.000 +0000,7.20,86.78,0.00,7.10,,0.00,0.00,,5.10
2026-02-24 22:00:00.000 +0000,7.20,86.83,0.00,7.10,,0.00,0.00,,5.00
2026-02-24 21:00:00.000 +0000,9.00,81.64,0.00,8.10,,0.00,0.00,,6.90
2026-02-24 21:00:00.000 +0000,9.00,81.62,0.00,8.10,,0.00,0.00,,6.90
2026-02-24 20:00:00.000 +0000,9.00,81.70,0.00,8.00,,0.00,0.00,,7.00
2026-02-24 20:00:00.000 +0000,9.00,81.73,0.00,8.00,,0.00,0.00,,7.00
2026-02-24 19:00:00.000 +0000,9.00,81.31,0.00,7.90,,0.00,0.00,,7.00
2026-02-24 19:00:00.000 +0000,9.10,81.27,0.00,7.90,,0.00,0.00,,7.10
2026-02-24 18:00:00.000 +0000,11.00,71.51,0.00,9.10,,0.00,3.00,,
2026-02-24 18:00:00.000 +0000,11.00,71.55,0.00,9.10,,0.00,3.00,,
2026-02-24 17:00:00.000 +0000,12.00,66.98,0.00,14.10,26.00,0.30,72.00,,
2026-02-24 17:00:00.000 +0000,12.00,66.94,0.00,14.20,25.80,0.30,72.00,,
2026-02-24 16:00:00.000 +0000,12.10,70.83,0.00,16.50,27.10,0.90,252.00,,
2026-02-24 16:00:00.000 +0000,12.20,70.73,0.00,16.40,27.40,0.90,252.00,,
2026-02-24 15:00:00.000 +0000,12.10,70.90,0.00,18.70,26.60,0.80,219.00,,
2026-02-24 15:00:00.000 +0000,12.10,70.98,0.00,18.90,26.40,0.80,219.00,,
2026-02-24 14:00:00.000 +0000,12.10,66.60,0.00,19.20,50.90,1.20,320.00,,
2026-02-24 14:00:00.000 +0000,12.20,66.58,0.00,19.10,51.10,1.20,320.00,,
2026-02-24 13:00:00.000 +0000,12.10,66.57,0.00,15.70,53.20,1.10,309.00,,
2026-02-24 13:00:00.000 +0000,12.10,66.59,0.00,15.80,52.70,1.10,309.00,,
2026-02-24 12:00:00.000 +0000,12.10,70.99,0.00,16.80,54.50,1.00,267.00,,
2026-02-24 12:00:00.000 +0000,12.20,70.91,0.00,16.80,55.30,1.00,267.00,,
2026-02-24 11:00:00.000 +0000,11.10,76.66,0.00,14.30,55.30,0.70,200.00,,
2026-02-24 11:00:00.000 +0000,11.10,76.62,0.00,14.40,54.50,0.70,200.00,,
2026-02-24 10:00:00.000 +0000,11.00,81.80,0.00,14.40,88.60,0.50,136.00,,
2026-02-24 10:00:00.000 +0000,11.00,81.81,0.00,14.30,88.70,0.50,136.00,,
2026-02-24 09:00:00.000 +0000,11.00,82.01,0.00,11.30,54.50,0.40,103.00,,
2026-02-24 09:00:00.000 +0000,11.00,82.05,0.00,11.30,55.30,0.40,103.00,,
2026-02-24 08:00:00.000 +0000,10.00,87.52,0.00,9.00,54.50,0.10,39.00,,8.00
2026-02-24 08:00:00.000 +0000,10.00,87.54,0.00,9.00,55.30,0.10,39.00,,8.00
2026-02-24 07:00:00.000 +0000,9.90,88.00,0.00,7.00,88.90,0.00,0.00,,8.40
2026-02-24 07:00:00.000 +0000,9.90,88.09,0.00,7.00,89.00,0.00,0.00,,8.40
2026-02-24 06:00:00.000 +0000,9.90,88.28,0.00,10.00,86.20,0.00,0.00,,7.70
2026-02-24 06:00:00.000 +0000,9.90,88.43,0.00,9.90,85.90,0.00,0.00,,7.70
2026-02-24 05:00:00.000 +0000,9.80,93.85,0.00,8.10,88.30,0.00,0.00,,8.00
2026-02-24 05:00:00.000 +0000,9.80,93.91,0.00,8.10,88.30,0.00,0.00,,8.00
2026-02-24 04:00:00.000 +0000,8.70,96.39,0.00,6.90,96.20,0.00,0.00,,6.90
2026-02-24 04:00:00.000 +0000,8.70,96.37,0.00,6.90,96.20,0.00,0.00,,6.90
2026-02-24 03:00:00.000 +0000,9.20,92.03,0.00,7.70,97.30,0.00,0.00,,7.30
2026-02-24 03:00:00.000 +0000,9.20,92.00,0.00,7.70,97.20,0.00,0.00,,7.30
2026-02-24 02:00:00.000 +0000,8.70,94.87,0.00,6.60,97.20,0.00,0.00,,7.00
2026-02-24 02:00:00.000 +0000,8.70,94.91,0.00,6.60,97.30,0.00,0.00,,7.00
2026-02-24 01:00:00.000 +0000,9.20,93.46,0.00,6.60,93.50,0.00,0.00,,7.60
2026-02-24 01:00:00.000 +0000,9.20,93.46,0.00,6.60,93.50,0.00,0.00,,7.50
2026-02-24 00:00:00.000 +0000,8.70,96.39,0.00,6.00,97.30,0.00,0.00,,7.20
2026-02-24 00:00:00.000 +0000,8.70,96.37,0.00,6.00,97.20,0.00,0.00,,7.20
2026-02-23 23:00:00.000 +0000,8.70,96.37,0.00,6.90,94.50,0.00,0.00,,6.90
2026-02-23 23:00:00.000 +0000,8.70,96.39,0.00,6.90,94.50,0.00,0.00,,6.90
2026-02-23 22:00:00.000 +0000,8.00,93.50,0.00,4.80,89.20,0.00,0.00,,6.80
2026-02-23 22:00:00.000 +0000,8.00,93.52,0.00,4.80,89.50,0.00,0.00,,6.80
2026-02-23 21:00:00.000 +0000,8.00,92.99,0.00,6.70,55.20,0.00,0.00,,6.20
2026-02-23 21:00:00.000 +0000,8.10,92.92,0.00,6.70,56.10,0.00,0.00,,6.20
2026-02-23 20:00:00.000 +0000,9.00,87.04,0.00,7.50,89.20,0.00,0.00,,7.10
2026-02-23 20:00:00.000 +0000,9.00,87.00,0.00,7.40,89.50,0.00,0.00,,7.10
2026-02-23 19:00:00.000 +0000,8.10,91.99,0.00,6.50,89.10,0.00,0.00,,6.30
2026-02-23 19:00:00.000 +0000,8.10,92.18,0.00,6.60,89.00,0.00,0.00,,6.30
2026-02-23 18:00:00.000 +0000,9.00,86.48,0.00,8.90,89.20,0.00,0.00,,6.80
2026-02-23 18:00:00.000 +0000,9.00,86.35,0.00,8.90,89.50,0.00,0.00,,6.80
2026-02-23 17:00:00.000 +0000,9.10,80.61,0.00,10.30,55.30,0.00,8.00,,6.60
2026-02-23 17:00:00.000 +0000,9.10,80.73,0.00,10.30,54.50,0.00,8.00,,6.60
2026-02-23 16:00:00.000 +0000,10.00,71.10,0.00,10.50,55.30,0.10,32.00,,
2026-02-23 16:00:00.000 +0000,10.00,71.09,0.00,10.50,54.50,0.10,32.00,,
2026-02-23 15:00:00.000 +0000,10.10,70.82,0.00,17.00,53.90,0.20,53.00,,
2026-02-23 15:00:00.000 +0000,10.10,70.78,0.00,16.90,54.60,0.20,53.00,,
2026-02-23 14:00:00.000 +0000,10.10,70.65,0.00,22.10,53.20,1.30,362.00,,
2026-02-23 14:00:00.000 +0000,10.10,70.71,0.00,22.20,52.70,1.30,362.00,,
2026-02-23 13:00:00.000 +0000,10.10,71.10,0.00,22.70,52.50,1.50,417.00,,
2026-02-23 13:00:00.000 +0000,10.10,71.10,0.00,22.70,52.10,1.50,417.00,,
2026-02-23 12:00:00.000 +0000,10.10,70.96,0.00,20.90,53.50,1.70,467.00,,
2026-02-23 12:00:00.000 +0000,10.10,70.98,0.00,20.90,53.00,1.70,467.00,,
2026-02-23 11:00:00.000 +0000,9.10,75.49,0.00,25.00,49.50,1.20,322.00,,4.70
2026-02-23 11:00:00.000 +0000,9.10,75.41,0.00,24.90,49.40,1.20,322.00,,4.80
2026-02-23 10:00:00.000 +0000,9.10,71.05,0.00,24.50,50.10,0.50,147.00,,4.80
2026-02-23 10:00:00.000 +0000,9.10,71.02,0.00,24.60,50.10,0.50,147.00,,4.70
2026-02-23 09:00:00.000 +0000,8.10,75.87,0.00,23.10,47.40,0.20,64.00,,3.60
2026-02-23 09:00:00.000 +0000,8.10,75.87,0.00,23.00,47.00,0.20,64.00,,3.60
2026-02-23 08:00:00.000 +0000,8.00,75.99,0.00,24.40,51.00,0.10,27.00,,3.40
2026-02-23 08:00:00.000 +0000,8.00,76.02,0.00,24.20,51.20,0.10,27.00,,3.40
2026-02-23 07:00:00.000 +0000,8.00,81.04,0.00,21.40,51.10,0.00,2.00,,3.70
2026-02-23 07:00:00.000 +0000,8.00,81.08,0.00,21.50,51.00,0.00,2.00,,3.70
2026-02-23 06:00:00.000 +0000,7.10,81.39,0.00,18.60,27.70,0.00,0.00,,2.80
2026-02-23 06:00:00.000 +0000,7.10,81.36,0.00,18.60,27.30,0.00,0.00,,2.80
2026-02-23 05:00:00.000 +0000,7.10,81.01,0.00,19.30,25.70,0.00,0.00,,2.70
2026-02-23 05:00:00.000 +0000,7.10,81.04,0.00,19.40,25.60,0.00,0.00,,2.70
2026-02-23 04:00:00.000 +0000,8.40,77.17,0.00,13.50,62.30,0.00,0.00,,5.20
2026-02-23 04:00:00.000 +0000,8.40,77.15,0.00,13.50,62.20,0.00,0.00,,5.20
2026-02-23 03:00:00.000 +0000,9.00,73.64,0.00,13.80,88.00,0.00,0.00,,5.90
2026-02-23 03:00:00.000 +0000,9.00,73.63,0.00,13.80,88.00,0.00,0.00,,5.80
2026-02-23 02:00:00.000 +0000,8.40,78.87,0.00,14.80,100.00,0.00,0.00,,5.00
2026-02-23 02:00:00.000 +0000,8.40,78.86,0.00,14.90,100.00,0.00,0.00,,5.00
2026-02-23 01:00:00.000 +0000,9.00,74.37,0.00,15.30,70.40,0.00,0.00,,5.60
2026-02-23 01:00:00.000 +0000,9.00,74.36,0.00,15.30,70.40,0.00,0.00,,5.60
2026-02-23 00:00:00.000 +0000,9.00,72.02,0.00,15.70,62.20,0.00,0.00,,5.60
2026-02-23 00:00:00.000 +0000,9.00,72.05,0.00,15.60,62.30,0.00,0.00,,5.60
2026-02-22 23:00:00.000 +0000,8.00,71.68,0.00,17.50,53.90,0.00,0.00,,4.20
2026-02-22 23:00:00.000 +0000,8.00,71.54,0.00,17.70,53.40,0.00,0.00,,4.10
2026-02-22 22:00:00.000 +0000,9.00,76.15,0.00,16.80,51.50,0.00,0.00,,5.50
2026-02-22 22:00:00.000 +0000,9.00,76.18,0.00,16.70,51.80,0.00,0.00,,5.50
2026-02-22 21:00:00.000 +0000,9.00,81.16,0.00,19.20,53.10,0.00,0.00,,5.20
2026-02-22 21:00:00.000 +0000,9.00,81.11,0.00,19.10,53.60,0.00,0.00,,5.20
2026-02-22 20:00:00.000 +0000,7.20,81.05,0.00,15.00,51.00,0.00,0.00,,3.40
2026-02-22 20:00:00.000 +0000,7.20,81.03,0.00,15.00,51.10,0.00,0.00,,3.40
2026-02-22 19:00:00.000 +0000,9.10,75.91,0.00,17.80,31.90,0.00,0.00,,5.40
2026-02-22 19:00:00.000 +0000,9.10,75.89,0.00,17.80,33.10,0.00,0.00,,5.50
2026-02-22 18:00:00.000 +0000,9.10,70.77,0.00,19.80,27.20,0.00,2.00,,5.30
2026-02-22 18:00:00.000 +0000,9.10,70.79,0.00,19.90,26.80,0.00,2.00,,5.20
2026-02-22 17:00:00.000 +0000,10.00,66.33,0.00,17.40,29.50,0.10,39.00,,6.70
2026-02-22 17:00:00.000 +0000,10.00,66.33,0.00,17.30,30.20,0.10,39.00,,6.70
2026-02-22 16:00:00.000 +0000,11.00,54.94,0.00,21.30,31.20,0.50,132.00,,
2026-02-22 16:00:00.000 +0000,11.00,55.13,0.00,21.20,32.20,0.50,132.00,,
2026-02-22 15:00:00.000 +0000,11.90,62.68,0.00,22.50,54.10,0.60,160.00,,
2026-02-22 15:00:00.000 +0000,11.90,62.75,0.00,22.40,54.80,0.60,160.00,,
2026-02-22 14:00:00.000 +0000,11.10,66.43,0.00,22.50,53.90,0.60,170.00,,
2026-02-22 14:00:00.000 +0000,11.00,66.45,0.00,22.60,53.40,0.60,170.00,,
2026-02-22 13:00:00.000 +0000,10.10,70.76,0.00,19.60,88.10,0.40,113.00,,
2026-02-22 13:00:00.000 +0000,10.20,70.71,0.00,19.60,88.00,0.40,113.00,,
2026-02-22 12:00:00.000 +0000,11.10,66.52,0.00,19.50,53.90,0.70,207.00,,
2026-02-22 12:00:00.000 +0000,11.10,66.52,0.00,19.60,53.40,0.70,207.00,,
2026-02-22 11:00:00.000 +0000,11.10,71.01,0.00,15.10,52.40,0.70,185.00,,
2026-02-22 11:00:00.000 +0000,11.10,70.97,0.00,15.10,52.80,0.70,185.00,,
2026-02-22 10:00:00.000 +0000,10.10,75.58,0.00,12.50,54.80,0.30,78.00,,
2026-02-22 10:00:00.000 +0000,10.10,75.66,0.00,12.50,54.10,0.30,78.00,,
2026-02-22 09:00:00.000 +0000,9.10,85.71,0.00,23.00,27.90,0.30,90.00,,5.00
2026-02-22 09:00:00.000 +0000,9.10,85.93,0.00,23.20,27.50,0.30,90.00,,4.90
2026-02-22 08:00:00.000 +0000,9.00,81.13,0.00,23.70,49.80,0.10,19.00,,4.80
2026-02-22 08:00:00.000 +0000,9.00,81.17,0.00,23.90,49.90,0.10,19.00,,4.80
2026-02-22 07:00:00.000 +0000,9.10,86.34,0.00,21.80,52.10,0.00,0.00,,5.00
2026-02-22 07:00:00.000 +0000,9.10,86.19,0.00,21.60,52.50,0.00,0.00,,5.10
2026-02-22 06:00:00.000 +0000,10.00,86.63,0.00,20.90,87.50,0.00,0.00,,
2026-02-22 06:00:00.000 +0000,10.00,86.51,0.00,20.80,87.40,0.00,0.00,,
2026-02-22 05:00:00.000 +0000,10.10,92.17,0.00,17.60,89.10,0.00,0.00,,
2026-02-22 05:00:00.000 +0000,10.10,92.36,0.00,17.70,89.00,0.00,0.00,,
2026-02-22 04:00:00.000 +0000,11.00,88.82,0.00,11.10,100.00,0.00,0.00,,
2026-02-22 04:00:00.000 +0000,11.00,88.85,0.00,11.10,100.00,0.00,0.00,,
2026-02-22 03:00:00.000 +0000,11.00,88.85,0.00,11.30,84.30,0.00,0.00,,
2026-02-22 03:00:00.000 +0000,11.00,88.82,0.00,11.40,84.20,0.00,0.00,,
2026-02-22 02:00:00.000 +0000,11.00,86.95,0.00,6.50,100.00,0.00,0.00,,
2026-02-22 02:00:00.000 +0000,11.00,86.99,0.00,6.50,100.00,0.00,0.00,,
2026-02-22 01:00:00.000 +0000,11.00,88.85,0.00,11.20,88.00,0.00,0.00,,
2026-02-22 01:00:00.000 +0000,11.00,88.82,0.00,11.20,88.00,0.00,0.00,,
2026-02-22 00:00:00.000 +0000,11.00,88.82,0.00,8.70,94.50,0.00,0.00,,
2026-02-22 00:00:00.000 +0000,11.00,88.85,0.00,8.70,94.50,0.00,0.00,,
2026-02-21 23:00:00.000 +0000,10.10,92.69,0.00,10.10,89.10,0.00,0.00,,
2026-02-21 23:00:00.000 +0000,10.10,92.80,0.00,10.10,89.00,0.00,0.00,,
2026-02-21 22:00:00.000 +0000,11.00,87.89,0.00,10.20,89.00,0.00,0.00,,
2026-02-21 22:00:00.000 +0000,11.00,87.96,0.00,10.20,89.10,0.00,0.00,,
2026-02-21 21:00:00.000 +0000,10.10,92.86,0.00,8.40,89.10,0.00,0.00,,
2026-02-21 21:00:00.000 +0000,10.10,92.95,0.00,8.40,89.00,0.00,0.00,,
2026-02-21 20:00:00.000 +0000,10.10,93.30,0.00,12.20,89.20,0.00,0.00,,
2026-02-21 20:00:00.000 +0000,10.10,93.27,0.00,12.10,89.50,0.00,0.00,,
2026-02-21 19:00:00.000 +0000,10.10,93.00,0.00,10.00,88.60,0.00,0.00,,
2026-02-21 19:00:00.000 +0000,10.10,92.92,0.00,10.00,88.70,0.00,0.00,,
2026-02-21 18:00:00.000 +0000,10.00,92.68,0.00,8.00,52.80,0.00,0.00,,8.20
2026-02-21 18:00:00.000 +0000,10.00,92.79,0.00,8.00,52.40,0.00,0.00,,8.20
2026-02-21 17:00:00.000 +0000,10.10,91.77,0.00,8.20,88.00,0.10,14.00,,
2026-02-21 17:00:00.000 +0000,10.10,92.01,0.00,8.10,88.00,0.10,14.00,,
2026-02-21 16:00:00.000 +0000,11.00,81.85,0.00,12.20,55.30,0.20,57.00,,
2026-02-21 16:00:00.000 +0000,11.00,81.83,0.00,12.30,54.50,0.20,57.00,,
2026-02-21 15:00:00.000 +0000,11.90,71.74,0.00,13.50,54.20,0.50,147.00,,
2026-02-21 15:00:00.000 +0000,11.90,71.69,0.00,13.60,53.60,0.50,147.00,,
2026-02-21 14:00:00.000 +0000,11.90,71.53,0.00,13.60,54.20,0.60,168.00,,
2026-02-21 14:00:00.000 +0000,11.90,71.55,0.00,13.60,54.90,0.60,168.00,,
2026-02-21 13:00:00.000 +0000,11.10,76.17,0.00,13.40,54.90,0.60,166.00,,
2026-02-21 13:00:00.000 +0000,11.10,76.20,0.00,13.50,54.20,0.60,166.00,,
2026-02-21 12:00:00.000 +0000,11.00,75.99,0.00,17.50,51.20,0.60,157.00,,
2026-02-21 12:00:00.000 +0000,11.00,75.93,0.00,17.30,51.40,0.60,157.00,,
2026-02-21 11:00:00.000 +0000,10.10,86.51,0.00,20.70,87.30,1.00,269.00,,
2026-02-21 11:00:00.000 +0000,10.10,86.64,0.00,20.90,87.50,1.00,269.00,,
2026-02-21 10:00:00.000 +0000,9.10,86.90,0.00,17.40,88.00,0.40,110.00,,5.50
2026-02-21 10:00:00.000 +0000,9.00,86.96,0.00,17.60,88.10,0.40,110.00,,5.50
2026-02-21 09:00:00.000 +0000,8.00,92.69,0.00,17.30,97.30,0.10,29.00,,4.20
2026-02-21 09:00:00.000 +0000,8.00,92.56,0.00,17.20,96.90,0.10,29.00,,4.20
2026-02-21 08:00:00.000 +0000,7.00,92.93,0.00,7.90,99.00,0.00,1.00,,4.60
2026-02-21 08:00:00.000 +0000,7.10,92.87,0.00,7.90,98.90,0.00,1.00,,4.60
2026-02-21 07:00:00.000 +0000,7.10,92.41,0.00,10.90,56.10,0.00,0.00,,4.00
2026-02-21 07:00:00.000 +0000,7.10,92.54,0.00,11.00,55.20,0.00,0.00,,4.00
2026-02-21 06:00:00.000 +0000,7.10,92.03,0.00,13.20,88.30,0.00,0.00,,3.60
2026-02-21 06:00:00.000 +0000,7.10,91.82,0.00,13.10,88.30,0.00,0.00,,3.60
2026-02-21 05:00:00.000 +0000,7.10,91.82,0.00,14.20,89.00,0.00,0.00,,3.40
2026-02-21 05:00:00.000 +0000,7.10,91.58,0.00,14.10,89.10,0.00,0.00,,3.50
2026-02-21 04:00:00.000 +0000,8.50,79.71,0.00,11.90,90.80,0.00,0.00,,5.60
2026-02-21 04:00:00.000 +0000,8.50,79.64,0.00,11.90,90.70,0.00,0.00,,5.60
2026-02-21 03:00:00.000 +0000,8.70,82.77,0.00,10.60,97.20,0.00,0.00,,6.10
2026-02-21 03:00:00.000 +0000,8.70,82.74,0.00,10.60,97.30,0.00,0.00,,6.10
2026-02-21 02:00:00.000 +0000,9.20,80.23,0.00,13.00,88.60,0.00,0.00,,6.30
2026-02-21 02:00:00.000 +0000,9.20,80.26,0.00,13.00,88.40,0.00,0.00,,6.30
2026-02-21 01:00:00.000 +0000,8.70,81.45,0.00,10.70,88.00,0.00,0.00,,6.10
2026-02-21 01:00:00.000 +0000,8.70,81.45,0.00,10.70,88.00,0.00,0.00,,6.10
2026-02-21 00:00:00.000 +0000,8.70,77.20,0.00,11.00,92.90,0.00,0.00,,6.00
2026-02-21 00:00:00.000 +0000,8.70,77.22,0.00,11.00,92.90,0.00,0.00,,6.00
2026-02-20 23:00:00.000 +0000,8.00,81.05,0.00,20.80,55.70,0.00,0.00,,3.80
2026-02-20 23:00:00.000 +0000,8.00,81.09,0.00,21.00,54.90,0.00,0.00,,3.80
2026-02-20 22:00:00.000 +0000,8.00,81.03,0.00,20.70,50.70,0.00,0.00,,3.70
2026-02-20 22:00:00.000 +0000,8.00,80.98,0.00,20.50,50.70,0.00,0.00,,3.70
2026-02-20 21:00:00.000 +0000,8.00,80.95,0.00,21.90,84.90,0.00,0.00,,3.60
2026-02-20 21:00:00.000 +0000,8.00,80.88,0.00,21.70,84.40,0.00,0.00,,3.60
2026-02-20 20:00:00.000 +0000,7.10,86.48,0.00,18.70,51.70,0.00,0.00,,2.80
2026-02-20 20:00:00.000 +0000,7.10,86.38,0.00,18.50,52.00,0.00,0.00,,2.80
2026-02-20 19:00:00.000 +0000,7.10,86.48,0.00,20.70,88.90,0.00,0.00,,2.50
2026-02-20 19:00:00.000 +0000,7.10,86.37,0.00,20.50,89.00,0.00,0.00,,2.50
2026-02-20 18:00:00.000 +0000,8.40,81.41,0.00,18.90,83.00,0.00,1.00,,4.50
2026-02-20 18:00:00.000 +0000,8.40,81.41,0.00,18.80,82.10,0.00,1.00,,4.50
2026-02-20 17:00:00.000 +0000,8.10,92.40,0.00,11.30,55.70,0.10,19.00,,5.20
2026-02-20 17:00:00.000 +0000,8.10,92.54,0.00,11.30,54.90,0.10,19.00,,5.20
2026-02-20 16:00:00.000 +0000,9.10,87.15,0.00,11.20,54.50,0.10,30.00,,6.40
2026-02-20 16:00:00.000 +0000,9.10,87.13,0.00,11.20,55.30,0.10,30.00,,6.40
2026-02-20 15:00:00.000 +0000,9.00,87.39,0.00,14.70,54.60,0.50,135.00,,5.80
2026-02-20 15:00:00.000 +0000,9.00,87.38,0.00,14.70,53.90,0.50,135.00,,5.80
2026-02-20 14:00:00.000 +0000,8.10,92.75,0.00,15.90,88.70,0.40,98.00,,4.50
2026-02-20 14:00:00.000 +0000,8.10,92.84,0.00,16.00,88.60,0.40,98.00,,4.40
2026-02-20 13:00:00.000 +0000,8.10,92.05,0.00,18.30,88.70,0.40,120.00,,4.20
2026-02-20 13:00:00.000 +0000,8.10,92.24,0.00,18.30,88.60,0.40,120.00,,4.20
2026-02-20 12:00:00.000 +0000,7.10,92.40,0.00,15.10,88.70,0.20,57.00,,3.30
2026-02-20 12:00:00.000 +0000,7.10,92.54,0.00,15.10,88.60,0.20,57.00,,3.20
2026-02-20 11:00:00.000 +0000,6.10,92.34,0.00,13.90,88.70,0.20,55.00,,2.20
2026-02-20 11:00:00.000 +0000,6.10,92.48,0.00,13.90,88.60,0.20,55.00,,2.20
2026-02-20 10:00:00.000 +0000,5.90,86.79,0.00,12.70,53.70,0.30,78.00,,2.20
2026-02-20 10:00:00.000 +0000,5.90,86.76,0.00,12.70,54.30,0.30,78.00,,2.20
2026-02-20 09:00:00.000 +0000,5.00,86.50,0.00,8.30,31.00,0.10,35.00,,2.00
2026-02-20 09:00:00.000 +0000,5.00,86.56,0.00,8.30,30.20,0.10,35.00,,2.00
2026-02-20 08:00:00.000 +0000,4.20,91.62,0.00,11.30,31.70,0.00,8.00,,0.30
2026-02-20 08:00:00.000 +0000,4.20,91.85,0.00,11.30,30.70,0.00,8.00,,0.30
2026-02-20 07:00:00.000 +0000,3.30,92.36,0.00,9.40,32.70,0.00,0.00,,-0.40
2026-02-20 07:00:00.000 +0000,3.20,92.47,0.00,9.40,31.60,0.00,0.00,,-0.40
2026-02-20 06:00:00.000 +0000,4.00,92.83,0.00,10.00,30.70,0.00,0.00,,0.40
2026-02-20 06:00:00.000 +0000,4.00,92.76,0.00,10.00,31.70,0.00,0.00,,0.40
2026-02-20 05:00:00.000 +0000,4.90,92.81,0.00,8.90,54.30,0.00,0.00,,1.70
2026-02-20 05:00:00.000 +0000,4.90,92.87,0.00,8.90,53.70,0.00,0.00,,1.70
2026-02-20 04:00:00.000 +0000,3.80,92.61,0.00,5.40,92.90,0.00,0.00,,1.60
2026-02-20 04:00:00.000 +0000,3.80,92.59,0.00,5.40,92.90,0.00,0.00,,1.60
2026-02-20 03:00:00.000 +0000,3.30,93.16,0.00,4.50,39.80,0.00,0.00,,1.30
2026-02-20 03:00:00.000 +0000,3.30,93.16,0.00,4.50,39.80,0.00,0.00,,1.30
2026-02-20 02:00:00.000 +0000,3.30,94.09,0.00,4.40,77.50,0.00,0.00,,1.40
2026-02-20 02:00:00.000 +0000,3.30,94.10,0.00,4.40,77.20,0.00,0.00,,1.40
2026-02-20 01:00:00.000 +0000,3.50,94.11,0.00,4.30,88.00,0.00,0.00,,1.70
2026-02-20 01:00:00.000 +0000,3.50,94.11,0.00,4.30,88.00,0.00,0.00,,1.70
2026-02-20 00:00:00.000 +0000,3.50,92.60,0.00,4.10,100.00,0.00,0.00,,1.80
2026-02-20 00:00:00.000 +0000,3.50,92.57,0.00,4.10,100.00,0.00,0.00,,1.80
2026-02-19 23:00:00.000 +0000,3.50,94.65,0.00,4.70,100.00,0.00,0.00,,1.50
2026-02-19 23:00:00.000 +0000,3.50,94.70,0.00,4.70,100.00,0.00,0.00,,1.50
2026-02-19 22:00:00.000 +0000,3.00,93.30,0.00,6.60,89.20,0.00,0.00,,0.10
2026-02-19 22:00:00.000 +0000,3.00,93.32,0.00,6.60,89.50,0.00,0.00,,0.20
2026-02-19 21:00:00.000 +0000,3.10,98.94,0.00,5.70,88.70,0.00,0.00,,0.60
2026-02-19 21:00:00.000 +0000,3.10,98.75,0.00,5.70,88.80,0.00,0.00,,0.60
2026-02-19 20:00:00.000 +0000,3.10,92.83,0.00,4.50,88.60,0.00,0.00,,1.10
2026-02-19 20:00:00.000 +0000,3.10,92.77,0.00,4.40,88.70,0.00,0.00,,1.20
2026-02-19 19:00:00.000 +0000,2.20,98.94,0.00,1.30,99.70,0.00,0.00,,
2026-02-19 19:00:00.000 +0000,2.20,99.10,0.00,1.30,99.70,0.00,0.00,,
2026-02-19 18:00:00.000 +0000,3.10,92.59,0.00,2.30,100.00,0.00,0.00,,
2026-02-19 18:00:00.000 +0000,3.10,92.68,0.00,2.30,100.00,0.00,0.00,,
2026-02-19 17:00:00.000 +0000,3.10,92.25,0.00,1.50,99.70,0.00,5.00,,
2026-02-19 17:00:00.000 +0000,3.10,92.09,0.00,1.60,99.70,0.00,5.00,,
2026-02-19 16:00:00.000 +0000,3.20,97.99,0.00,1.80,99.70,0.10,23.00,,
2026-02-19 16:00:00.000 +0000,3.20,97.65,0.00,1.90,99.70,0.10,23.00,,
2026-02-19 15:00:00.000 +0000,3.20,97.43,0.00,5.90,99.70,0.20,50.00,,0.60
2026-02-19 15:00:00.000 +0000,3.20,97.01,0.00,5.90,99.70,0.20,50.00,,0.70
2026-02-19 14:00:00.000 +0000,4.10,85.54,0.00,4.90,100.00,0.10,35.00,,2.20
2026-02-19 14:00:00.000 +0000,4.20,85.33,0.00,4.90,100.00,0.10,35.00,,2.20
2026-02-19 13:00:00.000 +0000,3.30,91.13,0.00,4.80,99.70,0.20,44.00,,1.20
2026-02-19 13:00:00.000 +0000,3.20,91.42,0.00,4.80,99.70,0.20,44.00,,1.20
2026-02-19 12:00:00.000 +0000,3.20,91.94,0.00,7.10,100.00,0.20,52.00,,0.20
2026-02-19 12:00:00.000 +0000,3.20,91.73,0.00,7.10,100.00,0.20,52.00,,0.20
2026-02-19 11:00:00.000 +0000,2.20,98.14,0.00,7.90,100.00,0.10,32.00,,-1.20
2026-02-19 11:00:00.000 +0000,2.30,97.83,0.00,7.90,100.00,0.10,32.00,,-1.20
2026-02-19 10:00:00.000 +0000,2.20,98.48,0.00,8.70,89.10,0.10,27.00,,-1.50
2026-02-19 10:00:00.000 +0000,2.20,98.70,0.00,8.70,89.00,0.10,27.00,,-1.60
2026-02-19 09:00:00.000 +0000,2.10,98.53,0.00,8.00,89.00,0.10,15.00,,-1.40
2026-02-19 09:00:00.000 +0000,2.20,98.29,0.00,8.00,89.10,0.10,15.00,,-1.30
2026-02-19 08:00:00.000 +0000,2.20,92.04,0.00,9.10,89.10,0.00,2.00,,-1.70
2026-02-19 08:00:00.000 +0000,2.10,92.19,0.00,9.20,89.00,0.00,2.00,,-1.70
2026-02-19 07:00:00.000 +0000,2.20,91.24,0.00,10.10,89.10,0.00,0.00,,-1.90
2026-02-19 07:00:00.000 +0000,2.10,91.50,0.00,10.10,89.00,0.00,0.00,,-2.00
2026-02-19 06:00:00.000 +0000,1.20,97.56,0.00,10.00,89.20,0.00,0.00,,-3.10
2026-02-19 06:00:00.000 +0000,1.30,97.16,0.00,10.00,89.50,0.00,0.00,,-3.00
2026-02-19 05:00:00.000 +0000,1.30,97.16,0.00,11.10,89.50,0.00,0.00,,-3.30
2026-02-19 05:00:00.000 +0000,1.20,97.56,0.00,11.20,89.20,0.00,0.00,,-3.40
2026-02-19 04:00:00.000 +0000,3.70,78.96,0.00,10.20,100.00,0.00,0.00,,0.00
2026-02-19 04:00:00.000 +0000,3.70,78.94,0.00,10.20,100.00,0.00,0.00,,0.00
2026-02-19 03:00:00.000 +0000,3.70,76.40,0.00,9.60,97.20,0.00,0.00,,0.10
2026-02-19 03:00:00.000 +0000,3.70,76.38,0.00,9.60,97.30,0.00,0.00,,0.10
2026-02-19 02:00:00.000 +0000,3.30,77.09,0.00,11.10,93.50,0.00,0.00,,-0.80
2026-02-19 02:00:00.000 +0000,3.30,77.11,0.00,11.10,93.50,0.00,0.00,,-0.80
2026-02-19 01:00:00.000 +0000,3.30,77.11,0.00,11.60,97.20,0.00,0.00,,-0.90
2026-02-19 01:00:00.000 +0000,3.30,77.09,0.00,11.60,97.30,0.00,0.00,,-0.90
2026-02-19 00:00:00.000 +0000,3.30,77.09,0.00,13.20,100.00,0.00,0.00,,-1.30
2026-02-19 00:00:00.000 +0000,3.30,77.11,0.00,13.20,100.00,0.00,0.00,,-1.30
2026-02-18 23:00:00.000 +0000,3.30,77.09,0.00,14.00,100.00,0.00,0.00,,-1.40
2026-02-18 23:00:00.000 +0000,3.30,77.11,0.00,14.00,100.00,0.00,0.00,,-1.40
2026-02-18 22:00:00.000 +0000,2.10,85.12,0.00,16.80,88.90,0.00,0.00,,-3.40
2026-02-18 22:00:00.000 +0000,2.20,84.88,0.00,16.80,89.00,0.00,0.00,,-3.30
2026-02-18 21:00:00.000 +0000,2.10,85.12,0.00,14.90,86.90,0.00,0.00,,-3.00
2026-02-18 21:00:00.000 +0000,2.20,84.88,0.00,14.80,86.70,0.00,0.00,,-3.00
2026-02-18 20:00:00.000 +0000,2.10,85.17,0.00,15.90,88.40,0.00,0.00,,-3.30
2026-02-18 20:00:00.000 +0000,2.10,84.93,0.00,15.90,88.50,0.00,0.00,,-3.30
2026-02-18 19:00:00.000 +0000,1.20,84.48,0.00,16.10,52.90,0.00,0.00,,-4.40
2026-02-18 19:00:00.000 +0000,1.20,84.78,0.00,16.10,52.40,0.00,0.00,,-4.50
2026-02-18 18:00:00.000 +0000,1.20,84.78,0.00,17.10,31.20,0.00,0.00,,-4.70
2026-02-18 18:00:00.000 +0000,1.20,84.48,0.00,17.10,32.20,0.00,0.00,,-4.60
2026-02-18 17:00:00.000 +0000,2.10,79.65,0.00,17.10,52.80,0.10,20.00,,-3.50
2026-02-18 17:00:00.000 +0000,2.10,79.50,0.00,17.10,53.30,0.10,20.00,,-3.50
2026-02-18 16:00:00.000 +0000,2.10,79.14,0.00,17.30,85.00,0.20,57.00,,-3.50
2026-02-18 16:00:00.000 +0000,2.20,78.90,0.00,17.30,84.50,0.20,57.00,,-3.40
2026-02-18 15:00:00.000 +0000,3.10,73.85,0.00,17.40,88.30,0.30,87.00,,-2.20
2026-02-18 15:00:00.000 +0000,3.10,74.02,0.00,17.40,88.30,0.30,87.00,,-2.20
2026-02-18 14:00:00.000 +0000,3.10,74.02,0.00,18.50,87.70,0.40,104.00,,-2.40
2026-02-18 14:00:00.000 +0000,3.10,73.85,0.00,18.50,87.60,0.40,104.00,,-2.30
2026-02-18 13:00:00.000 +0000,3.20,74.15,0.00,21.60,88.60,0.40,116.00,,-2.80
2026-02-18 13:00:00.000 +0000,3.20,74.01,0.00,21.60,88.70,0.40,116.00,,-2.70
2026-02-18 12:00:00.000 +0000,3.20,79.60,0.00,20.50,89.00,0.50,136.00,,-2.60
2026-02-18 12:00:00.000 +0000,3.10,79.75,0.00,20.50,88.90,0.50,136.00,,-2.60
2026-02-18 11:00:00.000 +0000,2.20,85.47,0.00,19.20,88.60,0.60,156.00,,-3.70
2026-02-18 11:00:00.000 +0000,2.20,85.28,0.00,19.10,88.70,0.60,156.00,,-3.70
2026-02-18 10:00:00.000 +0000,1.20,85.17,0.00,16.80,53.50,0.60,159.00,,-4.60
2026-02-18 10:00:00.000 +0000,1.20,85.36,0.00,16.90,53.00,0.60,159.00,,-4.60
2026-02-18 09:00:00.000 +0000,1.10,86.15,0.00,13.60,55.30,0.10,40.00,,-4.10
2026-02-18 09:00:00.000 +0000,1.10,86.21,0.00,13.60,54.50,0.10,40.00,,-4.10
2026-02-18 08:00:00.000 +0000,0.10,91.80,0.00,15.50,49.50,0.10,14.00,,-5.80
2026-02-18 08:00:00.000 +0000,0.10,91.60,0.00,15.40,49.40,0.10,14.00,,-5.70
2026-02-18 07:00:00.000 +0000,0.10,97.93,0.00,13.30,52.90,0.00,0.00,,-5.30
2026-02-18 07:00:00.000 +0000,0.10,98.24,0.00,13.40,52.50,0.00,0.00,,-5.40
2026-02-18 06:00:00.000 +0000,0.00,92.03,0.00,12.00,86.20,0.00,0.00,,-5.10
2026-02-18 06:00:00.000 +0000,0.00,92.18,0.00,12.10,86.50,0.00,0.00,,-5.20
2026-02-18 05:00:00.000 +0000,0.10,91.41,0.00,10.00,51.90,0.00,0.00,,-4.50
2026-02-18 05:00:00.000 +0000,0.00,91.64,0.00,10.00,51.60,0.00,0.00,,-4.60
2026-02-18 04:00:00.000 +0000,0.10,82.15,0.00,5.90,69.30,0.00,0.00,,-3.00
2026-02-18 04:00:00.000 +0000,0.10,82.08,0.00,5.90,69.40,0.00,0.00,,-3.00
2026-02-18 03:00:00.000 +0000,0.10,80.19,0.00,5.60,100.00,0.00,0.00,,-2.90
2026-02-18 03:00:00.000 +0000,0.10,80.25,0.00,5.70,100.00,0.00,0.00,,-2.90
2026-02-18 02:00:00.000 +0000,0.70,75.87,0.00,6.50,69.30,0.00,0.00,,-2.50
2026-02-18 02:00:00.000 +0000,0.70,75.84,0.00,6.50,69.40,0.00,0.00,,-2.50
2026-02-18 01:00:00.000 +0000,0.00,82.06,0.00,6.00,100.00,0.00,0.00,,-3.20
2026-02-18 01:00:00.000 +0000,-0.10,82.14,0.00,6.00,100.00,0.00,0.00,,-3.30
2026-02-18 00:00:00.000 +0000,-0.60,86.80,0.00,2.20,70.40,0.00,0.00,,
2026-02-18 00:00:00.000 +0000,-0.60,86.91,0.00,2.20,70.40,0.00,0.00,,
2026-02-17 23:00:00.000 +0000,-0.60,84.90,0.00,3.30,69.30,0.00,0.00,,-2.40
2026-02-17 23:00:00.000 +0000,-0.60,84.81,0.00,3.30,69.40,0.00,0.00,,-2.40
2026-02-17 22:00:00.000 +0000,-1.00,80.81,0.00,3.30,88.00,0.00,0.00,,-2.80
2026-02-17 22:00:00.000 +0000,-1.00,80.71,0.00,3.30,88.00,0.00,0.00,,-2.80
2026-02-17 21:00:00.000 +0000,-1.00,80.42,0.00,3.30,70.40,0.00,0.00,,-2.90
2026-02-17 21:00:00.000 +0000,-1.00,80.47,0.00,3.30,70.40,0.00,0.00,,-2.90
2026-02-17 20:00:00.000 +0000,0.00,70.03,0.00,3.40,25.00,0.00,0.00,,-1.80
2026-02-17 20:00:00.000 +0000,0.00,69.89,0.00,3.40,25.00,0.00,0.00,,-1.80
2026-02-17 19:00:00.000 +0000,0.00,70.03,0.00,2.30,69.30,0.00,0.00,,
2026-02-17 19:00:00.000 +0000,0.00,70.19,0.00,2.30,69.40,0.00,0.00,,
2026-02-17 18:00:00.000 +0000,1.10,69.70,0.00,0.20,54.10,0.00,0.00,,
2026-02-17 18:00:00.000 +0000,1.10,69.76,0.00,0.30,54.80,0.00,0.00,,
2026-02-17 17:00:00.000 +0000,2.00,64.76,0.00,4.60,25.00,0.10,15.00,,-0.20
2026-02-17 17:00:00.000 +0000,2.00,64.79,0.00,4.60,25.00,0.10,15.00,,-0.20
2026-02-17 16:00:00.000 +0000,2.10,60.41,0.00,3.80,30.70,0.30,84.00,,0.40
2026-02-17 16:00:00.000 +0000,2.10,60.50,0.00,3.80,31.70,0.30,84.00,,0.40
2026-02-17 15:00:00.000 +0000,2.20,63.68,0.00,6.10,28.30,0.60,164.00,,-0.70
2026-02-17 15:00:00.000 +0000,2.20,63.54,0.00,6.10,28.90,0.60,164.00,,-0.60
2026-02-17 14:00:00.000 +0000,3.10,59.28,0.00,8.50,31.70,0.60,161.00,,-0.40
2026-02-17 14:00:00.000 +0000,3.10,59.40,0.00,8.40,30.70,0.60,161.00,,-0.40
2026-02-17 13:00:00.000 +0000,3.10,56.00,0.00,9.50,28.60,0.90,262.00,,-0.70
2026-02-17 13:00:00.000 +0000,3.10,55.96,0.00,9.50,28.10,0.90,262.00,,-0.70
2026-02-17 12:00:00.000 +0000,2.20,59.38,0.00,8.70,25.00,1.20,330.00,,-1.60
2026-02-17 12:00:00.000 +0000,2.20,59.31,0.00,8.80,25.00,1.20,330.00,,-1.60
2026-02-17 11:00:00.000 +0000,2.10,60.12,0.00,15.00,,1.20,341.00,,-3.10
2026-02-17 11:00:00.000 +0000,2.10,60.08,0.00,15.00,,1.20,341.00,,-3.20
2026-02-17 10:00:00.000 +0000,1.10,64.27,0.00,17.20,25.00,1.00,272.00,,-4.80
2026-02-17 10:00:00.000 +0000,1.10,64.27,0.00,17.20,25.00,1.00,272.00,,-4.80
2026-02-17 09:00:00.000 +0000,0.20,73.61,0.00,15.70,25.00,0.50,126.00,,-5.70
2026-02-17 09:00:00.000 +0000,0.10,73.72,0.00,15.80,25.00,0.50,126.00,,-5.80
2026-02-17 08:00:00.000 +0000,0.10,73.95,0.00,13.70,25.00,0.10,21.00,,-5.40
2026-02-17 08:00:00.000 +0000,0.10,74.02,0.00,13.80,25.00,0.10,21.00,,-5.50
2026-02-17 07:00:00.000 +0000,0.10,73.77,0.00,15.90,25.00,0.00,0.00,,-5.80
2026-02-17 07:00:00.000 +0000,0.10,73.66,0.00,15.90,25.00,0.00,0.00,,-5.80
2026-02-17 06:00:00.000 +0000,0.10,78.97,0.00,14.20,,0.00,0.00,,-5.50
2026-02-17 06:00:00.000 +0000,0.20,78.76,0.00,14.30,,0.00,0.00,,-5.40
2026-02-17 05:00:00.000 +0000,0.20,79.03,0.00,19.00,,0.00,0.00,,-6.30
2026-02-17 05:00:00.000 +0000,0.20,78.83,0.00,18.90,,0.00,0.00,,-6.20
2026-02-17 04:00:00.000 +0000,2.00,71.87,0.00,13.00,,0.00,0.00,,-2.90
2026-02-17 04:00:00.000 +0000,2.00,71.85,0.00,13.00,,0.00,0.00,,-2.90
2026-02-17 03:00:00.000 +0000,2.00,73.56,0.00,11.50,25.00,0.00,0.00,,-2.60
2026-02-17 03:00:00.000 +0000,2.00,73.54,0.00,11.50,25.00,0.00,0.00,,-2.60
2026-02-17 02:00:00.000 +0000,2.20,72.34,0.00,12.80,25.00,0.00,0.00,,-2.60
2026-02-17 02:00:00.000 +0000,2.20,72.38,0.00,12.80,25.00,0.00,0.00,,-2.60
2026-02-17 01:00:00.000 +0000,2.20,72.34,0.00,13.00,,0.00,0.00,,-2.60
2026-02-17 01:00:00.000 +0000,2.20,72.38,0.00,13.00,,0.00,0.00,,-2.60
2026-02-17 00:00:00.000 +0000,3.00,74.94,0.00,10.90,77.20,0.00,0.00,,-1.20
2026-02-17 00:00:00.000 +0000,3.00,75.00,0.00,10.90,77.50,0.00,0.00,,-1.20
2026-02-16 23:00:00.000 +0000,3.20,76.78,0.00,17.70,56.30,0.00,0.00,,-2.20
2026-02-16 23:00:00.000 +0000,3.20,76.71,0.00,17.70,56.10,0.00,0.00,,-2.20
2026-02-16 22:00:00.000 +0000,2.10,91.99,0.00,22.10,88.60,0.00,0.00,,-4.20
2026-02-16 22:00:00.000 +0000,2.20,91.80,0.00,22.00,88.70,0.00,0.00,,-4.10
2026-02-16 21:00:00.000 +0000,4.00,86.86,0.00,16.90,89.00,0.00,0.00,,-1.00
2026-02-16 21:00:00.000 +0000,4.00,86.86,0.00,16.80,89.10,0.00,0.00,,-1.00
2026-02-16 20:00:00.000 +0000,5.10,86.13,0.00,16.60,88.40,0.00,0.00,,0.40
2026-02-16 20:00:00.000 +0000,5.10,86.00,0.00,16.50,88.50,0.00,0.00,,0.50
2026-02-16 19:00:00.000 +0000,5.10,86.27,0.00,11.30,86.20,0.00,0.00,,1.40
2026-02-16 19:00:00.000 +0000,5.10,86.17,0.00,11.20,85.90,0.00,0.00,,1.40
2026-02-16 18:00:00.000 +0000,5.10,85.84,0.00,17.10,88.30,0.00,0.00,,0.40
2026-02-16 18:00:00.000 +0000,5.10,85.99,0.00,17.30,88.30,0.00,0.00,,0.40
2026-02-16 17:00:00.000 +0000,5.20,84.73,0.00,18.40,52.10,0.10,36.00,,0.40
2026-02-16 17:00:00.000 +0000,5.20,85.03,0.00,18.60,51.80,0.10,36.00,,0.30
2026-02-16 16:00:00.000 +0000,5.20,79.60,0.00,17.90,51.90,0.60,162.00,,0.50
2026-02-16 16:00:00.000 +0000,5.30,79.39,0.00,17.90,52.20,0.60,162.00,,0.50
2026-02-16 15:00:00.000 +0000,6.20,79.74,0.00,17.90,52.70,1.00,266.00,,1.70
2026-02-16 15:00:00.000 +0000,6.20,79.53,0.00,17.80,53.20,1.00,266.00,,1.80
2026-02-16 14:00:00.000 +0000,6.30,79.07,0.00,16.00,51.10,1.60,439.00,,2.10
2026-02-16 14:00:00.000 +0000,6.20,79.34,0.00,16.00,50.90,1.60,439.00,,2.00
2026-02-16 13:00:00.000 +0000,5.20,85.06,0.00,16.90,53.80,1.60,451.00,,0.60
2026-02-16 13:00:00.000 +0000,5.20,85.32,0.00,16.90,53.30,1.60,451.00,,0.60
2026-02-16 12:00:00.000 +0000,6.00,80.19,0.00,15.50,54.20,0.90,260.00,,1.90
2026-02-16 12:00:00.000 +0000,6.00,80.30,0.00,15.60,53.60,0.90,260.00,,1.90
2026-02-16 11:00:00.000 +0000,5.10,86.13,0.00,17.50,53.90,0.90,245.00,,0.30
2026-02-16 11:00:00.000 +0000,5.10,86.01,0.00,17.30,54.60,0.90,245.00,,0.40
2026-02-16 10:00:00.000 +0000,4.10,92.00,0.00,15.40,51.00,1.00,285.00,,-0.60
2026-02-16 10:00:00.000 +0000,4.10,91.80,0.00,15.30,51.10,1.00,285.00,,-0.60
2026-02-16 09:00:00.000 +0000,3.20,91.99,0.00,10.90,86.50,0.50,131.00,,-0.80
2026-02-16 09:00:00.000 +0000,3.20,92.15,0.00,10.90,86.70,0.50,131.00,,-0.90
2026-02-16 08:00:00.000 +0000,2.90,92.45,0.00,10.10,50.40,0.00,12.00,,-1.00
2026-02-16 08:00:00.000 +0000,2.90,92.34,0.00,10.10,50.50,0.00,12.00,,-1.00
2026-02-16 07:00:00.000 +0000,3.00,91.91,0.00,8.80,53.20,0.00,0.00,,-0.50
2026-02-16 07:00:00.000 +0000,3.00,92.09,0.00,8.90,52.70,0.00,0.00,,-0.50
2026-02-16 06:00:00.000 +0000,3.10,92.16,0.00,8.30,88.80,0.00,0.00,,-0.30
2026-02-16 06:00:00.000 +0000,3.10,92.30,0.00,8.30,88.70,0.00,0.00,,-0.30
2026-02-16 05:00:00.000 +0000,3.90,87.00,0.00,14.50,88.00,0.00,0.00,,-0.70
2026-02-16 05:00:00.000 +0000,3.90,87.03,0.00,14.40,88.00,0.00,0.00,,-0.70
2026-02-16 04:00:00.000 +0000,4.60,81.37,0.00,9.80,76.10,0.00,0.00,,1.20
2026-02-16 04:00:00.000 +0000,4.60,81.40,0.00,9.80,76.00,0.00,0.00,,1.20
2026-02-16 03:00:00.000 +0000,4.30,85.44,0.00,8.40,61.40,0.00,0.00,,1.20
2026-02-16 03:00:00.000 +0000,4.30,85.41,0.00,8.40,61.60,0.00,0.00,,1.20
2026-02-16 02:00:00.000 +0000,4.30,82.70,0.00,8.10,51.40,0.00,0.00,,1.30
2026-02-16 02:00:00.000 +0000,4.30,82.68,0.00,8.10,51.80,0.00,0.00,,1.30
2026-02-16 01:00:00.000 +0000,4.40,85.45,0.00,6.80,79.40,0.00,0.00,,1.80
2026-02-16 01:00:00.000 +0000,4.40,85.42,0.00,6.80,79.20,0.00,0.00,,1.70
2026-02-16 00:00:00.000 +0000,5.60,82.86,0.00,10.90,59.20,0.00,0.00,,2.20
2026-02-16 00:00:00.000 +0000,5.60,82.85,0.00,10.90,59.40,0.00,0.00,,2.20
2026-02-15 23:00:00.000 +0000,5.20,83.63,0.00,9.10,94.50,0.00,0.00,,2.00
2026-02-15 23:00:00.000 +0000,5.20,83.64,0.00,9.10,94.50,0.00,0.00,,2.00
2026-02-15 22:00:00.000 +0000,4.90,92.45,0.00,11.00,83.40,0.00,0.00,,1.30
2026-02-15 22:00:00.000 +0000,4.90,92.57,0.00,11.00,84.10,0.00,0.00,,1.30
2026-02-15 21:00:00.000 +0000,5.00,92.27,0.00,15.00,85.60,0.00,0.00,,0.60
2026-02-15 21:00:00.000 +0000,5.00,92.42,0.00,15.20,85.90,0.00,0.00,,0.50
2026-02-15 20:00:00.000 +0000,4.90,92.93,0.00,10.90,53.00,0.00,0.00,,1.30
2026-02-15 20:00:00.000 +0000,4.90,92.88,0.00,10.90,53.50,0.00,0.00,,1.30
2026-02-15 19:00:00.000 +0000,5.80,87.32,0.00,12.00,50.00,0.00,0.00,,2.20
2026-02-15 19:00:00.000 +0000,5.80,87.27,0.00,12.10,50.00,0.00,0.00,,2.20
2026-02-15 18:00:00.000 +0000,4.90,92.93,0.00,12.20,48.20,0.00,0.00,,1.00
2026-02-15 18:00:00.000 +0000,4.90,92.87,0.00,12.10,47.80,0.00,0.00,,1.00
2026-02-15 17:00:00.000 +0000,5.80,93.11,0.00,8.20,49.70,0.10,17.00,,3.10
2026-02-15 17:00:00.000 +0000,5.80,93.14,0.00,8.20,49.70,0.10,17.00,,3.10
2026-02-15 16:00:00.000 +0000,5.90,93.11,0.00,11.40,54.60,0.10,41.00,,2.40
2026-02-15 16:00:00.000 +0000,5.90,93.14,0.00,11.40,54.00,0.10,41.00,,2.40
2026-02-15 15:00:00.000 +0000,5.90,93.14,0.00,5.60,54.90,0.20,45.00,,4.00
2026-02-15 15:00:00.000 +0000,5.90,93.11,0.00,5.70,55.70,0.20,45.00,,3.90
2026-02-15 14:00:00.000 +0000,4.10,99.11,0.00,7.50,54.30,0.50,136.00,,1.10
2026-02-15 14:00:00.000 +0000,4.10,98.96,0.00,7.60,55.10,0.50,136.00,,1.10
2026-02-15 13:00:00.000 +0000,3.10,98.95,0.00,5.70,87.60,0.20,53.00,,0.60
2026-02-15 13:00:00.000 +0000,3.10,99.10,0.00,5.50,87.70,0.20,53.00,,0.70
2026-02-15 12:00:00.000 +0000,3.10,92.96,0.00,7.90,89.10,0.30,72.00,,-0.20
2026-02-15 12:00:00.000 +0000,3.10,92.99,0.00,7.70,89.00,0.30,72.00,,-0.10
2026-02-15 11:00:00.000 +0000,2.10,98.94,0.00,8.70,89.50,0.30,95.00,,-1.60
2026-02-15 11:00:00.000 +0000,2.10,99.10,0.00,8.60,89.20,0.30,95.00,,-1.60
2026-02-15 10:00:00.000 +0000,2.10,93.08,0.00,8.80,89.00,0.20,53.00,,-1.70
2026-02-15 10:00:00.000 +0000,2.10,93.09,0.00,8.70,88.90,0.20,53.00,,-1.70
2026-02-15 09:00:00.000 +0000,1.10,98.93,0.00,11.70,89.50,0.10,21.00,,-3.60
2026-02-15 09:00:00.000 +0000,1.10,99.09,0.00,11.60,89.20,0.10,21.00,,-3.70
2026-02-15 08:00:00.000 +0000,1.00,99.66,0.00,10.50,89.20,0.00,1.00,,-3.50
2026-02-15 08:00:00.000 +0000,1.00,99.60,0.00,10.50,89.50,0.00,1.00,,-3.50
2026-02-15 07:00:00.000 +0000,1.00,92.87,0.00,7.50,89.20,0.00,0.00,,-2.60
2026-02-15 07:00:00.000 +0000,1.00,92.84,0.00,7.60,89.50,0.00,0.00,,-2.60
2026-02-15 06:00:00.000 +0000,0.10,98.72,0.00,13.10,89.50,0.00,0.00,,-5.20
2026-02-15 06:00:00.000 +0000,0.10,98.91,0.00,13.00,89.20,0.00,0.00,,-5.20
2026-02-15 05:00:00.000 +0000,0.00,99.59,0.00,14.20,89.50,0.00,0.00,,-5.60
2026-02-15 05:00:00.000 +0000,0.00,99.66,0.00,14.20,89.20,0.00,0.00,,-5.60
2026-02-15 04:00:00.000 +0000,0.40,95.17,0.00,17.30,100.00,0.00,0.00,,-5.70
2026-02-15 04:00:00.000 +0000,0.40,95.08,0.00,17.30,100.00,0.00,0.00,,-5.70
2026-02-15 03:00:00.000 +0000,1.20,90.02,0.00,17.20,90.70,0.00,0.00,,-4.70
2026-02-15 03:00:00.000 +0000,1.20,89.96,0.00,17.20,90.80,0.00,0.00,,-4.70
2026-02-15 02:00:00.000 +0000,1.70,83.74,0.00,16.90,73.40,0.00,0.00,,-3.90
2026-02-15 02:00:00.000 +0000,1.70,83.75,0.00,16.90,73.50,0.00,0.00,,-3.90
2026-02-15 01:00:00.000 +0000,2.00,80.51,0.00,12.70,91.80,0.00,0.00,,-2.80
2026-02-15 01:00:00.000 +0000,2.00,80.51,0.00,12.70,91.80,0.00,0.00,,-2.80
2026-02-15 00:00:00.000 +0000,1.70,81.83,0.00,11.70,91.80,0.00,0.00,,-2.90
2026-02-15 00:00:00.000 +0000,1.70,81.86,0.00,11.70,91.80,0.00,0.00,,-2.90
2026-02-14 23:00:00.000 +0000,2.00,80.10,0.00,9.20,82.90,0.00,0.00,,-1.90
2026-02-14 23:00:00.000 +0000,2.00,80.02,0.00,9.20,82.60,0.00,0.00,,-1.90
2026-02-14 22:00:00.000 +0000,1.10,85.56,0.00,7.20,30.20,0.00,0.00,,-2.40
2026-02-14 22:00:00.000 +0000,1.10,85.71,0.00,7.20,29.50,0.00,0.00,,-2.40
2026-02-14 21:00:00.000 +0000,1.10,85.74,0.00,6.00,30.20,0.00,0.00,,-1.90
2026-02-14 21:00:00.000 +0000,1.10,85.85,0.00,5.90,29.50,0.00,0.00,,-1.90
2026-02-14 20:00:00.000 +0000,1.00,85.84,0.00,6.00,28.80,0.00,0.00,,-2.00
2026-02-14 20:00:00.000 +0000,1.00,85.73,0.00,6.00,29.40,0.00,0.00,,-2.00
2026-02-14 19:00:00.000 +0000,1.00,86.14,0.00,4.80,100.00,0.00,0.00,,-1.50
2026-02-14 19:00:00.000 +0000,1.00,86.07,0.00,4.90,100.00,0.00,0.00,,-1.50
2026-02-14 18:00:00.000 +0000,1.90,80.45,0.00,3.50,25.00,0.00,0.00,,0.30
2026-02-14 18:00:00.000 +0000,1.90,80.44,0.00,3.50,25.00,0.00,0.00,,0.30
2026-02-14 17:00:00.000 +0000,2.10,79.59,0.00,4.70,88.00,0.10,19.00,,-0.10
2026-02-14 17:00:00.000 +0000,2.10,79.44,0.00,4.70,88.00,0.10,19.00,,-0.10
2026-02-14 16:00:00.000 +0000,3.00,69.33,0.00,4.60,,0.30,77.00,,1.00
2026-02-14 16:00:00.000 +0000,3.10,69.27,0.00,4.60,,0.30,77.00,,1.00
2026-02-14 15:00:00.000 +0000,3.10,68.30,0.00,9.00,25.00,0.60,167.00,,-0.50
2026-02-14 15:00:00.000 +0000,3.20,68.07,0.00,9.00,25.00,0.60,167.00,,-0.40
2026-02-14 14:00:00.000 +0000,3.20,63.79,0.00,7.70,25.00,1.10,307.00,,0.00
2026-02-14 14:00:00.000 +0000,3.20,63.92,0.00,7.80,25.00,1.10,307.00,,-0.10
2026-02-14 13:00:00.000 +0000,3.10,64.02,0.00,5.70,25.00,1.50,420.00,,0.60
2026-02-14 13:00:00.000 +0000,3.20,63.91,0.00,5.70,25.00,1.50,420.00,,0.70
2026-02-14 12:00:00.000 +0000,2.20,68.70,0.00,7.90,,1.50,418.00,,-1.30
2026-02-14 12:00:00.000 +0000,2.20,68.81,0.00,7.90,,1.50,418.00,,-1.30
2026-02-14 11:00:00.000 +0000,1.10,74.21,0.00,7.80,,1.30,360.00,,-2.60
2026-02-14 11:00:00.000 +0000,1.10,74.15,0.00,7.70,,1.30,360.00,,-2.50
2026-02-14 10:00:00.000 +0000,0.10,79.76,0.00,5.50,,0.90,256.00,,-2.90
2026-02-14 10:00:00.000 +0000,0.10,79.69,0.00,5.50,,0.90,256.00,,-2.90
2026-02-14 09:00:00.000 +0000,-1.00,81.08,0.00,5.60,,0.30,97.00,,-4.30
2026-02-14 09:00:00.000 +0000,-1.00,81.24,0.00,5.60,,0.30,97.00,,-4.30
2026-02-14 08:00:00.000 +0000,-2.20,80.76,0.00,5.60,,0.00,13.00,,-5.70
2026-02-14 08:00:00.000 +0000,-2.30,80.91,0.00,5.50,,0.00,13.00,,-5.70
2026-02-14 07:00:00.000 +0000,-2.20,80.42,0.00,9.60,,0.00,0.00,,-7.10
2026-02-14 07:00:00.000 +0000,-2.10,80.34,0.00,9.70,,0.00,0.00,,-7.20
2026-02-14 06:00:00.000 +0000,-2.00,80.54,0.00,8.60,,0.00,0.00,,-6.70
2026-02-14 06:00:00.000 +0000,-2.00,80.45,0.00,8.70,,0.00,0.00,,-6.70
2026-02-14 05:00:00.000 +0000,-2.10,86.53,0.00,9.60,,0.00,0.00,,-7.10
2026-02-14 05:00:00.000 +0000,-2.10,86.48,0.00,9.70,,0.00,0.00,,-7.10
2026-02-14 04:00:00.000 +0000,-1.90,90.33,0.00,3.10,,0.00,0.00,,-3.70
2026-02-14 04:00:00.000 +0000,-1.90,90.36,0.00,3.10,,0.00,0.00,,-3.70
2026-02-14 03:00:00.000 +0000,-1.70,89.74,0.00,2.90,25.00,0.00,0.00,,
2026-02-14 03:00:00.000 +0000,-1.70,89.79,0.00,2.90,25.00,0.00,0.00,,
2026-02-14 02:00:00.000 +0000,-0.80,88.36,0.00,4.20,88.00,0.00,0.00,,-3.20
2026-02-14 02:00:00.000 +0000,-0.80,88.28,0.00,4.20,88.00,0.00,0.00,,-3.20
2026-02-14 01:00:00.000 +0000,-0.40,86.88,0.00,4.40,,0.00,0.00,,-2.90
2026-02-14 01:00:00.000 +0000,-0.40,86.92,0.00,4.40,,0.00,0.00,,-2.90
2026-02-14 00:00:00.000 +0000,0.90,81.31,0.00,10.80,27.10,0.00,0.00,,-3.70
2026-02-14 00:00:00.000 +0000,0.90,81.47,0.00,10.70,27.40,0.00,0.00,,-3.70
2026-02-13 23:00:00.000 +0000,0.90,86.64,0.00,12.30,28.90,0.00,0.00,,-4.00
2026-02-13 23:00:00.000 +0000,0.90,86.66,0.00,12.30,29.50,0.00,0.00,,-4.00
2026-02-13 22:00:00.000 +0000,1.00,86.35,0.00,12.10,51.90,0.00,0.00,,-3.90
2026-02-13 22:00:00.000 +0000,1.00,86.32,0.00,12.00,52.20,0.00,0.00,,-3.80
2026-02-13 21:00:00.000 +0000,1.00,86.41,0.00,11.00,54.50,0.00,0.00,,-3.60
2026-02-13 21:00:00.000 +0000,1.00,86.39,0.00,10.90,55.30,0.00,0.00,,-3.60
2026-02-13 20:00:00.000 +0000,1.10,86.21,0.00,11.20,53.10,0.00,0.00,,-3.60
2026-02-13 20:00:00.000 +0000,1.10,86.15,0.00,11.20,53.60,0.00,0.00,,-3.60
2026-02-13 19:00:00.000 +0000,1.10,85.77,0.00,12.30,31.00,0.00,0.00,,-3.80
2026-02-13 19:00:00.000 +0000,1.20,85.64,0.00,12.30,32.00,0.00,0.00,,-3.70
2026-02-13 18:00:00.000 +0000,1.20,91.49,0.00,10.30,54.60,0.00,0.00,,-3.30
2026-02-13 18:00:00.000 +0000,1.10,91.71,0.00,10.30,54.00,0.00,0.00,,-3.30
2026-02-13 17:00:00.000 +0000,1.20,85.82,0.00,10.50,55.10,0.20,56.00,,-3.30
2026-02-13 17:00:00.000 +0000,1.10,85.92,0.00,10.40,54.30,0.20,56.00,,-3.30
2026-02-13 16:00:00.000 +0000,2.20,85.41,0.00,12.60,88.00,0.20,59.00,,-2.50
2026-02-13 16:00:00.000 +0000,2.10,85.58,0.00,12.60,88.10,0.20,59.00,,-2.60
2026-02-13 15:00:00.000 +0000,2.20,85.35,0.00,10.60,89.10,0.40,121.00,,-2.00
2026-02-13 15:00:00.000 +0000,2.20,85.53,0.00,10.50,89.00,0.40,121.00,,-2.10
2026-02-13 14:00:00.000 +0000,1.30,96.83,0.00,10.80,88.60,0.50,126.00,,-3.20
2026-02-13 14:00:00.000 +0000,1.40,96.32,0.00,10.80,88.70,0.50,126.00,,-3.10
2026-02-13 13:00:00.000 +0000,0.40,97.84,0.00,11.40,99.30,0.30,82.00,,-4.50
2026-02-13 13:00:00.000 +0000,0.40,97.48,0.00,11.40,99.20,0.30,82.00,,-4.40
2026-02-13 12:00:00.000 +0000,0.30,98.06,0.00,11.60,99.20,0.20,55.00,,-4.60
2026-02-13 12:00:00.000 +0000,0.30,98.34,0.00,11.60,99.30,0.20,55.00,,-4.70
2026-02-13 11:00:00.000 +0000,0.30,98.17,0.00,11.40,99.70,0.30,72.00,,-4.60
2026-02-13 11:00:00.000 +0000,0.30,97.86,0.00,11.40,99.70,0.30,72.00,,-4.50
2026-02-13 10:00:00.000 +0000,0.30,98.00,0.00,9.30,100.00,0.10,32.00,,-4.00
2026-02-13 10:00:00.000 +0000,0.30,97.67,0.00,9.30,100.00,0.10,32.00,,-4.00
2026-02-13 09:00:00.000 +0000,0.30,98.33,0.00,9.40,99.70,0.00,9.00,,-4.00
2026-02-13 09:00:00.000 +0000,0.30,98.57,0.00,9.40,99.70,0.00,9.00,,-4.10
2026-02-13 08:00:00.000 +0000,0.20,98.93,0.00,9.50,99.00,0.00,2.00,,-4.20
2026-02-13 08:00:00.000 +0000,0.20,99.08,0.00,9.40,99.10,0.00,2.00,,-4.20
2026-02-13 07:00:00.000 +0000,1.10,98.54,0.00,8.40,88.70,0.00,0.00,,-2.70
2026-02-13 07:00:00.000 +0000,1.10,98.75,0.00,8.30,88.60,0.00,0.00,,-2.70
2026-02-13 06:00:00.000 +0000,1.10,98.73,0.00,7.50,100.00,0.00,0.00,,-2.50
2026-02-13 06:00:00.000 +0000,1.10,98.92,0.00,7.40,100.00,0.00,0.00,,-2.50
2026-02-13 05:00:00.000 +0000,0.20,98.91,0.00,7.30,100.00,0.00,0.00,,-3.40
2026-02-13 05:00:00.000 +0000,0.30,98.73,0.00,7.30,100.00,0.00,0.00,,-3.40
2026-02-13 04:00:00.000 +0000,2.60,90.08,0.00,9.50,100.00,0.00,0.00,,-1.20
2026-02-13 04:00:00.000 +0000,2.60,90.13,0.00,9.50,100.00,0.00,0.00,,-1.20
2026-02-13 03:00:00.000 +0000,2.60,88.65,0.00,9.50,100.00,0.00,0.00,,-1.20
2026-02-13 03:00:00.000 +0000,2.60,88.66,0.00,9.50,100.00,0.00,0.00,,-1.20
2026-02-13 02:00:00.000 +0000,2.20,91.59,0.00,7.80,94.50,0.00,0.00,,-1.30
2026-02-13 02:00:00.000 +0000,2.20,91.56,0.00,7.80,94.50,0.00,0.00,,-1.30
2026-02-13 01:00:00.000 +0000,2.20,91.59,0.00,6.90,100.00,0.00,0.00,,-1.00
2026-02-13 01:00:00.000 +0000,2.20,91.56,0.00,6.90,100.00,0.00,0.00,,-1.00
2026-02-13 00:00:00.000 +0000,2.20,91.56,0.00,7.80,97.20,0.00,0.00,,-1.30
2026-02-13 00:00:00.000 +0000,2.20,91.59,0.00,7.80,97.30,0.00,0.00,,-1.30
2026-02-12 23:00:00.000 +0000,2.20,91.59,0.00,6.80,96.20,0.00,0.00,,-0.90
2026-02-12 23:00:00.000 +0000,2.20,91.56,0.00,6.80,96.20,0.00,0.00,,-0.90
2026-02-12 22:00:00.000 +0000,1.20,98.08,0.00,6.00,89.50,0.00,0.00,,-1.80
2026-02-12 22:00:00.000 +0000,1.20,98.35,0.00,6.00,89.20,0.00,0.00,,-1.80
2026-02-12 21:00:00.000 +0000,1.20,98.92,0.00,6.00,88.90,0.00,0.00,,-1.80
2026-02-12 21:00:00.000 +0000,1.20,98.74,0.00,6.00,89.00,0.00,0.00,,-1.80
2026-02-12 20:00:00.000 +0000,2.10,92.91,0.00,6.90,88.30,0.00,0.00,,-1.10
2026-02-12 20:00:00.000 +0000,2.10,92.93,0.00,6.90,88.30,0.00,0.00,,-1.10
2026-02-12 19:00:00.000 +0000,2.10,98.94,0.00,5.80,88.80,0.00,0.00,,-0.60
2026-02-12 19:00:00.000 +0000,2.10,99.10,0.00,5.80,88.70,0.00,0.00,,-0.70
2026-02-12 18:00:00.000 +0000,2.10,98.76,0.00,4.90,89.00,0.00,0.00,,-0.20
2026-02-12 18:00:00.000 +0000,2.20,98.55,0.00,4.90,89.10,0.00,0.00,,-0.20
2026-02-12 17:00:00.000 +0000,3.10,92.77,0.00,5.80,89.10,0.00,6.00,,0.60
2026-02-12 17:00:00.000 +0000,3.10,92.83,0.00,5.80,89.00,0.00,6.00,,0.50
2026-02-12 16:00:00.000 +0000,3.20,92.05,0.00,6.10,89.50,0.10,22.00,,0.50
2026-02-12 16:00:00.000 +0000,3.10,92.21,0.00,6.10,89.20,0.10,22.00,,0.50
2026-02-12 15:00:00.000 +0000,3.10,92.06,0.00,6.20,89.20,0.30,76.00,,0.50
2026-02-12 15:00:00.000 +0000,3.20,91.87,0.00,6.30,89.50,0.30,76.00,,0.50
2026-02-12 14:00:00.000 +0000,4.10,86.30,0.00,8.10,89.10,0.40,111.00,,1.00
2026-02-12 14:00:00.000 +0000,4.10,86.37,0.00,8.10,89.00,0.40,111.00,,1.00
2026-02-12 13:00:00.000 +0000,4.10,86.52,0.00,8.30,89.00,0.20,69.00,,0.90
2026-02-12 13:00:00.000 +0000,4.10,86.47,0.00,8.30,89.10,0.20,69.00,,1.00
2026-02-12 12:00:00.000 +0000,3.10,92.52,0.00,10.20,89.00,0.30,85.00,,-0.70
2026-02-12 12:00:00.000 +0000,3.20,92.42,0.00,10.20,89.10,0.30,85.00,,-0.70
2026-02-12 11:00:00.000 +0000,4.10,92.22,0.00,10.30,89.10,0.20,51.00,,0.40
2026-02-12 11:00:00.000 +0000,4.10,92.36,0.00,10.30,89.00,0.20,51.00,,0.40
2026-02-12 10:00:00.000 +0000,3.20,98.37,0.00,11.10,89.10,0.10,37.00,,-0.90
2026-02-12 10:00:00.000 +0000,3.10,98.61,0.00,11.10,89.00,0.10,37.00,,-1.00
2026-02-12 09:00:00.000 +0000,3.10,92.96,0.00,11.20,88.70,0.10,22.00,,-1.00
2026-02-12 09:00:00.000 +0000,3.10,92.99,0.00,11.20,88.60,0.10,22.00,,-1.10
2026-02-12 08:00:00.000 +0000,3.10,98.94,0.00,16.40,99.30,0.00,3.00,,-2.10
2026-02-12 08:00:00.000 +0000,3.10,98.75,0.00,16.30,99.20,0.00,3.00,,-2.00
2026-02-12 07:00:00.000 +0000,3.10,98.95,0.00,16.50,99.50,0.00,0.00,,-2.00
2026-02-12 07:00:00.000 +0000,3.10,99.10,0.00,16.60,99.60,0.00,0.00,,-2.10
2026-02-12 06:00:00.000 +0000,3.20,98.76,0.00,16.80,100.00,0.00,0.00,,-2.00
2026-02-12 06:00:00.000 +0000,3.10,98.94,0.00,16.90,100.00,0.00,0.00,,-2.10
2026-02-12 05:00:00.000 +0000,4.00,99.11,0.00,16.80,100.00,0.00,0.00,,-0.90
2026-02-12 05:00:00.000 +0000,4.10,98.96,0.00,16.80,100.00,0.00,0.00,,-0.90
2026-02-12 04:00:00.000 +0000,5.90,91.80,0.00,13.00,100.00,0.00,0.00,,2.10
2026-02-12 04:00:00.000 +0000,5.90,91.82,0.00,13.00,100.00,0.00,0.00,,2.10
2026-02-12 03:00:00.000 +0000,5.90,98.41,0.00,13.60,100.00,0.00,0.00,,2.00
2026-02-12 03:00:00.000 +0000,5.90,98.44,0.00,13.60,100.00,0.00,0.00,,2.00
2026-02-12 02:00:00.000 +0000,6.40,96.31,0.00,11.90,100.00,0.00,0.00,,3.00
2026-02-12 02:00:00.000 +0000,6.40,96.32,0.00,11.90,100.00,0.00,0.00,,3.00
2026-02-12 01:00:00.000 +0000,6.40,96.32,0.00,11.00,100.00,0.00,0.00,,3.10
2026-02-12 01:00:00.000 +0000,6.40,96.31,0.00,11.00,100.00,0.00,0.00,,3.10
2026-02-12 00:00:00.000 +0000,6.40,96.31,0.00,10.60,100.00,0.00,0.00,,3.20
2026-02-12 00:00:00.000 +0000,6.40,96.32,0.00,10.70,100.00,0.00,0.00,,3.20
2026-02-11 23:00:00.000 +0000,6.40,98.44,0.00,7.70,100.00,0.00,0.00,,3.90
2026-02-11 23:00:00.000 +0000,6.40,98.42,0.00,7.70,100.00,0.00,0.00,,3.90
2026-02-11 22:00:00.000 +0000,5.10,99.84,0.00,5.80,89.20,0.00,0.00,,3.00
2026-02-11 22:00:00.000 +0000,5.20,99.81,0.00,5.80,89.50,0.00,0.00,,3.00
2026-02-11 21:00:00.000 +0000,5.20,99.16,0.00,5.80,56.10,0.00,0.00,,3.10
2026-02-11 21:00:00.000 +0000,5.20,99.28,0.00,5.80,55.20,0.00,0.00,,3.00
2026-02-11 20:00:00.000 +0000,5.20,99.54,0.00,4.80,55.70,0.00,0.00,,3.50
2026-02-11 20:00:00.000 +0000,5.20,99.61,0.00,4.80,54.90,0.00,0.00,,3.40
2026-02-11 19:00:00.000 +0000,6.10,99.55,0.00,3.50,55.70,0.00,0.00,,5.10
2026-02-11 19:00:00.000 +0000,6.10,99.61,0.00,3.50,54.90,0.00,0.00,,5.10
2026-02-11 18:00:00.000 +0000,6.10,99.81,0.00,2.40,88.50,0.00,0.00,,
2026-02-11 18:00:00.000 +0000,6.10,99.84,0.00,2.40,88.40,0.00,0.00,,
2026-02-11 17:00:00.000 +0000,6.10,99.84,0.00,4.50,87.70,0.00,13.00,,4.70
2026-02-11 17:00:00.000 +0000,6.10,99.81,0.00,4.40,87.60,0.00,13.00,,4.70
2026-02-11 16:00:00.000 +0000,6.20,99.29,0.00,3.40,98.80,0.10,40.00,,5.30
2026-02-11 16:00:00.000 +0000,6.20,99.17,0.00,3.40,98.60,0.10,40.00,,5.30
2026-02-11 15:00:00.000 +0000,6.20,99.61,0.00,3.40,99.70,0.30,81.00,,5.30
2026-02-11 15:00:00.000 +0000,6.20,99.55,0.00,3.40,99.70,0.30,81.00,,5.30
2026-02-11 14:00:00.000 +0000,6.20,99.51,0.00,3.40,99.70,0.30,74.00,,5.20
2026-02-11 14:00:00.000 +0000,6.20,99.43,0.00,3.40,99.70,0.30,74.00,,5.30
2026-02-11 13:00:00.000 +0000,6.20,99.61,0.00,3.60,100.00,0.20,65.00,,5.20
2026-02-11 13:00:00.000 +0000,6.10,99.67,0.00,3.50,100.00,0.20,65.00,,5.10
2026-02-11 12:00:00.000 +0000,6.20,99.35,0.00,4.80,100.00,0.20,56.00,,4.60
2026-02-11 12:00:00.000 +0000,6.10,99.45,0.00,4.80,100.00,0.20,56.00,,4.50
2026-02-11 11:00:00.000 +0000,6.10,99.17,0.00,5.60,100.00,0.20,50.00,,4.20
2026-02-11 11:00:00.000 +0000,6.10,99.29,0.00,5.60,100.00,0.20,50.00,,4.20
2026-02-11 10:00:00.000 +0000,6.10,99.43,0.00,5.00,100.00,0.10,21.00,,4.40
2026-02-11 10:00:00.000 +0000,6.10,99.51,0.00,4.90,100.00,0.10,21.00,,4.40
2026-02-11 09:00:00.000 +0000,5.20,99.42,0.00,6.00,100.00,0.00,7.00,,3.00
2026-02-11 09:00:00.000 +0000,5.10,99.51,0.00,6.00,100.00,0.00,7.00,,2.90
2026-02-11 08:00:00.000 +0000,5.10,99.28,0.00,8.10,100.00,0.00,0.00,,2.30
2026-02-11 08:00:00.000 +0000,5.20,99.16,0.00,8.10,100.00,0.00,0.00,,2.30
2026-02-11 07:00:00.000 +0000,5.10,99.28,0.00,6.00,100.00,0.00,0.00,,2.90
2026-02-11 07:00:00.000 +0000,5.20,99.16,0.00,6.00,100.00,0.00,0.00,,2.90
2026-02-11 06:00:00.000 +0000,5.10,99.28,0.00,5.80,99.70,0.00,0.00,,3.00
2026-02-11 06:00:00.000 +0000,5.20,99.16,0.00,5.80,99.70,0.00,0.00,,3.00
2026-02-11 05:00:00.000 +0000,5.10,99.61,0.00,6.60,99.70,0.00,0.00,,2.60
2026-02-11 05:00:00.000 +0000,5.10,99.54,0.00,6.60,99.70,0.00,0.00,,2.70
2026-02-11 04:00:00.000 +0000,6.20,93.31,0.00,3.10,100.00,0.00,0.00,,5.40
2026-02-11 04:00:00.000 +0000,6.20,93.31,0.00,3.10,100.00,0.00,0.00,,5.40
2026-02-11 03:00:00.000 +0000,6.20,93.31,0.00,5.50,97.30,0.00,0.00,,4.30
2026-02-11 03:00:00.000 +0000,6.20,93.31,0.00,5.50,97.20,0.00,0.00,,4.30
2026-02-11 02:00:00.000 +0000,6.20,93.31,0.00,4.30,100.00,0.00,0.00,,4.80
2026-02-11 02:00:00.000 +0000,6.20,93.31,0.00,4.30,100.00,0.00,0.00,,4.80
2026-02-11 01:00:00.000 +0000,6.20,93.31,0.00,6.30,100.00,0.00,0.00,,4.00
2026-02-11 01:00:00.000 +0000,6.20,93.31,0.00,6.30,100.00,0.00,0.00,,4.10
2026-02-11 00:00:00.000 +0000,6.40,94.82,0.00,7.50,100.00,0.00,0.00,,4.00
2026-02-11 00:00:00.000 +0000,6.40,94.78,0.00,7.40,100.00,0.00,0.00,,4.00
2026-02-10 23:00:00.000 +0000,6.20,96.30,0.00,8.10,100.00,0.00,0.00,,3.50
2026-02-10 23:00:00.000 +0000,6.20,96.31,0.00,8.20,100.00,0.00,0.00,,3.50
2026-02-10 22:00:00.000 +0000,6.20,96.31,0.00,8.60,100.00,0.00,0.00,,3.40
2026-02-10 22:00:00.000 +0000,6.20,96.30,0.00,8.60,100.00,0.00,0.00,,3.40
2026-02-10 21:00:00.000 +0000,6.40,94.82,0.00,9.50,97.30,0.00,0.00,,3.50
2026-02-10 21:00:00.000 +0000,6.40,94.78,0.00,9.50,97.20,0.00,0.00,,3.50
2026-02-10 20:00:00.000 +0000,5.10,99.45,0.00,9.10,100.00,0.00,0.00,,1.90
2026-02-10 20:00:00.000 +0000,5.10,99.35,0.00,9.10,100.00,0.00,0.00,,2.00
2026-02-10 19:00:00.000 +0000,5.10,99.45,0.00,9.40,100.00,0.00,0.00,,1.90
2026-02-10 19:00:00.000 +0000,5.10,99.35,0.00,9.40,100.00,0.00,0.00,,1.90
2026-02-10 18:00:00.000 +0000,5.10,98.77,0.00,10.40,99.70,0.00,0.00,,1.70
2026-02-10 18:00:00.000 +0000,5.10,98.96,0.00,10.40,99.70,0.00,0.00,,1.60
2026-02-10 17:00:00.000 +0000,5.10,98.96,0.00,10.20,100.00,0.00,0.00,,1.70
2026-02-10 17:00:00.000 +0000,5.10,98.77,0.00,10.20,100.00,0.00,0.00,,1.70
2026-02-10 16:00:00.000 +0000,5.10,99.15,0.00,10.10,100.00,0.00,10.00,,1.70
2026-02-10 16:00:00.000 +0000,5.10,99.28,0.00,10.10,100.00,0.00,10.00,,1.70
2026-02-10 15:00:00.000 +0000,6.10,98.71,0.00,9.10,100.00,0.10,26.00,,3.10
2026-02-10 15:00:00.000 +0000,6.10,98.90,0.00,9.10,100.00,0.10,26.00,,3.10
2026-02-10 14:00:00.000 +0000,5.20,98.57,0.00,9.30,100.00,0.10,20.00,,2.00
2026-02-10 14:00:00.000 +0000,5.20,98.32,0.00,9.30,100.00,0.10,20.00,,2.10
2026-02-10 13:00:00.000 +0000,5.20,98.57,0.00,10.30,99.70,0.10,29.00,,1.80
2026-02-10 13:00:00.000 +0000,5.20,98.32,0.00,10.30,99.70,0.10,29.00,,1.80
2026-02-10 12:00:00.000 +0000,5.20,98.70,0.00,11.20,100.00,0.10,33.00,,1.60
2026-02-10 12:00:00.000 +0000,5.20,98.89,0.00,11.30,100.00,0.10,33.00,,1.50
2026-02-10 11:00:00.000 +0000,6.00,98.80,0.00,11.50,100.00,0.10,32.00,,2.50
2026-02-10 11:00:00.000 +0000,6.00,98.59,0.00,11.50,100.00,0.10,32.00,,2.60
2026-02-10 10:00:00.000 +0000,5.10,99.28,0.00,10.40,99.70,0.10,14.00,,1.60
2026-02-10 10:00:00.000 +0000,5.10,99.15,0.00,10.40,99.70,0.10,14.00,,1.70
2026-02-10 09:00:00.000 +0000,5.10,99.35,0.00,12.40,99.70,0.00,6.00,,1.20
2026-02-10 09:00:00.000 +0000,5.10,99.45,0.00,12.50,99.70,0.00,6.00,,1.20
2026-02-10 08:00:00.000 +0000,5.10,99.35,0.00,11.30,99.70,0.00,0.00,,1.40
2026-02-10 08:00:00.000 +0000,5.10,99.45,0.00,11.30,99.70,0.00,0.00,,1.40
2026-02-10 07:00:00.000 +0000,5.10,99.12,0.00,10.30,99.70,0.00,0.00,,1.60
2026-02-10 07:00:00.000 +0000,5.10,98.97,0.00,10.30,99.70,0.00,0.00,,1.70
2026-02-10 06:00:00.000 +0000,5.10,99.12,0.00,9.20,100.00,0.00,0.00,,1.90
2026-02-10 06:00:00.000 +0000,5.10,98.97,0.00,9.20,100.00,0.00,0.00,,1.90
2026-02-10 05:00:00.000 +0000,5.10,92.73,0.00,8.00,100.00,0.00,0.00,,2.20
2026-02-10 05:00:00.000 +0000,5.10,92.64,0.00,8.00,100.00,0.00,0.00,,2.20
2026-02-10 04:00:00.000 +0000,6.20,90.34,0.00,8.00,100.00,0.00,0.00,,3.60
2026-02-10 04:00:00.000 +0000,6.20,90.40,0.00,8.00,100.00,0.00,0.00,,3.60
2026-02-10 03:00:00.000 +0000,6.20,90.34,0.00,9.10,100.00,0.00,0.00,,3.30
2026-02-10 03:00:00.000 +0000,6.20,90.40,0.00,9.10,100.00,0.00,0.00,,3.30
2026-02-10 02:00:00.000 +0000,6.20,90.40,0.00,10.90,100.00,0.00,0.00,,2.90
2026-02-10 02:00:00.000 +0000,6.20,90.34,0.00,10.90,100.00,0.00,0.00,,2.90
2026-02-10 01:00:00.000 +0000,6.20,90.40,0.00,10.70,100.00,0.00,0.00,,2.90
2026-02-10 01:00:00.000 +0000,6.20,90.34,0.00,10.70,100.00,0.00,0.00,,2.90
2026-02-10 00:00:00.000 +0000,6.20,90.34,0.00,11.00,100.00,0.00,0.00,,2.80
2026-02-10 00:00:00.000 +0000,6.20,90.40,0.00,11.10,100.00,0.00,0.00,,2.80
2026-02-09 23:00:00.000 +0000,7.00,85.70,0.00,11.10,100.00,0.00,0.00,,3.80
2026-02-09 23:00:00.000 +0000,7.00,85.72,0.00,11.20,100.00,0.00,0.00,,3.80
2026-02-09 22:00:00.000 +0000,6.10,93.00,0.00,9.20,89.00,0.00,0.00,,3.10
2026-02-09 22:00:00.000 +0000,6.10,92.94,0.00,9.20,89.10,0.00,0.00,,3.10
2026-02-09 21:00:00.000 +0000,6.10,92.52,0.00,11.00,96.20,0.00,0.00,,2.70
2026-02-09 21:00:00.000 +0000,6.10,92.63,0.00,11.10,96.70,0.00,0.00,,2.70
2026-02-09 20:00:00.000 +0000,7.00,92.90,0.00,11.30,85.00,0.00,0.00,,3.80
2026-02-09 20:00:00.000 +0000,7.00,92.81,0.00,11.30,84.50,0.00,0.00,,3.80
2026-02-09 19:00:00.000 +0000,7.10,92.57,0.00,8.30,88.80,0.00,0.00,,4.60
2026-02-09 19:00:00.000 +0000,7.10,92.69,0.00,8.20,88.70,0.00,0.00,,4.60
2026-02-09 18:00:00.000 +0000,7.10,92.90,0.00,10.20,89.00,0.00,0.00,,4.10
2026-02-09 18:00:00.000 +0000,7.10,92.82,0.00,10.20,89.10,0.00,0.00,,4.20
2026-02-09 17:00:00.000 +0000,7.10,92.90,0.00,8.80,88.90,0.00,9.00,,4.40
2026-02-09 17:00:00.000 +0000,7.10,92.82,0.00,8.80,89.00,0.00,9.00,,4.50
2026-02-09 16:00:00.000 +0000,7.20,92.47,0.00,6.70,88.70,0.10,32.00,,5.10
2026-02-09 16:00:00.000 +0000,7.10,92.60,0.00,6.70,88.60,0.10,32.00,,5.10
2026-02-09 15:00:00.000 +0000,7.10,92.24,0.00,6.00,88.60,0.10,40.00,,5.30
2026-02-09 15:00:00.000 +0000,7.20,92.05,0.00,6.10,88.70,0.10,40.00,,5.30
2026-02-09 14:00:00.000 +0000,7.10,98.81,0.00,8.20,88.10,0.30,74.00,,4.60
2026-02-09 14:00:00.000 +0000,7.10,98.60,0.00,8.20,88.00,0.30,74.00,,4.60
2026-02-09 13:00:00.000 +0000,7.10,98.97,0.00,7.10,88.60,0.20,50.00,,4.90
2026-02-09 13:00:00.000 +0000,7.10,98.79,0.00,7.20,88.70,0.20,50.00,,4.90
2026-02-09 12:00:00.000 +0000,7.10,93.05,0.00,9.20,88.60,0.20,45.00,,4.30
2026-02-09 12:00:00.000 +0000,7.10,93.00,0.00,9.20,88.70,0.20,45.00,,4.40
2026-02-09 11:00:00.000 +0000,6.20,98.96,0.00,9.20,89.00,0.20,44.00,,3.20
2026-02-09 11:00:00.000 +0000,6.20,98.79,0.00,9.20,89.10,0.20,44.00,,3.30
2026-02-09 10:00:00.000 +0000,6.10,99.19,0.00,9.20,98.20,0.20,45.00,,3.20
2026-02-09 10:00:00.000 +0000,6.20,99.04,0.00,9.20,97.90,0.20,45.00,,3.20
2026-02-09 09:00:00.000 +0000,7.00,93.35,0.00,8.20,98.20,0.10,18.00,,4.50
2026-02-09 09:00:00.000 +0000,7.00,93.34,0.00,8.20,97.90,0.10,18.00,,4.50
2026-02-09 08:00:00.000 +0000,6.10,99.35,0.00,9.20,97.90,0.00,1.00,,3.10
2026-02-09 08:00:00.000 +0000,6.10,99.45,0.00,9.20,98.20,0.00,1.00,,3.10
2026-02-09 07:00:00.000 +0000,6.10,99.16,0.00,9.20,98.60,0.00,0.00,,3.20
2026-02-09 07:00:00.000 +0000,6.10,99.29,0.00,9.20,98.80,0.00,0.00,,3.10
2026-02-09 06:00:00.000 +0000,6.10,98.78,0.00,8.20,100.00,0.00,0.00,,3.40
2026-02-09 06:00:00.000 +0000,6.10,98.96,0.00,8.20,100.00,0.00,0.00,,3.40
2026-02-09 05:00:00.000 +0000,7.20,90.47,0.00,9.10,100.00,0.00,0.00,,4.50
2026-02-09 05:00:00.000 +0000,7.20,90.42,0.00,9.10,100.00,0.00,0.00,,4.50
2026-02-09 04:00:00.000 +0000,7.20,90.47,0.00,10.90,96.20,0.00,0.00,,4.10
2026-02-09 04:00:00.000 +0000,7.20,90.42,0.00,10.90,96.20,0.00,0.00,,4.10
2026-02-09 03:00:00.000 +0000,7.00,91.89,0.00,8.70,76.30,0.00,0.00,,4.30
2026-02-09 03:00:00.000 +0000,7.00,91.86,0.00,8.70,76.50,0.00,0.00,,4.30
2026-02-09 02:00:00.000 +0000,7.00,94.80,0.00,10.00,100.00,0.00,0.00,,4.00
2026-02-09 02:00:00.000 +0000,7.00,94.84,0.00,10.00,100.00,0.00,0.00,,4.00
2026-02-09 01:00:00.000 +0000,7.40,93.94,0.00,8.30,100.00,0.00,0.00,,5.00
2026-02-09 01:00:00.000 +0000,7.40,93.90,0.00,8.20,100.00,0.00,0.00,,5.00
2026-02-09 00:00:00.000 +0000,7.20,95.34,0.00,7.30,94.50,0.00,0.00,,4.90
2026-02-09 00:00:00.000 +0000,7.20,95.42,0.00,7.30,94.50,0.00,0.00,,4.90
2026-02-08 23:00:00.000 +0000,6.10,99.35,0.00,9.90,99.70,0.00,0.00,,3.00
2026-02-08 23:00:00.000 +0000,6.10,99.45,0.00,10.00,99.70,0.00,0.00,,3.00
2026-02-08 22:00:00.000 +0000,7.00,93.05,0.00,8.10,99.60,0.00,0.00,,4.60
2026-02-08 22:00:00.000 +0000,7.00,92.99,0.00,8.10,99.50,0.00,0.00,,4.60
2026-02-08 21:00:00.000 +0000,7.00,98.79,0.00,7.30,89.10,0.00,0.00,,4.80
2026-02-08 21:00:00.000 +0000,7.00,98.97,0.00,7.20,89.00,0.00,0.00,,4.80
2026-02-08 20:00:00.000 +0000,7.00,99.13,0.00,8.00,87.30,0.00,0.00,,4.60
2026-02-08 20:00:00.000 +0000,7.00,98.98,0.00,8.00,87.20,0.00,0.00,,4.60
2026-02-08 19:00:00.000 +0000,7.10,99.13,0.00,7.10,87.70,0.00,0.00,,4.90
2026-02-08 19:00:00.000 +0000,7.10,98.98,0.00,7.10,87.60,0.00,0.00,,4.90
2026-02-08 18:00:00.000 +0000,7.10,92.76,0.00,7.90,54.10,0.00,0.00,,4.70
2026-02-08 18:00:00.000 +0000,7.10,92.84,0.00,8.00,53.50,0.00,0.00,,4.70
2026-02-08 17:00:00.000 +0000,7.10,98.35,0.00,10.00,84.80,0.00,10.00,,4.20
2026-02-08 17:00:00.000 +0000,7.10,98.59,0.00,10.10,85.30,0.00,10.00,,4.20
2026-02-08 16:00:00.000 +0000,8.10,92.45,0.00,7.20,53.00,0.20,58.00,,6.10
2026-02-08 16:00:00.000 +0000,8.10,92.28,0.00,7.30,53.50,0.20,58.00,,6.10
2026-02-08 15:00:00.000 +0000,8.10,92.28,0.00,8.30,88.70,0.20,58.00,,5.80
2026-02-08 15:00:00.000 +0000,8.10,92.45,0.00,8.30,88.60,0.20,58.00,,5.80
2026-02-08 14:00:00.000 +0000,8.20,92.45,0.00,8.20,89.00,0.20,65.00,,5.90
2026-02-08 14:00:00.000 +0000,8.20,92.29,0.00,8.30,89.10,0.20,65.00,,5.90
2026-02-08 13:00:00.000 +0000,8.10,92.39,0.00,10.20,53.00,0.70,181.00,,5.50
2026-02-08 13:00:00.000 +0000,8.20,92.22,0.00,10.10,53.50,0.70,181.00,,5.50
2026-02-08 12:00:00.000 +0000,8.10,92.90,0.00,7.30,48.20,0.40,107.00,,6.10
2026-02-08 12:00:00.000 +0000,8.10,92.81,0.00,7.40,47.90,0.40,107.00,,6.10
2026-02-08 11:00:00.000 +0000,7.20,98.98,0.00,6.20,53.90,0.70,190.00,,5.30
2026-02-08 11:00:00.000 +0000,7.10,99.13,0.00,6.10,53.40,0.70,190.00,,5.20
2026-02-08 10:00:00.000 +0000,7.10,93.53,0.00,6.30,54.60,0.40,114.00,,5.20
2026-02-08 10:00:00.000 +0000,7.10,93.51,0.00,6.20,54.00,0.40,114.00,,5.10
2026-02-08 09:00:00.000 +0000,6.10,99.35,0.00,6.00,53.60,0.20,45.00,,4.10
2026-02-08 09:00:00.000 +0000,6.20,99.24,0.00,6.10,54.20,0.20,45.00,,4.10
2026-02-08 08:00:00.000 +0000,7.00,93.53,0.00,6.20,55.30,0.00,5.00,,5.10
2026-02-08 08:00:00.000 +0000,7.00,93.50,0.00,6.10,54.50,0.00,5.00,,5.10
2026-02-08 07:00:00.000 +0000,6.20,93.16,0.00,7.10,54.90,0.00,0.00,,3.80
2026-02-08 07:00:00.000 +0000,6.20,93.13,0.00,7.20,55.70,0.00,0.00,,3.80
2026-02-08 06:00:00.000 +0000,6.20,93.16,0.00,6.20,32.80,0.00,0.00,,4.10
2026-02-08 06:00:00.000 +0000,6.20,93.13,0.00,6.30,34.10,0.00,0.00,,4.10
2026-02-08 05:00:00.000 +0000,7.10,93.20,0.00,6.20,54.80,0.00,0.00,,5.10
2026-02-08 05:00:00.000 +0000,7.10,93.18,0.00,6.30,55.60,0.00,0.00,,5.10
2026-02-08 04:00:00.000 +0000,8.00,91.93,0.00,9.00,100.00,0.00,0.00,,5.50
2026-02-08 04:00:00.000 +0000,8.00,91.95,0.00,9.10,100.00,0.00,0.00,,5.50
2026-02-08 03:00:00.000 +0000,8.40,93.99,0.00,11.00,91.80,0.00,0.00,,5.60
2026-02-08 03:00:00.000 +0000,8.40,93.95,0.00,11.00,91.80,0.00,0.00,,5.60
2026-02-08 02:00:00.000 +0000,8.40,93.95,0.00,11.70,100.00,0.00,0.00,,5.50
2026-02-08 02:00:00.000 +0000,8.40,93.99,0.00,11.80,100.00,0.00,0.00,,5.50
2026-02-08 01:00:00.000 +0000,8.70,92.00,0.00,13.20,94.50,0.00,0.00,,5.70
2026-02-08 01:00:00.000 +0000,8.70,91.97,0.00,13.20,94.50,0.00,0.00,,5.70
2026-02-08 00:00:00.000 +0000,8.70,93.44,0.00,14.00,100.00,0.00,0.00,,5.50
2026-02-08 00:00:00.000 +0000,8.70,93.44,0.00,14.10,100.00,0.00,0.00,,5.50
2026-02-07 23:00:00.000 +0000,9.00,92.02,0.00,14.40,100.00,0.00,0.00,,5.80
2026-02-07 23:00:00.000 +0000,9.00,91.99,0.00,14.40,100.00,0.00,0.00,,5.80
2026-02-07 22:00:00.000 +0000,8.00,99.46,0.00,13.80,100.00,0.00,0.00,,4.70
2026-02-07 22:00:00.000 +0000,8.00,99.36,0.00,13.80,100.00,0.00,0.00,,4.70
2026-02-07 21:00:00.000 +0000,8.00,99.46,0.00,13.70,99.70,0.00,0.00,,4.60
2026-02-07 21:00:00.000 +0000,8.00,99.36,0.00,13.60,99.70,0.00,0.00,,4.60
2026-02-07 20:00:00.000 +0000,7.10,98.98,0.00,12.60,99.70,0.00,0.00,,3.70
2026-02-07 20:00:00.000 +0000,7.10,99.13,0.00,12.60,99.70,0.00,0.00,,3.70
2026-02-07 19:00:00.000 +0000,7.10,99.13,0.00,13.50,100.00,0.00,0.00,,3.50
2026-02-07 19:00:00.000 +0000,7.10,98.98,0.00,13.40,100.00,0.00,0.00,,3.60
2026-02-07 18:00:00.000 +0000,7.10,99.13,0.00,11.30,99.70,0.00,0.00,,3.90
2026-02-07 18:00:00.000 +0000,7.10,98.98,0.00,11.30,99.70,0.00,0.00,,3.90
2026-02-07 17:00:00.000 +0000,8.00,98.99,0.00,11.20,99.70,0.00,2.00,,5.10
2026-02-07 17:00:00.000 +0000,8.00,99.14,0.00,11.30,99.70,0.00,2.00,,5.00
2026-02-07 16:00:00.000 +0000,7.10,98.98,0.00,11.20,99.70,0.10,19.00,,4.00
2026-02-07 16:00:00.000 +0000,7.10,99.13,0.00,11.20,99.70,0.10,19.00,,3.90
2026-02-07 15:00:00.000 +0000,7.10,98.98,0.00,11.20,99.70,0.10,19.00,,4.00
2026-02-07 15:00:00.000 +0000,7.10,99.13,0.00,11.20,99.70,0.10,19.00,,3.90
2026-02-07 14:00:00.000 +0000,7.10,99.13,0.00,10.20,99.70,0.20,42.00,,4.10
2026-02-07 14:00:00.000 +0000,7.10,98.98,0.00,10.20,99.70,0.20,42.00,,4.20
2026-02-07 13:00:00.000 +0000,6.20,98.78,0.00,10.20,99.70,0.10,41.00,,3.00
2026-02-07 13:00:00.000 +0000,6.10,98.96,0.00,10.20,99.70,0.10,41.00,,3.00
2026-02-07 12:00:00.000 +0000,6.10,98.98,0.00,10.10,99.70,0.20,45.00,,2.90
2026-02-07 12:00:00.000 +0000,6.10,99.13,0.00,10.10,99.70,0.20,45.00,,2.90
2026-02-07 11:00:00.000 +0000,6.10,99.61,0.00,9.10,99.00,0.20,60.00,,3.10
2026-02-07 11:00:00.000 +0000,6.00,99.67,0.00,9.10,99.10,0.20,60.00,,3.10
2026-02-07 10:00:00.000 +0000,6.00,99.51,0.00,7.00,99.70,0.20,60.00,,3.60
2026-02-07 10:00:00.000 +0000,6.00,99.42,0.00,7.00,99.70,0.20,60.00,,3.60
2026-02-07 09:00:00.000 +0000,5.00,99.67,0.00,6.00,99.70,0.10,14.00,,2.80
2026-02-07 09:00:00.000 +0000,5.10,99.61,0.00,6.00,99.70,0.10,14.00,,2.80
2026-02-07 08:00:00.000 +0000,4.10,99.61,0.00,5.60,99.70,0.00,2.00,,1.90
2026-02-07 08:00:00.000 +0000,4.10,99.67,0.00,5.60,99.70,0.00,2.00,,1.80
2026-02-07 07:00:00.000 +0000,4.10,99.83,0.00,5.60,99.70,0.00,0.00,,1.80
2026-02-07 07:00:00.000 +0000,4.10,99.80,0.00,5.60,99.70,0.00,0.00,,1.80
2026-02-07 06:00:00.000 +0000,4.10,99.67,0.00,3.50,99.70,0.00,0.00,,2.80
2026-02-07 06:00:00.000 +0000,4.10,99.61,0.00,3.50,99.70,0.00,0.00,,2.80
2026-02-07 05:00:00.000 +0000,4.00,99.83,0.00,3.10,98.80,0.00,0.00,,3.00
2026-02-07 05:00:00.000 +0000,4.00,99.80,0.00,3.10,98.60,0.00,0.00,,3.00
2026-02-07 04:00:00.000 +0000,4.70,98.42,0.00,2.30,88.60,0.00,0.00,,
2026-02-07 04:00:00.000 +0000,4.70,98.39,0.00,2.30,88.40,0.00,0.00,,
2026-02-07 03:00:00.000 +0000,5.20,98.43,0.00,3.10,100.00,0.00,0.00,,4.30
2026-02-07 03:00:00.000 +0000,5.20,98.40,0.00,3.10,100.00,0.00,0.00,,4.30
2026-02-07 02:00:00.000 +0000,5.00,98.43,0.00,4.10,97.30,0.00,0.00,,3.50
2026-02-07 02:00:00.000 +0000,5.00,98.40,0.00,4.10,97.20,0.00,0.00,,3.50
2026-02-07 01:00:00.000 +0000,5.00,96.27,0.00,3.60,97.20,0.00,0.00,,3.80
2026-02-07 01:00:00.000 +0000,5.00,96.28,0.00,3.60,97.30,0.00,0.00,,3.80
2026-02-07 00:00:00.000 +0000,5.00,93.25,0.00,3.10,100.00,0.00,0.00,,4.00
2026-02-07 00:00:00.000 +0000,5.00,93.25,0.00,3.20,100.00,0.00,0.00,,4.00
2026-02-06 23:00:00.000 +0000,5.00,91.74,0.00,5.00,97.20,0.00,0.00,,3.10
2026-02-06 23:00:00.000 +0000,5.00,91.77,0.00,5.00,97.30,0.00,0.00,,3.10
2026-02-06 22:00:00.000 +0000,4.10,99.11,0.00,4.80,99.70,0.00,0.00,,2.10
2026-02-06 22:00:00.000 +0000,4.10,98.96,0.00,4.90,99.70,0.00,0.00,,2.10
2026-02-06 21:00:00.000 +0000,3.20,98.95,0.00,5.90,100.00,0.00,0.00,,0.60
2026-02-06 21:00:00.000 +0000,3.20,99.10,0.00,5.90,100.00,0.00,0.00,,0.60
2026-02-06 20:00:00.000 +0000,3.20,98.95,0.00,6.10,89.50,0.00,0.00,,0.60
2026-02-06 20:00:00.000 +0000,3.20,99.10,0.00,6.00,89.20,0.00,0.00,,0.50
2026-02-06 19:00:00.000 +0000,3.20,98.95,0.00,7.00,89.50,0.00,0.00,,0.20
2026-02-06 19:00:00.000 +0000,3.20,99.10,0.00,7.00,89.20,0.00,0.00,,0.20
2026-02-06 18:00:00.000 +0000,3.20,98.95,0.00,8.00,89.50,0.00,0.00,,-0.10
2026-02-06 18:00:00.000 +0000,3.20,99.10,0.00,8.00,89.20,0.00,0.00,,-0.10
2026-02-06 17:00:00.000 +0000,4.10,98.95,0.00,9.00,89.00,0.00,1.00,,0.70
2026-02-06 17:00:00.000 +0000,4.10,98.76,0.00,9.00,89.10,0.00,1.00,,0.70
2026-02-06 16:00:00.000 +0000,3.20,98.94,0.00,9.40,99.70,0.00,11.00,,-0.50
2026-02-06 16:00:00.000 +0000,3.20,98.76,0.00,9.50,99.70,0.00,11.00,,-0.50
2026-02-06 15:00:00.000 +0000,4.10,98.50,0.00,9.50,99.70,0.10,20.00,,0.60
2026-02-06 15:00:00.000 +0000,4.10,98.72,0.00,9.50,99.70,0.10,20.00,,0.60
2026-02-06 14:00:00.000 +0000,4.20,98.72,0.00,9.20,99.70,0.10,20.00,,0.80
2026-02-06 14:00:00.000 +0000,4.20,98.50,0.00,9.20,99.70,0.10,20.00,,0.80
2026-02-06 13:00:00.000 +0000,4.20,98.12,0.00,9.40,99.70,0.10,28.00,,0.70
2026-02-06 13:00:00.000 +0000,4.20,98.39,0.00,9.40,99.70,0.10,28.00,,0.70
2026-02-06 12:00:00.000 +0000,3.30,98.37,0.00,9.40,98.60,0.10,36.00,,-0.40
2026-02-06 12:00:00.000 +0000,3.20,98.61,0.00,9.40,98.80,0.10,36.00,,-0.40
2026-02-06 11:00:00.000 +0000,3.20,98.77,0.00,9.40,98.80,0.10,23.00,,-0.50
2026-02-06 11:00:00.000 +0000,3.20,98.56,0.00,9.40,98.60,0.10,23.00,,-0.50
2026-02-06 10:00:00.000 +0000,3.20,98.71,0.00,9.50,99.70,0.10,17.00,,-0.50
2026-02-06 10:00:00.000 +0000,3.20,98.49,0.00,9.50,99.70,0.10,17.00,,-0.50
2026-02-06 09:00:00.000 +0000,3.10,98.94,0.00,9.20,99.70,0.00,10.00,,-0.50
2026-02-06 09:00:00.000 +0000,3.20,98.75,0.00,9.30,99.70,0.00,10.00,,-0.50
2026-02-06 08:00:00.000 +0000,3.10,92.83,0.00,8.10,99.70,0.00,0.00,,-0.30
2026-02-06 08:00:00.000 +0000,3.10,92.77,0.00,8.20,99.70,0.00,0.00,,-0.20
2026-02-06 07:00:00.000 +0000,2.20,98.75,0.00,8.10,99.70,0.00,0.00,,-1.30
2026-02-06 07:00:00.000 +0000,2.20,98.93,0.00,8.10,99.70,0.00,0.00,,-1.40
2026-02-06 06:00:00.000 +0000,2.20,98.70,0.00,8.20,89.20,0.00,0.00,,-1.40
2026-02-06 06:00:00.000 +0000,2.20,98.48,0.00,8.20,89.50,0.00,0.00,,-1.40
2026-02-06 05:00:00.000 +0000,2.20,98.09,0.00,8.20,99.70,0.00,0.00,,-1.40
2026-02-06 05:00:00.000 +0000,2.20,98.37,0.00,8.10,99.70,0.00,0.00,,-1.40
2026-02-06 04:00:00.000 +0000,4.00,85.37,0.00,8.70,100.00,0.00,0.00,,0.60
2026-02-06 04:00:00.000 +0000,4.00,85.40,0.00,8.70,100.00,0.00,0.00,,0.60
2026-02-06 03:00:00.000 +0000,4.00,85.40,0.00,11.50,100.00,0.00,0.00,,0.00
2026-02-06 03:00:00.000 +0000,4.00,85.37,0.00,11.50,100.00,0.00,0.00,,-0.10
2026-02-06 02:00:00.000 +0000,3.70,85.37,0.00,13.10,97.30,0.00,0.00,,-0.70
2026-02-06 02:00:00.000 +0000,3.70,85.35,0.00,13.10,97.20,0.00,0.00,,-0.70
2026-02-06 01:00:00.000 +0000,4.00,83.97,0.00,13.50,100.00,0.00,0.00,,-0.50
2026-02-06 01:00:00.000 +0000,4.00,84.02,0.00,13.60,100.00,0.00,0.00,,-0.50
2026-02-06 00:00:00.000 +0000,4.00,85.40,0.00,13.50,100.00,0.00,0.00,,-0.40
2026-02-06 00:00:00.000 +0000,4.00,85.37,0.00,13.50,100.00,0.00,0.00,,-0.40
2026-02-05 23:00:00.000 +0000,2.20,98.37,0.00,12.70,89.20,0.00,0.00,,-2.60
2026-02-05 23:00:00.000 +0000,2.20,98.09,0.00,12.70,89.50,0.00,0.00,,-2.50
2026-02-05 22:00:00.000 +0000,1.30,98.19,0.00,12.80,89.20,0.00,0.00,,-3.70
2026-02-05 22:00:00.000 +0000,1.30,97.88,0.00,12.80,89.50,0.00,0.00,,-3.60
2026-02-05 21:00:00.000 +0000,1.20,98.69,0.00,13.90,89.00,0.00,0.00,,-4.00
2026-02-05 21:00:00.000 +0000,1.20,98.47,0.00,13.90,89.10,0.00,0.00,,-4.00
2026-02-05 20:00:00.000 +0000,1.20,98.47,0.00,14.20,100.00,0.00,0.00,,-4.00
2026-02-05 20:00:00.000 +0000,1.20,98.69,0.00,14.10,100.00,0.00,0.00,,-4.10
2026-02-05 19:00:00.000 +0000,1.30,98.27,0.00,15.30,98.60,0.00,0.00,,-4.20
2026-02-05 19:00:00.000 +0000,1.20,98.52,0.00,15.20,98.80,0.00,0.00,,-4.30
2026-02-05 18:00:00.000 +0000,1.30,98.27,0.00,16.00,97.90,0.00,0.00,,-4.40
2026-02-05 18:00:00.000 +0000,1.20,98.52,0.00,16.00,98.20,0.00,0.00,,-4.40
2026-02-05 17:00:00.000 +0000,1.20,98.52,0.00,17.20,99.70,0.00,0.00,,-4.60
2026-02-05 17:00:00.000 +0000,1.30,98.27,0.00,17.20,99.70,0.00,0.00,,-4.60
2026-02-05 16:00:00.000 +0000,1.30,97.88,0.00,14.40,97.90,0.00,1.00,,-4.00
2026-02-05 16:00:00.000 +0000,1.30,98.19,0.00,14.30,98.20,0.00,1.00,,-4.00
2026-02-05 15:00:00.000 +0000,1.30,98.52,0.00,16.40,98.80,0.00,10.00,,-4.40
2026-02-05 15:00:00.000 +0000,1.30,98.27,0.00,16.50,98.60,0.00,10.00,,-4.40
2026-02-05 14:00:00.000 +0000,2.20,98.20,0.00,15.50,98.20,0.00,12.00,,-3.10
2026-02-05 14:00:00.000 +0000,2.20,97.90,0.00,15.60,97.90,0.00,12.00,,-3.10
2026-02-05 13:00:00.000 +0000,2.20,98.28,0.00,18.40,98.60,0.10,18.00,,-3.60
2026-02-05 13:00:00.000 +0000,2.20,98.53,0.00,18.40,98.80,0.10,18.00,,-3.60
2026-02-05 12:00:00.000 +0000,2.20,98.70,0.00,15.50,99.70,0.10,17.00,,-3.10
2026-02-05 12:00:00.000 +0000,2.20,98.48,0.00,15.60,99.70,0.10,17.00,,-3.10
2026-02-05 11:00:00.000 +0000,2.20,92.22,0.00,21.80,89.50,0.10,15.00,,-4.00
2026-02-05 11:00:00.000 +0000,2.20,92.35,0.00,21.80,89.20,0.10,15.00,,-4.10
2026-02-05 10:00:00.000 +0000,2.30,97.45,0.00,21.90,89.10,0.00,7.00,,-3.90
2026-02-05 10:00:00.000 +0000,2.20,97.81,0.00,21.90,89.00,0.00,7.00,,-4.00
2026-02-05 09:00:00.000 +0000,3.20,92.09,0.00,22.00,88.60,0.00,5.00,,-2.80
2026-02-05 09:00:00.000 +0000,3.20,91.92,0.00,22.00,88.70,0.00,5.00,,-2.80
2026-02-05 08:00:00.000 +0000,3.20,91.67,0.00,15.80,89.50,0.00,0.00,,-1.80
2026-02-05 08:00:00.000 +0000,3.20,91.88,0.00,15.70,89.20,0.00,0.00,,-1.80
2026-02-05 07:00:00.000 +0000,3.10,92.38,0.00,18.70,89.00,0.00,0.00,,-2.40
2026-02-05 07:00:00.000 +0000,3.10,92.50,0.00,18.60,88.90,0.00,0.00,,-2.40
2026-02-05 06:00:00.000 +0000,4.10,92.15,0.00,15.40,87.00,0.00,0.00,,-0.60
2026-02-05 06:00:00.000 +0000,4.10,91.98,0.00,15.50,86.90,0.00,0.00,,-0.60
2026-02-05 05:00:00.000 +0000,3.20,97.99,0.00,11.00,88.90,0.00,0.00,,-0.80
2026-02-05 05:00:00.000 +0000,3.30,97.65,0.00,11.10,89.00,0.00,0.00,,-0.80
2026-02-05 04:00:00.000 +0000,5.50,86.96,0.00,15.20,97.30,0.00,0.00,,1.20
2026-02-05 04:00:00.000 +0000,5.50,86.90,0.00,15.20,97.20,0.00,0.00,,1.20
2026-02-05 03:00:00.000 +0000,5.50,88.37,0.00,16.40,96.20,0.00,0.00,,1.00
2026-02-05 03:00:00.000 +0000,5.50,88.33,0.00,16.40,96.20,0.00,0.00,,1.00
2026-02-05 02:00:00.000 +0000,5.20,90.32,0.00,15.60,88.00,0.00,0.00,,0.70
2026-02-05 02:00:00.000 +0000,5.20,90.27,0.00,15.70,88.00,0.00,0.00,,0.70
2026-02-05 01:00:00.000 +0000,5.50,88.37,0.00,14.60,88.60,0.00,0.00,,1.30
2026-02-05 01:00:00.000 +0000,5.50,88.33,0.00,14.60,88.40,0.00,0.00,,1.30
2026-02-05 00:00:00.000 +0000,5.50,88.33,0.00,13.80,97.20,0.00,0.00,,1.50
2026-02-05 00:00:00.000 +0000,5.50,88.37,0.00,13.80,97.30,0.00,0.00,,1.50
2026-02-04 23:00:00.000 +0000,5.50,88.33,0.00,12.80,100.00,0.00,0.00,,1.60
2026-02-04 23:00:00.000 +0000,5.50,88.37,0.00,12.80,100.00,0.00,0.00,,1.60
2026-02-04 22:00:00.000 +0000,4.20,98.17,0.00,14.00,89.00,0.00,0.00,,-0.20
2026-02-04 22:00:00.000 +0000,4.20,97.86,0.00,14.00,89.10,0.00,0.00,,-0.20
2026-02-04 21:00:00.000 +0000,4.20,98.49,0.00,13.70,99.70,0.00,0.00,,-0.20
2026-02-04 21:00:00.000 +0000,4.20,98.24,0.00,13.70,99.70,0.00,0.00,,-0.10
2026-02-04 20:00:00.000 +0000,5.10,98.96,0.00,10.40,98.80,0.00,0.00,,1.60
2026-02-04 20:00:00.000 +0000,5.10,98.77,0.00,10.50,98.60,0.00,0.00,,1.60
2026-02-04 19:00:00.000 +0000,5.10,98.51,0.00,8.20,87.30,0.00,0.00,,2.10
2026-02-04 19:00:00.000 +0000,5.10,98.73,0.00,8.20,87.50,0.00,0.00,,2.10
2026-02-04 18:00:00.000 +0000,4.10,98.95,0.00,7.10,99.70,0.00,0.00,,1.30
2026-02-04 18:00:00.000 +0000,4.20,98.76,0.00,7.20,99.70,0.00,0.00,,1.30
2026-02-04 17:00:00.000 +0000,4.10,99.28,0.00,5.90,100.00,0.00,0.00,,1.70
2026-02-04 17:00:00.000 +0000,4.10,99.15,0.00,5.90,100.00,0.00,0.00,,1.70
2026-02-04 16:00:00.000 +0000,4.10,99.28,0.00,6.80,99.70,0.00,10.00,,1.40
2026-02-04 16:00:00.000 +0000,4.10,99.15,0.00,6.70,99.70,0.00,10.00,,1.40
2026-02-04 15:00:00.000 +0000,4.10,98.57,0.00,5.10,88.00,0.10,27.00,,2.10
2026-02-04 15:00:00.000 +0000,4.10,98.78,0.00,5.00,88.10,0.10,27.00,,2.10
2026-02-04 14:00:00.000 +0000,3.30,98.77,0.00,7.00,99.10,0.20,48.00,,0.30
2026-02-04 14:00:00.000 +0000,3.30,98.56,0.00,7.00,99.00,0.20,48.00,,0.40
2026-02-04 13:00:00.000 +0000,3.20,98.76,0.00,8.00,99.70,0.20,55.00,,-0.10
2026-02-04 13:00:00.000 +0000,3.20,98.94,0.00,8.00,99.70,0.20,55.00,,-0.10
2026-02-04 12:00:00.000 +0000,3.20,99.10,0.00,5.80,89.00,0.20,45.00,,0.70
2026-02-04 12:00:00.000 +0000,3.20,98.95,0.00,5.80,89.10,0.20,45.00,,0.70
2026-02-04 11:00:00.000 +0000,3.10,99.17,0.00,5.80,99.70,0.10,27.00,,0.60
2026-02-04 11:00:00.000 +0000,3.20,99.02,0.00,5.80,99.70,0.10,27.00,,0.70
2026-02-04 10:00:00.000 +0000,3.10,99.53,0.00,5.80,98.60,0.10,22.00,,0.50
2026-02-04 10:00:00.000 +0000,3.10,99.60,0.00,5.80,98.80,0.10,22.00,,0.50
2026-02-04 09:00:00.000 +0000,3.00,99.10,0.00,6.80,99.70,0.00,5.00,,0.10
2026-02-04 09:00:00.000 +0000,3.00,98.95,0.00,6.80,99.70,0.00,5.00,,0.10
2026-02-04 08:00:00.000 +0000,3.00,99.27,0.00,4.90,99.70,0.00,0.00,,0.90
2026-02-04 08:00:00.000 +0000,3.00,99.15,0.00,4.90,99.70,0.00,0.00,,0.80
2026-02-04 07:00:00.000 +0000,3.00,99.15,0.00,6.90,99.70,0.00,0.00,,0.10
2026-02-04 07:00:00.000 +0000,3.00,99.27,0.00,6.90,99.70,0.00,0.00,,0.00
2026-02-04 06:00:00.000 +0000,3.00,99.15,0.00,6.90,100.00,0.00,0.00,,0.00
2026-02-04 06:00:00.000 +0000,3.00,99.27,0.00,6.90,100.00,0.00,0.00,,0.00
2026-02-04 05:00:00.000 +0000,2.90,99.83,0.00,7.90,98.20,0.00,0.00,,-0.40
2026-02-04 05:00:00.000 +0000,2.90,99.80,0.00,7.90,97.90,0.00,0.00,,-0.40
2026-02-04 04:00:00.000 +0000,2.70,94.62,0.00,6.00,82.60,0.00,0.00,,0.00
2026-02-04 04:00:00.000 +0000,2.70,94.66,0.00,6.00,82.90,0.00,0.00,,0.00
2026-02-04 03:00:00.000 +0000,2.70,91.62,0.00,6.90,100.00,0.00,0.00,,-0.30
2026-02-04 03:00:00.000 +0000,2.70,91.59,0.00,6.90,100.00,0.00,0.00,,-0.30
2026-02-04 02:00:00.000 +0000,2.40,93.66,0.00,7.60,100.00,0.00,0.00,,-0.90
2026-02-04 02:00:00.000 +0000,2.40,93.70,0.00,7.70,100.00,0.00,0.00,,-0.90
2026-02-04 01:00:00.000 +0000,2.40,93.70,0.00,6.10,100.00,0.00,0.00,,-0.40
2026-02-04 01:00:00.000 +0000,2.40,93.66,0.00,6.10,100.00,0.00,0.00,,-0.40
2026-02-04 00:00:00.000 +0000,2.00,96.80,0.00,5.80,100.00,0.00,0.00,,-0.80
2026-02-04 00:00:00.000 +0000,2.00,96.74,0.00,5.80,100.00,0.00,0.00,,-0.80
2026-02-03 23:00:00.000 +0000,2.00,96.74,0.00,4.60,97.20,0.00,0.00,,-0.30
2026-02-03 23:00:00.000 +0000,2.00,96.80,0.00,4.60,97.30,0.00,0.00,,-0.30
2026-02-03 22:00:00.000 +0000,1.10,99.43,0.00,4.80,99.70,0.00,0.00,,-1.40
2026-02-03 22:00:00.000 +0000,1.10,99.33,0.00,4.80,99.70,0.00,0.00,,-1.40
2026-02-03 21:00:00.000 +0000,1.10,92.88,0.00,4.70,100.00,0.00,0.00,,-1.30
2026-02-03 21:00:00.000 +0000,1.10,92.85,0.00,4.70,100.00,0.00,0.00,,-1.30
2026-02-03 20:00:00.000 +0000,1.10,92.88,0.00,5.80,100.00,0.00,0.00,,-1.90
2026-02-03 20:00:00.000 +0000,1.10,92.85,0.00,5.80,100.00,0.00,0.00,,-1.80
2026-02-03 19:00:00.000 +0000,1.10,92.50,0.00,9.20,89.20,0.00,0.00,,-3.00
2026-02-03 19:00:00.000 +0000,1.10,92.41,0.00,9.20,89.50,0.00,0.00,,-3.00
2026-02-03 18:00:00.000 +0000,0.20,98.91,0.00,6.80,89.20,0.00,0.00,,-3.40
2026-02-03 18:00:00.000 +0000,0.20,98.72,0.00,6.80,89.50,0.00,0.00,,-3.30
2026-02-03 17:00:00.000 +0000,0.20,98.45,0.00,8.10,89.50,0.00,0.00,,-3.70
2026-02-03 17:00:00.000 +0000,0.20,98.68,0.00,8.10,89.20,0.00,0.00,,-3.80
2026-02-03 16:00:00.000 +0000,0.20,98.68,0.00,7.00,89.20,0.00,6.00,,-3.40
2026-02-03 16:00:00.000 +0000,0.20,98.45,0.00,7.00,89.50,0.00,6.00,,-3.40
2026-02-03 15:00:00.000 +0000,0.20,91.98,0.00,10.10,89.10,0.00,12.00,,-4.40
2026-02-03 15:00:00.000 +0000,0.20,92.13,0.00,10.10,89.00,0.00,12.00,,-4.40
2026-02-03 14:00:00.000 +0000,0.20,91.91,0.00,9.30,89.00,0.00,12.00,,-4.10
2026-02-03 14:00:00.000 +0000,0.20,91.73,0.00,9.30,89.10,0.00,12.00,,-4.10
2026-02-03 13:00:00.000 +0000,1.10,92.15,0.00,9.40,89.10,0.10,15.00,,-3.10
2026-02-03 13:00:00.000 +0000,1.10,92.28,0.00,9.40,89.00,0.10,15.00,,-3.10
2026-02-03 12:00:00.000 +0000,1.10,91.97,0.00,10.50,89.20,0.10,21.00,,-3.30
2026-02-03 12:00:00.000 +0000,1.20,91.79,0.00,10.50,89.50,0.10,21.00,,-3.30
2026-02-03 11:00:00.000 +0000,1.20,91.81,0.00,12.80,89.20,0.10,19.00,,-3.80
2026-02-03 11:00:00.000 +0000,1.20,91.60,0.00,12.80,89.50,0.10,19.00,,-3.80
2026-02-03 10:00:00.000 +0000,1.20,92.03,0.00,15.10,89.20,0.00,8.00,,-4.30
2026-02-03 10:00:00.000 +0000,1.20,91.86,0.00,15.10,89.50,0.00,8.00,,-4.30
2026-02-03 09:00:00.000 +0000,1.20,92.19,0.00,17.90,89.00,0.00,7.00,,-4.80
2026-02-03 09:00:00.000 +0000,1.20,92.04,0.00,17.80,89.10,0.00,7.00,,-4.80
2026-02-03 08:00:00.000 +0000,1.20,91.81,0.00,16.20,89.00,0.00,0.00,,-4.50
2026-02-03 08:00:00.000 +0000,1.20,91.61,0.00,16.20,89.10,0.00,0.00,,-4.40
2026-02-03 07:00:00.000 +0000,2.10,91.85,0.00,15.20,89.10,0.00,0.00,,-3.10
2026-02-03 07:00:00.000 +0000,2.10,92.03,0.00,15.20,89.00,0.00,0.00,,-3.10
2026-02-03 06:00:00.000 +0000,2.20,91.88,0.00,14.00,89.20,0.00,0.00,,-2.80
2026-02-03 06:00:00.000 +0000,2.20,91.67,0.00,14.00,89.50,0.00,0.00,,-2.80
2026-02-03 05:00:00.000 +0000,3.10,98.29,0.00,14.00,100.00,0.00,0.00,,-1.60
2026-02-03 05:00:00.000 +0000,3.10,98.54,0.00,14.00,100.00,0.00,0.00,,-1.70
2026-02-03 04:00:00.000 +0000,4.20,90.20,0.00,14.50,100.00,0.00,0.00,,-0.30
2026-02-03 04:00:00.000 +0000,4.20,90.25,0.00,14.50,100.00,0.00,0.00,,-0.40
2026-02-03 03:00:00.000 +0000,4.50,88.28,0.00,15.20,100.00,0.00,0.00,,-0.10
2026-02-03 03:00:00.000 +0000,4.50,88.24,0.00,15.20,100.00,0.00,0.00,,-0.10
2026-02-03 02:00:00.000 +0000,5.00,88.32,0.00,13.00,100.00,0.00,0.00,,0.90
2026-02-03 02:00:00.000 +0000,5.00,88.28,0.00,13.00,100.00,0.00,0.00,,0.90
2026-02-03 01:00:00.000 +0000,4.20,93.15,0.00,12.20,100.00,0.00,0.00,,0.10
2026-02-03 01:00:00.000 +0000,4.20,93.22,0.00,12.20,100.00,0.00,0.00,,0.10
2026-02-03 00:00:00.000 +0000,4.20,90.20,0.00,11.10,100.00,0.00,0.00,,0.30
2026-02-03 00:00:00.000 +0000,4.20,90.25,0.00,11.20,100.00,0.00,0.00,,0.30
2026-02-02 23:00:00.000 +0000,4.20,90.25,0.00,11.80,100.00,0.00,0.00,,0.20
2026-02-02 23:00:00.000 +0000,4.20,90.20,0.00,11.70,100.00,0.00,0.00,,0.20
2026-02-02 22:00:00.000 +0000,3.10,98.94,0.00,14.90,100.00,0.00,0.00,,-1.80
2026-02-02 22:00:00.000 +0000,3.10,98.75,0.00,14.80,100.00,0.00,0.00,,-1.80
2026-02-02 21:00:00.000 +0000,3.10,98.94,0.00,14.00,100.00,0.00,0.00,,-1.70
2026-02-02 21:00:00.000 +0000,3.10,98.75,0.00,14.10,100.00,0.00,0.00,,-1.60
2026-02-02 20:00:00.000 +0000,2.30,98.87,0.00,11.70,99.70,0.00,0.00,,-2.20
2026-02-02 20:00:00.000 +0000,2.20,99.03,0.00,11.70,99.70,0.00,0.00,,-2.30
2026-02-02 19:00:00.000 +0000,3.20,98.49,0.00,11.50,99.70,0.00,0.00,,-1.00
2026-02-02 19:00:00.000 +0000,3.20,98.71,0.00,11.50,99.70,0.00,0.00,,-1.00
2026-02-02 18:00:00.000 +0000,3.20,98.55,0.00,10.60,99.70,0.00,0.00,,-0.80
2026-02-02 18:00:00.000 +0000,3.20,98.30,0.00,10.60,99.70,0.00,0.00,,-0.80
2026-02-02 17:00:00.000 +0000,3.20,98.15,0.00,9.40,99.70,0.00,1.00,,-0.50
2026-02-02 17:00:00.000 +0000,3.20,97.84,0.00,9.50,99.70,0.00,1.00,,-0.50
2026-02-02 16:00:00.000 +0000,4.10,98.12,0.00,9.70,99.70,0.00,10.00,,0.60
2026-02-02 16:00:00.000 +0000,4.10,98.39,0.00,9.60,99.70,0.00,10.00,,0.50
2026-02-02 15:00:00.000 +0000,4.10,92.37,0.00,8.40,99.70,0.10,17.00,,0.90
2026-02-02 15:00:00.000 +0000,4.10,92.22,0.00,8.40,99.70,0.10,17.00,,0.90
2026-02-02 14:00:00.000 +0000,4.20,98.11,0.00,12.70,99.20,0.10,28.00,,0.00
2026-02-02 14:00:00.000 +0000,4.10,98.39,0.00,12.70,99.30,0.10,28.00,,-0.10
2026-02-02 13:00:00.000 +0000,4.20,98.72,0.00,14.70,98.80,0.10,25.00,,-0.40
2026-02-02 13:00:00.000 +0000,4.20,98.50,0.00,14.70,98.60,0.10,25.00,,-0.40
2026-02-02 12:00:00.000 +0000,5.10,98.79,0.00,10.50,100.00,0.10,32.00,,1.60
2026-02-02 12:00:00.000 +0000,5.10,98.58,0.00,10.50,100.00,0.10,32.00,,1.60
2026-02-02 11:00:00.000 +0000,5.20,98.57,0.00,12.50,89.00,0.10,28.00,,1.30
2026-02-02 11:00:00.000 +0000,5.20,98.32,0.00,12.40,89.10,0.10,28.00,,1.40
2026-02-02 10:00:00.000 +0000,5.20,98.96,0.00,11.20,88.30,0.10,25.00,,1.50
2026-02-02 10:00:00.000 +0000,5.20,98.78,0.00,11.20,88.30,0.10,25.00,,1.60
2026-02-02 09:00:00.000 +0000,5.10,98.96,0.00,9.90,100.00,0.00,8.00,,1.80
2026-02-02 09:00:00.000 +0000,5.20,98.77,0.00,9.80,100.00,0.00,8.00,,1.80
2026-02-02 08:00:00.000 +0000,5.00,99.42,0.00,9.50,100.00,0.00,0.00,,1.70
2026-02-02 08:00:00.000 +0000,5.00,99.51,0.00,9.70,100.00,0.00,0.00,,1.70
2026-02-02 07:00:00.000 +0000,5.00,99.67,0.00,6.80,99.70,0.00,0.00,,2.50
2026-02-02 07:00:00.000 +0000,5.00,99.61,0.00,6.80,99.70,0.00,0.00,,2.50
2026-02-02 06:00:00.000 +0000,4.90,93.62,0.00,4.60,99.60,0.00,0.00,,3.30
2026-02-02 06:00:00.000 +0000,4.90,93.67,0.00,4.60,99.50,0.00,0.00,,3.30
2026-02-02 05:00:00.000 +0000,4.90,93.82,0.00,3.90,100.00,0.00,0.00,,3.50
2026-02-02 05:00:00.000 +0000,4.90,93.78,0.00,3.90,100.00,0.00,0.00,,3.50
2026-02-02 04:00:00.000 +0000,4.40,94.73,0.00,5.50,100.00,0.00,0.00,,2.20
2026-02-02 04:00:00.000 +0000,4.40,94.69,0.00,5.50,100.00,0.00,0.00,,2.30
2026-02-02 03:00:00.000 +0000,4.90,91.73,0.00,3.90,100.00,0.00,0.00,,3.50
2026-02-02 03:00:00.000 +0000,4.90,91.76,0.00,3.90,100.00,0.00,0.00,,3.50
2026-02-02 02:00:00.000 +0000,4.40,94.69,0.00,3.10,96.20,0.00,0.00,,3.40
2026-02-02 02:00:00.000 +0000,4.40,94.73,0.00,3.10,96.20,0.00,0.00,,3.40
2026-02-02 01:00:00.000 +0000,4.90,91.73,0.00,4.00,96.20,0.00,0.00,,3.50
2026-02-02 01:00:00.000 +0000,4.90,91.76,0.00,4.00,96.20,0.00,0.00,,3.50
2026-02-02 00:00:00.000 +0000,4.40,93.23,0.00,4.00,96.20,0.00,0.00,,2.90
2026-02-02 00:00:00.000 +0000,4.40,93.16,0.00,4.00,96.20,0.00,0.00,,2.90
2026-02-01 23:00:00.000 +0000,3.90,93.20,0.00,3.00,73.60,0.00,0.00,,3.00
2026-02-01 23:00:00.000 +0000,4.00,93.13,0.00,3.00,73.70,0.00,0.00,,3.00
2026-02-01 22:00:00.000 +0000,4.90,93.40,0.00,2.30,99.40,0.00,0.00,,
2026-02-01 22:00:00.000 +0000,4.90,93.42,0.00,2.40,99.30,0.00,0.00,,
2026-02-01 21:00:00.000 +0000,5.00,93.40,0.00,2.50,100.00,0.00,0.00,,
2026-02-01 21:00:00.000 +0000,5.00,93.42,0.00,2.50,100.00,0.00,0.00,,
2026-02-01 20:00:00.000 +0000,5.00,99.35,0.00,5.80,98.10,0.00,0.00,,2.80
2026-02-01 20:00:00.000 +0000,5.00,99.44,0.00,5.80,98.40,0.00,0.00,,2.80
2026-02-01 19:00:00.000 +0000,5.90,92.87,0.00,3.60,99.70,0.00,0.00,,4.80
2026-02-01 19:00:00.000 +0000,5.90,92.93,0.00,3.60,99.70,0.00,0.00,,4.90
2026-02-01 18:00:00.000 +0000,5.90,92.93,0.00,2.60,99.70,0.00,0.00,,
2026-02-01 18:00:00.000 +0000,5.90,92.87,0.00,2.70,99.70,0.00,0.00,,
2026-02-01 17:00:00.000 +0000,6.00,92.87,0.00,4.80,89.10,0.00,1.00,,4.30
2026-02-01 17:00:00.000 +0000,6.00,92.93,0.00,4.80,89.00,0.00,1.00,,4.40
2026-02-01 16:00:00.000 +0000,6.90,87.24,0.00,3.90,89.00,0.10,21.00,,5.90
2026-02-01 16:00:00.000 +0000,6.90,87.25,0.00,3.90,89.10,0.10,21.00,,5.80
2026-02-01 15:00:00.000 +0000,7.00,87.43,0.00,3.80,86.30,0.30,78.00,,6.00
2026-02-01 15:00:00.000 +0000,7.00,87.38,0.00,3.70,86.50,0.30,78.00,,6.00
2026-02-01 14:00:00.000 +0000,6.20,92.18,0.00,3.70,52.80,0.70,201.00,,5.10
2026-02-01 14:00:00.000 +0000,6.20,92.00,0.00,3.80,53.30,0.70,201.00,,5.10
2026-02-01 13:00:00.000 +0000,7.10,86.96,0.00,3.80,84.10,0.90,248.00,,6.10
2026-02-01 13:00:00.000 +0000,7.10,86.93,0.00,3.80,83.50,0.90,248.00,,6.10
2026-02-01 12:00:00.000 +0000,6.10,92.63,0.00,3.60,51.80,0.70,191.00,,5.10
2026-02-01 12:00:00.000 +0000,6.10,92.52,0.00,3.60,52.10,0.70,191.00,,5.10
2026-02-01 11:00:00.000 +0000,6.10,87.70,0.00,3.60,30.90,0.80,221.00,,5.00
2026-02-01 11:00:00.000 +0000,6.10,87.81,0.00,3.60,31.80,0.80,221.00,,5.00
2026-02-01 10:00:00.000 +0000,5.10,93.86,0.00,1.50,33.30,0.50,131.00,,
2026-02-01 10:00:00.000 +0000,5.10,93.78,0.00,1.50,32.10,0.50,131.00,,
2026-02-01 09:00:00.000 +0000,4.20,99.67,0.00,6.70,55.20,0.10,28.00,,1.50
2026-02-01 09:00:00.000 +0000,4.20,99.61,0.00,6.70,56.10,0.10,28.00,,1.50
2026-02-01 08:00:00.000 +0000,4.20,99.61,0.00,6.70,53.80,0.00,2.00,,1.50
2026-02-01 08:00:00.000 +0000,4.10,99.67,0.00,6.70,53.30,0.00,2.00,,1.50
2026-02-01 07:00:00.000 +0000,5.00,99.67,0.00,6.80,99.60,0.00,0.00,,2.50
2026-02-01 07:00:00.000 +0000,5.00,99.61,0.00,6.70,99.50,0.00,0.00,,2.50
2026-02-01 06:00:00.000 +0000,5.00,99.67,0.00,5.80,98.80,0.00,0.00,,2.90
2026-02-01 06:00:00.000 +0000,5.00,99.61,0.00,5.80,98.60,0.00,0.00,,2.90
2026-02-01 05:00:00.000 +0000,5.00,99.80,0.00,3.60,98.60,0.00,0.00,,3.80
2026-02-01 05:00:00.000 +0000,5.00,99.84,0.00,3.60,98.80,0.00,0.00,,3.80
2026-02-01 04:00:00.000 +0000,5.70,96.84,0.00,6.40,97.20,0.00,0.00,,3.50
2026-02-01 04:00:00.000 +0000,5.70,96.89,0.00,6.40,97.30,0.00,0.00,,3.50
2026-02-01 03:00:00.000 +0000,6.00,96.84,0.00,6.30,100.00,0.00,0.00,,3.80
2026-02-01 03:00:00.000 +0000,6.00,96.90,0.00,6.30,100.00,0.00,0.00,,3.80
2026-02-01 02:00:00.000 +0000,6.00,98.44,0.00,5.40,100.00,0.00,0.00,,4.10
2026-02-01 02:00:00.000 +0000,6.00,98.41,0.00,5.40,100.00,0.00,0.00,,4.10
2026-02-01 01:00:00.000 +0000,6.20,96.85,0.00,6.30,97.20,0.00,0.00,,4.10
2026-02-01 01:00:00.000 +0000,6.20,96.90,0.00,6.30,97.30,0.00,0.00,,4.10
2026-02-01 00:00:00.000 +0000,6.00,98.44,0.00,7.80,93.50,0.00,0.00,,3.30
2026-02-01 00:00:00.000 +0000,6.00,98.41,0.00,7.80,93.50,0.00,0.00,,3.30
2026-01-31 23:00:00.000 +0000,7.00,91.86,0.00,8.50,97.20,0.00,0.00,,4.40
2026-01-31 23:00:00.000 +0000,7.00,91.89,0.00,8.50,97.30,0.00,0.00,,4.40
2026-01-31 22:00:00.000 +0000,5.20,99.12,0.00,8.30,100.00,0.00,0.00,,2.20
2026-01-31 22:00:00.000 +0000,5.20,98.97,0.00,8.40,100.00,0.00,0.00,,2.20
2026-01-31 21:00:00.000 +0000,5.10,99.45,0.00,9.10,99.60,0.00,0.00,,1.90
2026-01-31 21:00:00.000 +0000,5.10,99.35,0.00,9.00,99.50,0.00,0.00,,2.00
2026-01-31 20:00:00.000 +0000,5.20,98.33,0.00,9.40,89.50,0.00,0.00,,2.00
2026-01-31 20:00:00.000 +0000,5.10,98.57,0.00,9.30,89.20,0.00,0.00,,1.90
2026-01-31 19:00:00.000 +0000,6.10,93.15,0.00,10.30,88.00,0.00,0.00,,2.80
2026-01-31 19:00:00.000 +0000,6.10,93.12,0.00,10.30,88.00,0.00,0.00,,2.90
2026-01-31 18:00:00.000 +0000,5.20,98.45,0.00,8.50,85.90,0.00,0.00,,2.30
2026-01-31 18:00:00.000 +0000,5.20,98.67,0.00,8.40,86.20,0.00,0.00,,2.20
2026-01-31 17:00:00.000 +0000,5.20,81.29,0.00,13.40,84.10,0.00,4.00,,1.10
2026-01-31 17:00:00.000 +0000,5.20,81.35,0.00,13.40,83.40,0.00,4.00,,1.20
2026-01-31 16:00:00.000 +0000,7.90,86.68,0.00,8.30,83.50,0.10,33.00,,5.60
2026-01-31 16:00:00.000 +0000,8.00,86.76,0.00,8.30,84.10,0.10,33.00,,5.60
2026-01-31 15:00:00.000 +0000,8.00,86.76,0.00,6.10,54.50,0.30,86.00,,6.20
2026-01-31 15:00:00.000 +0000,7.90,86.68,0.00,6.10,55.30,0.30,86.00,,6.20
2026-01-31 14:00:00.000 +0000,7.10,92.04,0.00,10.20,55.70,0.50,129.00,,4.20
2026-01-31 14:00:00.000 +0000,7.10,92.24,0.00,10.20,54.90,0.50,129.00,,4.10
2026-01-31 13:00:00.000 +0000,7.10,86.60,0.00,11.30,89.10,0.40,123.00,,3.90
2026-01-31 13:00:00.000 +0000,7.00,86.67,0.00,11.30,89.00,0.40,123.00,,3.90
2026-01-31 12:00:00.000 +0000,6.10,92.18,0.00,10.30,87.50,0.50,140.00,,2.90
2026-01-31 12:00:00.000 +0000,6.10,91.98,0.00,10.40,87.30,0.50,140.00,,2.90
2026-01-31 11:00:00.000 +0000,5.10,98.47,0.00,10.40,88.00,0.50,127.00,,1.70
2026-01-31 11:00:00.000 +0000,5.20,98.21,0.00,10.40,88.00,0.50,127.00,,1.70
2026-01-31 10:00:00.000 +0000,4.20,98.77,0.00,9.50,87.30,0.30,87.00,,0.80
2026-01-31 10:00:00.000 +0000,4.20,98.95,0.00,9.40,87.50,0.30,87.00,,0.70
2026-01-31 09:00:00.000 +0000,4.10,99.28,0.00,8.30,89.00,0.10,33.00,,0.90
2026-01-31 09:00:00.000 +0000,4.10,99.15,0.00,8.40,89.10,0.10,33.00,,1.00
2026-01-31 08:00:00.000 +0000,5.00,93.24,0.00,8.30,88.00,0.00,0.00,,2.00
2026-01-31 08:00:00.000 +0000,5.00,93.25,0.00,8.30,88.00,0.00,0.00,,2.00
2026-01-31 07:00:00.000 +0000,5.10,98.77,0.00,7.50,83.50,0.00,0.00,,2.40
2026-01-31 07:00:00.000 +0000,5.10,98.96,0.00,7.40,84.10,0.00,0.00,,2.40
2026-01-31 06:00:00.000 +0000,5.10,99.12,0.00,11.50,89.00,0.00,0.00,,1.40
2026-01-31 06:00:00.000 +0000,5.10,98.96,0.00,11.60,89.10,0.00,0.00,,1.40
2026-01-31 05:00:00.000 +0000,5.10,98.96,0.00,10.60,89.00,0.00,0.00,,1.60
2026-01-31 05:00:00.000 +0000,5.10,98.77,0.00,10.70,89.10,0.00,0.00,,1.60
2026-01-31 04:00:00.000 +0000,6.20,93.25,0.00,15.20,100.00,0.00,0.00,,2.10
2026-01-31 04:00:00.000 +0000,6.20,93.32,0.00,15.20,100.00,0.00,0.00,,2.10
2026-01-31 03:00:00.000 +0000,6.20,90.40,0.00,13.80,100.00,0.00,0.00,,2.30
2026-01-31 03:00:00.000 +0000,6.20,90.34,0.00,13.80,100.00,0.00,0.00,,2.30
2026-01-31 02:00:00.000 +0000,6.20,88.97,0.00,14.90,97.30,0.00,0.00,,2.10
2026-01-31 02:00:00.000 +0000,6.20,88.89,0.00,14.90,97.20,0.00,0.00,,2.10
2026-01-31 01:00:00.000 +0000,6.20,90.34,0.00,16.40,97.20,0.00,0.00,,1.90
2026-01-31 01:00:00.000 +0000,6.20,90.40,0.00,16.50,97.30,0.00,0.00,,1.90
2026-01-31 00:00:00.000 +0000,6.40,88.99,0.00,14.90,97.30,0.00,0.00,,2.40
2026-01-31 00:00:00.000 +0000,6.40,88.91,0.00,14.90,97.20,0.00,0.00,,2.40
2026-01-30 23:00:00.000 +0000,6.20,91.82,0.00,14.10,100.00,0.00,0.00,,2.30
2026-01-30 23:00:00.000 +0000,6.20,91.84,0.00,14.10,100.00,0.00,0.00,,2.30
2026-01-30 22:00:00.000 +0000,5.10,98.96,0.00,16.00,99.70,0.00,0.00,,0.60
2026-01-30 22:00:00.000 +0000,5.10,98.77,0.00,16.00,99.70,0.00,0.00,,0.60
2026-01-30 21:00:00.000 +0000,5.10,98.97,0.00,16.70,99.70,0.00,0.00,,0.50
2026-01-30 21:00:00.000 +0000,5.10,99.12,0.00,16.80,99.70,0.00,0.00,,0.40
2026-01-30 20:00:00.000 +0000,5.10,98.77,0.00,13.60,100.00,0.00,0.00,,1.00
2026-01-30 20:00:00.000 +0000,5.10,98.96,0.00,13.70,100.00,0.00,0.00,,1.00
2026-01-30 19:00:00.000 +0000,5.10,99.23,0.00,13.60,99.70,0.00,0.00,,0.90
2026-01-30 19:00:00.000 +0000,5.00,99.34,0.00,13.60,99.70,0.00,0.00,,0.90
2026-01-30 18:00:00.000 +0000,4.10,99.41,0.00,11.40,99.70,0.00,0.00,,0.20
2026-01-30 18:00:00.000 +0000,4.10,99.50,0.00,11.40,99.70,0.00,0.00,,0.20
2026-01-30 17:00:00.000 +0000,4.10,99.28,0.00,12.70,99.70,0.00,0.00,,-0.10
2026-01-30 17:00:00.000 +0000,4.10,99.15,0.00,12.60,99.70,0.00,0.00,,-0.10
2026-01-30 16:00:00.000 +0000,4.10,98.95,0.00,11.50,99.70,0.00,3.00,,0.20
2026-01-30 16:00:00.000 +0000,4.10,98.76,0.00,11.50,99.70,0.00,3.00,,0.20
2026-01-30 15:00:00.000 +0000,4.10,98.50,0.00,9.50,100.00,0.00,13.00,,0.60
2026-01-30 15:00:00.000 +0000,4.10,98.72,0.00,9.50,100.00,0.00,13.00,,0.60
2026-01-30 14:00:00.000 +0000,4.00,99.08,0.00,10.50,99.70,0.10,37.00,,0.30
2026-01-30 14:00:00.000 +0000,4.00,99.21,0.00,10.50,99.70,0.10,37.00,,0.30
2026-01-30 13:00:00.000 +0000,3.10,99.11,0.00,10.60,99.70,0.10,17.00,,-0.90
2026-01-30 13:00:00.000 +0000,3.20,98.94,0.00,10.60,99.70,0.10,17.00,,-0.80
2026-01-30 12:00:00.000 +0000,3.10,98.94,0.00,10.70,99.70,0.10,20.00,,-0.90
2026-01-30 12:00:00.000 +0000,3.10,98.75,0.00,10.70,99.70,0.10,20.00,,-0.90
2026-01-30 11:00:00.000 +0000,2.20,98.76,0.00,11.50,98.80,0.10,22.00,,-2.30
2026-01-30 11:00:00.000 +0000,2.20,98.55,0.00,11.50,98.60,0.10,22.00,,-2.20
2026-01-30 10:00:00.000 +0000,2.10,98.76,0.00,12.60,99.70,0.00,13.00,,-2.60
2026-01-30 10:00:00.000 +0000,2.10,98.55,0.00,12.60,99.70,0.00,13.00,,-2.60
2026-01-30 09:00:00.000 +0000,0.20,98.73,0.00,12.60,89.10,0.00,8.00,,-4.90
2026-01-30 09:00:00.000 +0000,0.20,98.91,0.00,12.60,89.00,0.00,8.00,,-5.00
2026-01-30 08:00:00.000 +0000,0.30,98.45,0.00,13.60,89.10,0.00,0.00,,-5.20
2026-01-30 08:00:00.000 +0000,0.20,98.68,0.00,13.60,89.00,0.00,0.00,,-5.20
2026-01-30 07:00:00.000 +0000,0.30,98.11,0.00,12.90,89.00,0.00,0.00,,-5.00
2026-01-30 07:00:00.000 +0000,0.30,97.79,0.00,12.90,89.10,0.00,0.00,,-4.90
2026-01-30 06:00:00.000 +0000,1.20,97.79,0.00,14.90,89.20,0.00,0.00,,-4.30
2026-01-30 06:00:00.000 +0000,1.20,97.42,0.00,14.90,89.50,0.00,0.00,,-4.20
2026-01-30 05:00:00.000 +0000,1.20,91.17,0.00,12.80,89.50,0.00,0.00,,-3.80
2026-01-30 05:00:00.000 +0000,1.20,91.44,0.00,12.80,89.20,0.00,0.00,,-3.80
2026-01-30 04:00:00.000 +0000,3.00,78.83,0.00,11.30,100.00,0.00,0.00,,-1.20
2026-01-30 04:00:00.000 +0000,3.00,78.84,0.00,11.20,100.00,0.00,0.00,,-1.20
2026-01-30 03:00:00.000 +0000,3.00,78.84,0.00,11.80,100.00,0.00,0.00,,-1.40
2026-01-30 03:00:00.000 +0000,3.00,78.83,0.00,11.80,100.00,0.00,0.00,,-1.40
2026-01-30 02:00:00.000 +0000,3.00,79.31,0.00,9.80,100.00,0.00,0.00,,-0.90
2026-01-30 02:00:00.000 +0000,3.00,79.33,0.00,9.80,100.00,0.00,0.00,,-0.90
2026-01-30 01:00:00.000 +0000,3.00,77.53,0.00,9.30,100.00,0.00,0.00,,-0.80
2026-01-30 01:00:00.000 +0000,3.00,77.52,0.00,9.30,100.00,0.00,0.00,,-0.80
2026-01-30 00:00:00.000 +0000,3.00,77.52,0.00,10.90,100.00,0.00,0.00,,-1.20
2026-01-30 00:00:00.000 +0000,3.00,77.53,0.00,10.90,100.00,0.00,0.00,,-1.20
2026-01-29 23:00:00.000 +0000,3.20,77.57,0.00,10.90,100.00,0.00,0.00,,-0.90
2026-01-29 23:00:00.000 +0000,3.20,77.56,0.00,10.90,100.00,0.00,0.00,,-0.90
2026-01-29 22:00:00.000 +0000,1.20,91.28,0.00,12.80,89.20,0.00,0.00,,-3.80
2026-01-29 22:00:00.000 +0000,1.20,90.99,0.00,12.80,89.50,0.00,0.00,,-3.80
2026-01-29 21:00:00.000 +0000,1.20,91.28,0.00,11.50,89.20,0.00,0.00,,-3.50
2026-01-29 21:00:00.000 +0000,1.20,90.99,0.00,11.50,89.50,0.00,0.00,,-3.50
2026-01-29 20:00:00.000 +0000,1.20,90.63,0.00,11.70,89.50,0.00,0.00,,-3.50
2026-01-29 20:00:00.000 +0000,1.20,90.97,0.00,11.60,89.20,0.00,0.00,,-3.50
2026-01-29 19:00:00.000 +0000,2.00,92.14,0.00,13.70,88.70,0.00,0.00,,-2.90
2026-01-29 19:00:00.000 +0000,2.00,91.96,0.00,13.70,88.80,0.00,0.00,,-2.90
2026-01-29 18:00:00.000 +0000,1.20,97.96,0.00,13.50,89.20,0.00,0.00,,-4.00
2026-01-29 18:00:00.000 +0000,1.20,97.61,0.00,13.50,89.50,0.00,0.00,,-3.90
2026-01-29 17:00:00.000 +0000,2.10,91.91,0.00,12.30,89.10,0.00,0.00,,-2.50
2026-01-29 17:00:00.000 +0000,2.10,92.09,0.00,12.40,89.00,0.00,0.00,,-2.60
2026-01-29 16:00:00.000 +0000,2.20,91.49,0.00,10.10,89.10,0.00,13.00,,-1.90
2026-01-29 16:00:00.000 +0000,2.20,91.72,0.00,10.20,89.00,0.00,13.00,,-2.00
2026-01-29 15:00:00.000 +0000,2.20,97.44,0.00,12.50,89.50,0.10,38.00,,-2.50
2026-01-29 15:00:00.000 +0000,2.20,97.81,0.00,12.50,89.20,0.10,38.00,,-2.50
2026-01-29 14:00:00.000 +0000,2.20,97.83,0.00,10.40,89.10,0.20,52.00,,-2.00
2026-01-29 14:00:00.000 +0000,2.20,98.14,0.00,10.40,89.00,0.20,52.00,,-2.00
2026-01-29 13:00:00.000 +0000,2.20,97.63,0.00,10.40,89.50,0.10,38.00,,-1.90
2026-01-29 13:00:00.000 +0000,2.20,97.97,0.00,10.40,89.20,0.10,38.00,,-2.00
2026-01-29 12:00:00.000 +0000,2.20,98.09,0.00,9.30,89.10,0.10,25.00,,-1.70
2026-01-29 12:00:00.000 +0000,2.20,98.37,0.00,9.30,89.00,0.10,25.00,,-1.70
2026-01-29 11:00:00.000 +0000,2.20,98.70,0.00,10.10,89.00,0.10,38.00,,-1.90
2026-01-29 11:00:00.000 +0000,2.20,98.48,0.00,10.00,89.10,0.10,38.00,,-1.80
2026-01-29 10:00:00.000 +0000,2.20,98.75,0.00,10.00,89.10,0.20,43.00,,-1.80
2026-01-29 10:00:00.000 +0000,2.20,98.93,0.00,10.00,89.00,0.20,43.00,,-1.90
2026-01-29 09:00:00.000 +0000,2.20,98.75,0.00,12.10,99.70,0.00,12.00,,-2.40
2026-01-29 09:00:00.000 +0000,2.20,98.93,0.00,12.20,99.70,0.00,12.00,,-2.40
2026-01-29 08:00:00.000 +0000,3.10,98.94,0.00,12.40,99.70,0.00,0.00,,-1.30
2026-01-29 08:00:00.000 +0000,3.10,98.75,0.00,12.30,99.70,0.00,0.00,,-1.30
2026-01-29 07:00:00.000 +0000,3.10,99.10,0.00,11.30,99.70,0.00,0.00,,-1.10
2026-01-29 07:00:00.000 +0000,3.10,98.95,0.00,11.20,99.70,0.00,0.00,,-1.10
2026-01-29 06:00:00.000 +0000,3.10,99.14,0.00,11.30,98.60,0.00,0.00,,-1.10
2026-01-29 06:00:00.000 +0000,3.10,99.27,0.00,11.30,98.80,0.00,0.00,,-1.10
2026-01-29 05:00:00.000 +0000,3.10,99.34,0.00,8.30,99.70,0.00,0.00,,-0.20
2026-01-29 05:00:00.000 +0000,3.10,99.44,0.00,8.20,99.70,0.00,0.00,,-0.30
2026-01-29 04:00:00.000 +0000,5.00,92.34,0.00,9.30,97.30,0.00,0.00,,1.70
2026-01-29 04:00:00.000 +0000,5.00,92.27,0.00,9.30,97.20,0.00,0.00,,1.70
2026-01-29 03:00:00.000 +0000,4.60,94.70,0.00,5.60,97.20,0.00,0.00,,2.50
2026-01-29 03:00:00.000 +0000,4.60,94.74,0.00,5.60,97.30,0.00,0.00,,2.50
2026-01-29 02:00:00.000 +0000,4.30,93.79,0.00,3.30,100.00,0.00,0.00,,3.20
2026-01-29 02:00:00.000 +0000,4.30,93.75,0.00,3.30,100.00,0.00,0.00,,3.20
2026-01-29 01:00:00.000 +0000,4.10,93.78,0.00,5.10,97.30,0.00,0.00,,2.00
2026-01-29 01:00:00.000 +0000,4.10,93.74,0.00,5.10,97.20,0.00,0.00,,2.00
2026-01-29 00:00:00.000 +0000,3.40,96.84,0.00,4.10,100.00,0.00,0.00,,1.70
2026-01-29 00:00:00.000 +0000,3.40,96.78,0.00,4.10,100.00,0.00,0.00,,1.70
2026-01-28 23:00:00.000 +0000,3.00,96.82,0.00,4.20,100.00,0.00,0.00,,1.10
2026-01-28 23:00:00.000 +0000,3.00,96.77,0.00,4.20,100.00,0.00,0.00,,1.10
2026-01-28 22:00:00.000 +0000,3.00,99.67,0.00,3.30,99.60,0.00,0.00,,1.70
2026-01-28 22:00:00.000 +0000,3.00,99.60,0.00,3.30,99.50,0.00,0.00,,1.70
2026-01-28 21:00:00.000 +0000,3.00,99.41,0.00,3.30,100.00,0.00,0.00,,1.70
2026-01-28 21:00:00.000 +0000,3.00,99.50,0.00,3.30,100.00,0.00,0.00,,1.70
2026-01-28 20:00:00.000 +0000,2.10,99.50,0.00,3.40,100.00,0.00,0.00,,0.60
2026-01-28 20:00:00.000 +0000,2.10,99.40,0.00,3.50,100.00,0.00,0.00,,0.60
2026-01-28 19:00:00.000 +0000,2.10,99.33,0.00,3.40,100.00,0.00,0.00,,0.70
2026-01-28 19:00:00.000 +0000,2.20,99.20,0.00,3.40,100.00,0.00,0.00,,0.70
2026-01-28 18:00:00.000 +0000,2.20,99.01,0.00,4.60,100.00,0.00,0.00,,0.10
2026-01-28 18:00:00.000 +0000,2.20,99.16,0.00,4.60,100.00,0.00,0.00,,0.00
2026-01-28 17:00:00.000 +0000,2.20,99.16,0.00,1.20,100.00,0.00,1.00,,
2026-01-28 17:00:00.000 +0000,2.20,99.01,0.00,1.20,100.00,0.00,1.00,,
2026-01-28 16:00:00.000 +0000,2.20,99.16,0.00,3.40,98.20,0.10,32.00,,0.70
2026-01-28 16:00:00.000 +0000,2.20,99.01,0.00,3.40,97.90,0.10,32.00,,0.80
2026-01-28 15:00:00.000 +0000,1.30,99.16,0.00,4.40,53.40,0.30,70.00,,-0.90
2026-01-28 15:00:00.000 +0000,1.30,99.00,0.00,4.30,53.90,0.30,70.00,,-0.80
2026-01-28 14:00:00.000 +0000,4.00,92.88,0.00,3.10,32.00,0.40,107.00,,2.90
2026-01-28 14:00:00.000 +0000,4.00,92.94,0.00,3.20,31.00,0.40,107.00,,2.90
2026-01-28 13:00:00.000 +0000,4.00,92.63,0.00,3.30,31.20,0.50,150.00,,2.80
2026-01-28 13:00:00.000 +0000,4.00,92.52,0.00,3.30,32.20,0.50,150.00,,2.80
2026-01-28 12:00:00.000 +0000,4.80,87.08,0.00,3.20,100.00,0.60,167.00,,3.80
2026-01-28 12:00:00.000 +0000,4.80,87.10,0.00,3.20,100.00,0.60,167.00,,3.80
2026-01-28 11:00:00.000 +0000,4.70,92.83,0.00,2.20,100.00,0.50,130.00,,
2026-01-28 11:00:00.000 +0000,4.70,92.75,0.00,2.20,100.00,0.50,130.00,,
2026-01-28 10:00:00.000 +0000,1.10,98.92,0.00,2.30,100.00,0.40,108.00,,
2026-01-28 10:00:00.000 +0000,1.20,98.73,0.00,2.30,100.00,0.40,108.00,,
2026-01-28 09:00:00.000 +0000,2.00,98.74,0.00,3.50,100.00,0.10,27.00,,0.40
2026-01-28 09:00:00.000 +0000,1.90,98.93,0.00,3.50,100.00,0.10,27.00,,0.40
2026-01-28 08:00:00.000 +0000,0.10,99.49,0.00,3.50,70.40,0.00,2.00,,-1.80
2026-01-28 08:00:00.000 +0000,0.10,99.39,0.00,3.60,70.40,0.00,2.00,,-1.80
2026-01-28 07:00:00.000 +0000,1.90,93.33,0.00,3.50,70.40,0.00,0.00,,0.30
2026-01-28 07:00:00.000 +0000,1.90,93.30,0.00,3.40,70.40,0.00,0.00,,0.40
2026-01-28 06:00:00.000 +0000,1.10,99.09,0.00,6.90,50.00,0.00,0.00,,-2.30
2026-01-28 06:00:00.000 +0000,1.10,98.93,0.00,6.80,50.00,0.00,0.00,,-2.30
2026-01-28 05:00:00.000 +0000,1.10,99.49,0.00,3.70,25.00,0.00,0.00,,-0.80
2026-01-28 05:00:00.000 +0000,1.10,99.40,0.00,3.70,25.00,0.00,0.00,,-0.80
2026-01-28 04:00:00.000 +0000,2.30,93.04,0.00,6.20,,0.00,0.00,,-0.60
2026-01-28 04:00:00.000 +0000,2.30,93.11,0.00,6.20,,0.00,0.00,,-0.60
2026-01-28 03:00:00.000 +0000,3.00,90.16,0.00,4.90,25.00,0.00,0.00,,0.90
2026-01-28 03:00:00.000 +0000,3.00,90.11,0.00,4.90,25.00,0.00,0.00,,0.90
2026-01-28 02:00:00.000 +0000,4.30,88.26,0.00,9.00,62.20,0.00,0.00,,0.90
2026-01-28 02:00:00.000 +0000,4.30,88.22,0.00,9.00,62.30,0.00,0.00,,0.90
2026-01-28 01:00:00.000 +0000,5.00,90.31,0.00,10.20,92.90,0.00,0.00,,1.50
2026-01-28 01:00:00.000 +0000,5.00,90.25,0.00,10.20,92.90,0.00,0.00,,1.50
2026-01-28 00:00:00.000 +0000,6.00,88.87,0.00,9.20,100.00,0.00,0.00,,3.00
2026-01-28 00:00:00.000 +0000,6.00,88.95,0.00,9.20,100.00,0.00,0.00,,3.00
2026-01-27 23:00:00.000 +0000,5.50,88.84,0.00,10.20,65.70,0.00,0.00,,2.20
2026-01-27 23:00:00.000 +0000,5.50,88.92,0.00,10.20,65.80,0.00,0.00,,2.20
2026-01-27 22:00:00.000 +0000,5.10,92.79,0.00,9.60,88.10,0.00,0.00,,1.80
2026-01-27 22:00:00.000 +0000,5.10,92.70,0.00,9.70,88.00,0.00,0.00,,1.80
2026-01-27 21:00:00.000 +0000,5.10,98.58,0.00,14.10,89.10,0.00,0.00,,0.90
2026-01-27 21:00:00.000 +0000,5.10,98.79,0.00,14.00,89.00,0.00,0.00,,0.90
2026-01-27 20:00:00.000 +0000,5.10,98.58,0.00,11.00,89.10,0.00,0.00,,1.50
2026-01-27 20:00:00.000 +0000,5.10,98.79,0.00,10.90,89.00,0.00,0.00,,1.50
2026-01-27 19:00:00.000 +0000,5.00,99.18,0.00,11.90,100.00,0.00,0.00,,1.20
2026-01-27 19:00:00.000 +0000,5.00,99.03,0.00,12.00,100.00,0.00,0.00,,1.20
2026-01-27 18:00:00.000 +0000,5.00,93.06,0.00,15.30,99.70,0.00,0.00,,0.60
2026-01-27 18:00:00.000 +0000,5.00,93.10,0.00,15.20,99.70,0.00,0.00,,0.60
2026-01-27 17:00:00.000 +0000,5.00,98.58,0.00,14.20,100.00,0.00,0.00,,0.80
2026-01-27 17:00:00.000 +0000,5.00,98.79,0.00,14.20,100.00,0.00,0.00,,0.80
2026-01-27 16:00:00.000 +0000,4.10,98.78,0.00,14.40,100.00,0.00,0.00,,-0.40
2026-01-27 16:00:00.000 +0000,4.20,98.57,0.00,14.50,100.00,0.00,0.00,,-0.40
2026-01-27 15:00:00.000 +0000,4.10,98.78,0.00,18.60,100.00,0.00,6.00,,-1.10
2026-01-27 15:00:00.000 +0000,4.20,98.57,0.00,18.60,100.00,0.00,6.00,,-1.00
2026-01-27 14:00:00.000 +0000,4.10,98.76,0.00,20.70,99.70,0.10,17.00,,-1.40
2026-01-27 14:00:00.000 +0000,4.10,98.95,0.00,20.70,99.70,0.10,17.00,,-1.40
2026-01-27 13:00:00.000 +0000,4.10,98.50,0.00,21.90,99.70,0.10,22.00,,-1.50
2026-01-27 13:00:00.000 +0000,4.10,98.72,0.00,21.90,99.70,0.10,22.00,,-1.50
2026-01-27 12:00:00.000 +0000,4.10,98.12,0.00,22.10,99.70,0.10,14.00,,-1.50
2026-01-27 12:00:00.000 +0000,4.10,98.39,0.00,22.10,99.70,0.10,14.00,,-1.60
2026-01-27 11:00:00.000 +0000,3.20,98.56,0.00,23.30,100.00,0.00,10.00,,-3.00
2026-01-27 11:00:00.000 +0000,3.10,98.77,0.00,23.20,100.00,0.00,10.00,,-3.00
2026-01-27 10:00:00.000 +0000,3.20,98.38,0.00,24.10,89.00,0.00,7.00,,-3.00
2026-01-27 10:00:00.000 +0000,3.20,98.11,0.00,24.10,89.10,0.00,7.00,,-3.00
2026-01-27 09:00:00.000 +0000,3.10,98.75,0.00,25.80,89.50,0.00,0.00,,-3.30
2026-01-27 09:00:00.000 +0000,3.10,98.94,0.00,25.90,89.20,0.00,0.00,,-3.30
2026-01-27 08:00:00.000 +0000,3.10,92.52,0.00,24.90,88.00,0.00,0.00,,-3.20
2026-01-27 08:00:00.000 +0000,3.10,92.62,0.00,25.00,88.10,0.00,0.00,,-3.30
2026-01-27 07:00:00.000 +0000,2.20,98.48,0.00,24.10,89.10,0.00,0.00,,-4.30
2026-01-27 07:00:00.000 +0000,2.20,98.70,0.00,24.10,89.00,0.00,0.00,,-4.40
2026-01-27 06:00:00.000 +0000,2.20,98.70,0.00,22.90,88.10,0.00,0.00,,-4.20
2026-01-27 06:00:00.000 +0000,2.20,98.48,0.00,22.80,88.00,0.00,0.00,,-4.20
2026-01-27 05:00:00.000 +0000,2.20,97.83,0.00,22.80,89.10,0.00,0.00,,-4.20
2026-01-27 05:00:00.000 +0000,2.20,98.14,0.00,22.80,89.00,0.00,0.00,,-4.20
2026-01-27 04:00:00.000 +0000,4.00,80.80,0.00,21.10,97.20,0.00,0.00,,-1.60
2026-01-27 04:00:00.000 +0000,4.00,80.80,0.00,21.20,97.30,0.00,0.00,,-1.60
2026-01-27 03:00:00.000 +0000,4.00,80.80,0.00,18.70,100.00,0.00,0.00,,-1.30
2026-01-27 03:00:00.000 +0000,4.00,80.80,0.00,18.70,100.00,0.00,0.00,,-1.30
2026-01-27 02:00:00.000 +0000,4.00,80.80,0.00,16.30,100.00,0.00,0.00,,-0.90
2026-01-27 02:00:00.000 +0000,4.00,80.80,0.00,16.30,100.00,0.00,0.00,,-0.90
2026-01-27 01:00:00.000 +0000,4.20,82.13,0.00,15.20,96.20,0.00,0.00,,-0.50
2026-01-27 01:00:00.000 +0000,4.20,82.17,0.00,15.20,96.20,0.00,0.00,,-0.50
2026-01-27 00:00:00.000 +0000,4.20,82.17,0.00,15.10,100.00,0.00,0.00,,-0.50
2026-01-27 00:00:00.000 +0000,4.20,82.13,0.00,15.10,100.00,0.00,0.00,,-0.40
2026-01-26 23:00:00.000 +0000,3.40,86.75,0.00,12.20,100.00,0.00,0.00,,-0.90
2026-01-26 23:00:00.000 +0000,3.40,86.69,0.00,12.20,100.00,0.00,0.00,,-0.90
2026-01-26 22:00:00.000 +0000,1.20,91.97,0.00,13.70,100.00,0.00,0.00,,-4.00
2026-01-26 22:00:00.000 +0000,1.20,91.79,0.00,13.60,100.00,0.00,0.00,,-3.90
2026-01-26 21:00:00.000 +0000,1.10,92.28,0.00,11.40,100.00,0.00,0.00,,-3.60
2026-01-26 21:00:00.000 +0000,1.10,92.15,0.00,11.40,100.00,0.00,0.00,,-3.60
2026-01-26 20:00:00.000 +0000,1.20,91.97,0.00,12.60,100.00,0.00,0.00,,-3.80
2026-01-26 20:00:00.000 +0000,1.10,92.13,0.00,12.70,100.00,0.00,0.00,,-3.80
2026-01-26 19:00:00.000 +0000,1.10,92.41,0.00,10.10,99.00,0.00,0.00,,-3.20
2026-01-26 19:00:00.000 +0000,1.10,92.50,0.00,10.10,99.10,0.00,0.00,,-3.30
2026-01-26 18:00:00.000 +0000,1.20,92.19,0.00,11.10,89.00,0.00,0.00,,-3.50
2026-01-26 18:00:00.000 +0000,1.20,92.04,0.00,11.10,89.10,0.00,0.00,,-3.40
2026-01-26 17:00:00.000 +0000,1.20,92.03,0.00,11.10,89.00,0.00,0.00,,-3.40
2026-01-26 17:00:00.000 +0000,1.20,91.86,0.00,11.10,89.10,0.00,0.00,,-3.40
2026-01-26 16:00:00.000 +0000,1.20,91.61,0.00,8.20,89.10,0.00,6.00,,-2.60
2026-01-26 16:00:00.000 +0000,1.20,91.81,0.00,8.20,89.00,0.00,6.00,,-2.60
2026-01-26 15:00:00.000 +0000,1.20,92.03,0.00,7.20,89.00,0.00,13.00,,-2.30
2026-01-26 15:00:00.000 +0000,1.20,91.86,0.00,7.20,89.10,0.00,13.00,,-2.20
2026-01-26 14:00:00.000 +0000,1.20,98.19,0.00,10.20,89.20,0.10,23.00,,-3.20
2026-01-26 14:00:00.000 +0000,1.20,97.88,0.00,10.20,89.50,0.10,23.00,,-3.10
2026-01-26 13:00:00.000 +0000,2.10,92.28,0.00,9.20,89.50,0.10,35.00,,-1.70
2026-01-26 13:00:00.000 +0000,2.10,92.40,0.00,9.20,89.20,0.10,35.00,,-1.80
2026-01-26 12:00:00.000 +0000,2.20,92.10,0.00,10.00,89.50,0.10,30.00,,-1.90
2026-01-26 12:00:00.000 +0000,2.10,92.25,0.00,10.00,89.20,0.10,30.00,,-2.00
2026-01-26 11:00:00.000 +0000,2.10,98.20,0.00,7.90,89.20,0.10,22.00,,-1.30
2026-01-26 11:00:00.000 +0000,2.20,97.90,0.00,7.90,89.50,0.10,22.00,,-1.30
2026-01-26 10:00:00.000 +0000,2.10,99.10,0.00,8.80,89.20,0.10,17.00,,-1.70
2026-01-26 10:00:00.000 +0000,2.10,98.93,0.00,8.70,89.50,0.10,17.00,,-1.60
2026-01-26 09:00:00.000 +0000,2.10,98.93,0.00,6.50,89.50,0.00,5.00,,-0.90
2026-01-26 09:00:00.000 +0000,2.10,99.10,0.00,6.60,89.20,0.00,5.00,,-1.00
2026-01-26 08:00:00.000 +0000,2.10,99.10,0.00,6.70,89.20,0.00,0.00,,-1.00
2026-01-26 08:00:00.000 +0000,2.10,98.93,0.00,6.60,89.50,0.00,0.00,,-0.90
2026-01-26 07:00:00.000 +0000,2.10,99.26,0.00,5.70,89.20,0.00,0.00,,-0.60
2026-01-26 07:00:00.000 +0000,2.10,99.13,0.00,5.60,89.50,0.00,0.00,,-0.50
2026-01-26 06:00:00.000 +0000,2.10,99.01,0.00,6.40,89.50,0.00,0.00,,-0.80
2026-01-26 06:00:00.000 +0000,2.10,99.16,0.00,6.50,89.20,0.00,0.00,,-0.90
2026-01-26 05:00:00.000 +0000,2.20,98.74,0.00,7.50,89.50,0.00,0.00,,-1.20
2026-01-26 05:00:00.000 +0000,2.10,98.93,0.00,7.50,89.20,0.00,0.00,,-1.20
2026-01-26 04:00:00.000 +0000,3.70,90.22,0.00,3.10,100.00,0.00,0.00,,2.70
2026-01-26 04:00:00.000 +0000,3.70,90.16,0.00,3.10,100.00,0.00,0.00,,2.70
2026-01-26 03:00:00.000 +0000,3.70,90.16,0.00,2.80,100.00,0.00,0.00,,
2026-01-26 03:00:00.000 +0000,3.70,90.22,0.00,2.80,100.00,0.00,0.00,,
2026-01-26 02:00:00.000 +0000,3.70,90.16,0.00,3.10,94.50,0.00,0.00,,2.70
2026-01-26 02:00:00.000 +0000,3.70,90.22,0.00,3.10,94.50,0.00,0.00,,2.70
2026-01-26 01:00:00.000 +0000,3.70,90.22,0.00,4.30,100.00,0.00,0.00,,2.00
2026-01-26 01:00:00.000 +0000,3.70,90.16,0.00,4.30,100.00,0.00,0.00,,2.00
2026-01-26 00:00:00.000 +0000,3.70,90.16,0.00,4.70,100.00,0.00,0.00,,1.80
2026-01-26 00:00:00.000 +0000,3.70,90.22,0.00,4.70,100.00,0.00,0.00,,1.80
2026-01-25 23:00:00.000 +0000,2.20,98.93,0.00,5.70,100.00,0.00,0.00,,-0.50
2026-01-25 23:00:00.000 +0000,2.20,98.75,0.00,5.70,100.00,0.00,0.00,,-0.50
2026-01-25 22:00:00.000 +0000,2.20,98.93,0.00,7.00,89.20,0.00,0.00,,-1.00
2026-01-25 22:00:00.000 +0000,2.20,98.75,0.00,7.00,89.50,0.00,0.00,,-1.00
2026-01-25 21:00:00.000 +0000,2.20,92.72,0.00,8.60,100.00,0.00,0.00,,-1.50
2026-01-25 21:00:00.000 +0000,2.20,92.78,0.00,8.70,100.00,0.00,0.00,,-1.60
2026-01-25 20:00:00.000 +0000,2.10,93.02,0.00,10.40,100.00,0.00,0.00,,-2.00
2026-01-25 20:00:00.000 +0000,2.10,93.03,0.00,10.50,100.00,0.00,0.00,,-2.10
2026-01-25 19:00:00.000 +0000,3.10,92.30,0.00,10.60,99.70,0.00,0.00,,-0.90
2026-01-25 19:00:00.000 +0000,3.10,92.16,0.00,10.50,99.70,0.00,0.00,,-0.90
2026-01-25 18:00:00.000 +0000,3.10,92.16,0.00,11.00,99.70,0.00,0.00,,-1.00
2026-01-25 18:00:00.000 +0000,3.10,92.30,0.00,11.10,99.70,0.00,0.00,,-1.00
2026-01-25 17:00:00.000 +0000,3.10,92.25,0.00,12.70,99.70,0.00,0.00,,-1.40
2026-01-25 17:00:00.000 +0000,3.10,92.10,0.00,12.60,99.70,0.00,0.00,,-1.30
2026-01-25 16:00:00.000 +0000,3.20,92.09,0.00,11.30,99.70,0.00,2.00,,-1.00
2026-01-25 16:00:00.000 +0000,3.20,91.92,0.00,11.30,99.70,0.00,2.00,,-0.90
2026-01-25 15:00:00.000 +0000,4.10,91.98,0.00,12.60,99.70,0.00,9.00,,-0.10
2026-01-25 15:00:00.000 +0000,4.10,92.15,0.00,12.60,99.70,0.00,9.00,,-0.10
2026-01-25 14:00:00.000 +0000,4.10,98.72,0.00,13.60,99.70,0.10,16.00,,-0.30
2026-01-25 14:00:00.000 +0000,4.10,98.50,0.00,13.50,99.70,0.10,16.00,,-0.20
2026-01-25 13:00:00.000 +0000,4.10,98.50,0.00,12.70,99.70,0.10,19.00,,-0.10
2026-01-25 13:00:00.000 +0000,4.10,98.72,0.00,12.70,99.70,0.10,19.00,,-0.10
2026-01-25 12:00:00.000 +0000,4.10,98.95,0.00,13.90,100.00,0.10,22.00,,-0.30
2026-01-25 12:00:00.000 +0000,4.10,98.76,0.00,13.90,100.00,0.10,22.00,,-0.30
2026-01-25 11:00:00.000 +0000,4.10,98.49,0.00,13.00,98.80,0.00,12.00,,-0.10
2026-01-25 11:00:00.000 +0000,4.20,98.24,0.00,13.00,98.60,0.00,12.00,,-0.10
2026-01-25 10:00:00.000 +0000,4.20,98.50,0.00,15.00,98.60,0.10,14.00,,-0.50
2026-01-25 10:00:00.000 +0000,4.10,98.72,0.00,15.00,98.80,0.10,14.00,,-0.50
2026-01-25 09:00:00.000 +0000,4.20,98.12,0.00,15.00,98.60,0.00,5.00,,-0.40
2026-01-25 09:00:00.000 +0000,4.20,98.39,0.00,15.00,98.80,0.00,5.00,,-0.40
2026-01-25 08:00:00.000 +0000,4.20,98.12,0.00,15.30,99.70,0.00,0.00,,-0.40
2026-01-25 08:00:00.000 +0000,4.20,98.39,0.00,15.30,99.70,0.00,0.00,,-0.50
2026-01-25 07:00:00.000 +0000,4.20,98.72,0.00,14.00,99.70,0.00,0.00,,-0.20
2026-01-25 07:00:00.000 +0000,4.20,98.50,0.00,14.00,99.70,0.00,0.00,,-0.20
2026-01-25 06:00:00.000 +0000,4.20,98.50,0.00,14.90,89.50,0.00,0.00,,-0.40
2026-01-25 06:00:00.000 +0000,4.20,98.72,0.00,14.90,89.20,0.00,0.00,,-0.40
2026-01-25 05:00:00.000 +0000,6.50,86.52,0.00,15.70,100.00,0.00,0.00,,2.40
2026-01-25 05:00:00.000 +0000,6.50,86.50,0.00,15.70,100.00,0.00,0.00,,2.40
2026-01-25 04:00:00.000 +0000,6.50,83.80,0.00,16.30,100.00,0.00,0.00,,2.30
2026-01-25 04:00:00.000 +0000,6.50,83.79,0.00,16.30,100.00,0.00,0.00,,2.30
2026-01-25 03:00:00.000 +0000,6.50,83.80,0.00,15.90,100.00,0.00,0.00,,2.40
2026-01-25 03:00:00.000 +0000,6.50,83.79,0.00,15.90,100.00,0.00,0.00,,2.40
2026-01-25 02:00:00.000 +0000,6.50,82.47,0.00,15.20,100.00,0.00,0.00,,2.50
2026-01-25 02:00:00.000 +0000,6.50,82.43,0.00,15.20,100.00,0.00,0.00,,2.50
2026-01-25 01:00:00.000 +0000,6.50,83.79,0.00,15.40,65.90,0.00,0.00,,2.50
2026-01-25 01:00:00.000 +0000,6.50,83.80,0.00,15.50,65.70,0.00,0.00,,2.50
2026-01-25 00:00:00.000 +0000,6.50,82.47,0.00,16.60,94.50,0.00,0.00,,2.30
2026-01-25 00:00:00.000 +0000,6.50,82.43,0.00,16.50,94.50,0.00,0.00,,2.30
2026-01-24 23:00:00.000 +0000,5.00,86.71,0.00,18.00,86.90,0.00,0.00,,0.20
2026-01-24 23:00:00.000 +0000,5.00,86.67,0.00,18.00,86.70,0.00,0.00,,0.20
2026-01-24 22:00:00.000 +0000,4.10,92.31,0.00,16.00,88.40,0.00,0.00,,-0.70
2026-01-24 22:00:00.000 +0000,4.20,92.15,0.00,16.00,88.50,0.00,0.00,,-0.60
2026-01-24 21:00:00.000 +0000,5.00,86.16,0.00,15.90,84.50,0.00,0.00,,0.50
2026-01-24 21:00:00.000 +0000,5.00,86.27,0.00,15.90,85.00,0.00,0.00,,0.50
2026-01-24 20:00:00.000 +0000,5.10,91.92,0.00,15.80,88.00,0.00,0.00,,0.60
2026-01-24 20:00:00.000 +0000,5.10,92.12,0.00,15.90,88.00,0.00,0.00,,0.60
2026-01-24 19:00:00.000 +0000,4.20,98.07,0.00,14.90,83.50,0.00,0.00,,-0.40
2026-01-24 19:00:00.000 +0000,4.20,97.74,0.00,14.90,82.70,0.00,0.00,,-0.40
2026-01-24 18:00:00.000 +0000,5.10,91.92,0.00,14.80,83.40,0.00,0.00,,0.80
2026-01-24 18:00:00.000 +0000,5.10,92.12,0.00,14.80,84.00,0.00,0.00,,0.80
2026-01-24 17:00:00.000 +0000,5.10,92.06,0.00,12.90,83.40,0.00,1.00,,1.10
2026-01-24 17:00:00.000 +0000,5.10,91.85,0.00,12.90,82.60,0.00,1.00,,1.10
2026-01-24 16:00:00.000 +0000,6.00,86.23,0.00,14.00,86.40,0.10,20.00,,2.10
2026-01-24 16:00:00.000 +0000,6.00,86.09,0.00,14.00,86.10,0.10,20.00,,2.10
2026-01-24 15:00:00.000 +0000,6.10,85.54,0.00,14.00,80.40,0.20,65.00,,2.20
2026-01-24 15:00:00.000 +0000,6.10,85.76,0.00,14.00,81.50,0.20,65.00,,2.20
2026-01-24 14:00:00.000 +0000,7.00,85.85,0.00,10.40,86.90,0.40,120.00,,4.00
2026-01-24 14:00:00.000 +0000,7.00,85.64,0.00,10.50,86.70,0.40,120.00,,4.00
2026-01-24 13:00:00.000 +0000,5.20,91.15,0.00,13.00,87.30,0.40,101.00,,1.30
2026-01-24 13:00:00.000 +0000,5.20,91.46,0.00,13.00,87.50,0.40,101.00,,1.20
2026-01-24 12:00:00.000 +0000,5.20,85.84,0.00,14.80,89.10,0.40,123.00,,0.90
2026-01-24 12:00:00.000 +0000,5.20,86.00,0.00,14.80,89.00,0.40,123.00,,0.90
2026-01-24 11:00:00.000 +0000,5.20,85.61,0.00,14.90,89.10,0.60,164.00,,0.90
2026-01-24 11:00:00.000 +0000,5.20,85.80,0.00,14.90,89.00,0.60,164.00,,0.80
2026-01-24 10:00:00.000 +0000,4.30,91.27,0.00,12.80,87.40,0.10,40.00,,0.10
2026-01-24 10:00:00.000 +0000,4.30,91.55,0.00,12.80,87.50,0.10,40.00,,0.10
2026-01-24 09:00:00.000 +0000,4.20,91.80,0.00,15.90,88.50,0.10,14.00,,-0.50
2026-01-24 09:00:00.000 +0000,4.20,92.00,0.00,16.00,88.40,0.10,14.00,,-0.60
2026-01-24 08:00:00.000 +0000,5.10,91.86,0.00,16.70,88.30,0.00,0.00,,0.50
2026-01-24 08:00:00.000 +0000,5.10,92.06,0.00,16.80,88.30,0.00,0.00,,0.50
2026-01-24 07:00:00.000 +0000,5.10,92.27,0.00,13.60,88.70,0.00,0.00,,1.00
2026-01-24 07:00:00.000 +0000,5.20,92.11,0.00,13.50,88.80,0.00,0.00,,1.10
2026-01-24 06:00:00.000 +0000,4.20,92.22,0.00,11.40,89.00,0.00,0.00,,0.30
2026-01-24 06:00:00.000 +0000,4.30,92.05,0.00,11.40,89.10,0.00,0.00,,0.40
2026-01-24 05:00:00.000 +0000,5.20,91.92,0.00,16.70,88.00,0.00,0.00,,0.60
2026-01-24 05:00:00.000 +0000,5.10,92.12,0.00,16.70,88.10,0.00,0.00,,0.50
2026-01-24 04:00:00.000 +0000,6.70,82.46,0.00,11.20,90.80,0.00,0.00,,3.50
2026-01-24 04:00:00.000 +0000,6.70,82.50,0.00,11.30,90.70,0.00,0.00,,3.50
2026-01-24 03:00:00.000 +0000,7.00,82.96,0.00,14.20,91.80,0.00,0.00,,3.20
2026-01-24 03:00:00.000 +0000,7.00,83.04,0.00,14.20,91.80,0.00,0.00,,3.20
2026-01-24 02:00:00.000 +0000,7.00,83.04,0.00,12.80,93.50,0.00,0.00,,3.50
2026-01-24 02:00:00.000 +0000,7.00,82.96,0.00,12.80,93.50,0.00,0.00,,3.50
2026-01-24 01:00:00.000 +0000,7.00,83.04,0.00,12.80,76.00,0.00,0.00,,3.50
2026-01-24 01:00:00.000 +0000,7.00,82.96,0.00,12.80,76.10,0.00,0.00,,3.50
2026-01-24 00:00:00.000 +0000,7.00,84.32,0.00,13.20,97.20,0.00,0.00,,3.40
2026-01-24 00:00:00.000 +0000,7.00,84.37,0.00,13.20,97.30,0.00,0.00,,3.40
2026-01-23 23:00:00.000 +0000,7.20,85.76,0.00,13.30,100.00,0.00,0.00,,3.70
2026-01-23 23:00:00.000 +0000,7.20,85.67,0.00,13.30,100.00,0.00,0.00,,3.70
2026-01-23 22:00:00.000 +0000,6.10,92.16,0.00,14.50,89.10,0.00,0.00,,2.10
2026-01-23 22:00:00.000 +0000,6.10,92.33,0.00,14.60,89.00,0.00,0.00,,2.00
2026-01-23 21:00:00.000 +0000,6.10,92.51,0.00,15.90,88.00,0.00,0.00,,1.80
2026-01-23 21:00:00.000 +0000,6.10,92.63,0.00,16.00,88.10,0.00,0.00,,1.80
2026-01-23 20:00:00.000 +0000,5.20,98.73,0.00,15.90,88.10,0.00,0.00,,0.70
2026-01-23 20:00:00.000 +0000,5.20,98.51,0.00,15.90,88.00,0.00,0.00,,0.70
2026-01-23 19:00:00.000 +0000,5.20,98.14,0.00,15.80,88.00,0.00,0.00,,0.70
2026-01-23 19:00:00.000 +0000,5.20,98.41,0.00,15.90,88.10,0.00,0.00,,0.70
2026-01-23 18:00:00.000 +0000,5.20,98.41,0.00,15.00,88.10,0.00,0.00,,0.90
2026-01-23 18:00:00.000 +0000,5.20,98.13,0.00,15.00,88.00,0.00,0.00,,0.90
2026-01-23 17:00:00.000 +0000,5.20,98.51,0.00,16.90,88.00,0.00,0.00,,0.60
2026-01-23 17:00:00.000 +0000,5.20,98.73,0.00,17.00,88.10,0.00,0.00,,0.50
2026-01-23 16:00:00.000 +0000,6.10,92.70,0.00,16.80,88.00,0.00,3.00,,1.70
2026-01-23 16:00:00.000 +0000,6.10,92.79,0.00,16.80,88.10,0.00,3.00,,1.70
2026-01-23 15:00:00.000 +0000,6.10,92.33,0.00,15.00,89.20,0.10,23.00,,2.00
2026-01-23 15:00:00.000 +0000,6.10,92.16,0.00,15.00,89.50,0.10,23.00,,2.00
2026-01-23 14:00:00.000 +0000,6.10,91.92,0.00,16.10,88.70,0.10,15.00,,1.90
2026-01-23 14:00:00.000 +0000,6.10,92.12,0.00,16.10,88.60,0.10,15.00,,1.90
2026-01-23 13:00:00.000 +0000,5.20,98.14,0.00,16.20,89.50,0.20,45.00,,0.70
2026-01-23 13:00:00.000 +0000,5.20,98.41,0.00,16.20,89.20,0.20,45.00,,0.60
2026-01-23 12:00:00.000 +0000,5.20,98.18,0.00,16.90,88.60,0.20,44.00,,0.60
2026-01-23 12:00:00.000 +0000,5.30,97.88,0.00,16.90,88.70,0.20,44.00,,0.70
2026-01-23 11:00:00.000 +0000,5.20,98.79,0.00,17.00,89.00,0.20,44.00,,0.50
2026-01-23 11:00:00.000 +0000,5.20,98.58,0.00,16.90,89.10,0.20,44.00,,0.60
2026-01-23 10:00:00.000 +0000,5.20,98.57,0.00,14.80,97.80,0.10,19.00,,0.80
2026-01-23 10:00:00.000 +0000,5.20,98.32,0.00,14.80,97.40,0.10,19.00,,0.90
2026-01-23 09:00:00.000 +0000,5.20,98.57,0.00,13.60,99.30,0.00,10.00,,1.10
2026-01-23 09:00:00.000 +0000,5.20,98.32,0.00,13.60,99.20,0.00,10.00,,1.10
2026-01-23 08:00:00.000 +0000,5.10,98.73,0.00,13.50,87.10,0.00,0.00,,1.00
2026-01-23 08:00:00.000 +0000,5.10,98.51,0.00,13.40,86.90,0.00,0.00,,1.00
2026-01-23 07:00:00.000 +0000,5.10,92.89,0.00,11.20,88.00,0.00,0.00,,1.40
2026-01-23 07:00:00.000 +0000,5.10,92.94,0.00,11.20,88.10,0.00,0.00,,1.40
2026-01-23 06:00:00.000 +0000,5.10,92.64,0.00,11.60,99.20,0.00,0.00,,1.40
2026-01-23 06:00:00.000 +0000,5.10,92.73,0.00,11.60,99.30,0.00,0.00,,1.40
2026-01-23 05:00:00.000 +0000,5.10,98.96,0.00,11.70,89.00,0.00,0.00,,1.40
2026-01-23 05:00:00.000 +0000,5.20,98.77,0.00,11.80,89.10,0.00,0.00,,1.40
2026-01-23 04:00:00.000 +0000,7.00,90.40,0.00,15.30,100.00,0.00,0.00,,3.10
2026-01-23 04:00:00.000 +0000,7.00,90.45,0.00,15.40,100.00,0.00,0.00,,3.10
2026-01-23 03:00:00.000 +0000,6.20,93.32,0.00,14.80,100.00,0.00,0.00,,2.20
2026-01-23 03:00:00.000 +0000,6.20,93.25,0.00,14.70,100.00,0.00,0.00,,2.20
2026-01-23 02:00:00.000 +0000,6.40,90.36,0.00,14.90,97.20,0.00,0.00,,2.40
2026-01-23 02:00:00.000 +0000,6.40,90.42,0.00,14.90,97.30,0.00,0.00,,2.40
2026-01-23 01:00:00.000 +0000,6.40,90.36,0.00,17.00,97.20,0.00,0.00,,2.10
2026-01-23 01:00:00.000 +0000,6.40,90.42,0.00,17.00,97.30,0.00,0.00,,2.10
2026-01-23 00:00:00.000 +0000,5.40,94.73,0.00,18.00,100.00,0.00,0.00,,0.70
2026-01-23 00:00:00.000 +0000,5.40,94.78,0.00,18.10,100.00,0.00,0.00,,0.70
2026-01-22 23:00:00.000 +0000,5.40,91.80,0.00,18.90,100.00,0.00,0.00,,0.60
2026-01-22 23:00:00.000 +0000,5.40,91.77,0.00,18.90,100.00,0.00,0.00,,0.60
2026-01-22 22:00:00.000 +0000,4.10,98.76,0.00,19.40,99.70,0.00,0.00,,-1.20
2026-01-22 22:00:00.000 +0000,4.10,98.95,0.00,19.50,99.70,0.00,0.00,,-1.20
2026-01-22 21:00:00.000 +0000,4.10,98.89,0.00,16.10,99.70,0.00,0.00,,-0.70
2026-01-22 21:00:00.000 +0000,4.10,99.05,0.00,16.10,99.70,0.00,0.00,,-0.70
2026-01-22 20:00:00.000 +0000,4.10,98.88,0.00,16.20,100.00,0.00,0.00,,-0.70
2026-01-22 20:00:00.000 +0000,4.10,98.70,0.00,16.20,100.00,0.00,0.00,,-0.70
2026-01-22 19:00:00.000 +0000,4.00,99.44,0.00,14.10,100.00,0.00,0.00,,-0.50
2026-01-22 19:00:00.000 +0000,4.00,99.34,0.00,14.10,100.00,0.00,0.00,,-0.50
2026-01-22 18:00:00.000 +0000,4.10,98.72,0.00,14.10,100.00,0.00,0.00,,-0.40
2026-01-22 18:00:00.000 +0000,4.10,98.50,0.00,14.10,100.00,0.00,0.00,,-0.30
2026-01-22 17:00:00.000 +0000,4.10,98.70,0.00,13.30,100.00,0.00,0.00,,-0.20
2026-01-22 17:00:00.000 +0000,4.10,98.88,0.00,13.30,100.00,0.00,0.00,,-0.20
2026-01-22 16:00:00.000 +0000,4.10,98.96,0.00,13.10,100.00,0.00,0.00,,-0.20
2026-01-22 16:00:00.000 +0000,4.10,99.11,0.00,13.10,100.00,0.00,0.00,,-0.20
2026-01-22 15:00:00.000 +0000,4.20,98.72,0.00,15.00,99.70,0.00,5.00,,-0.50
2026-01-22 15:00:00.000 +0000,4.20,98.50,0.00,15.00,99.70,0.00,5.00,,-0.40
2026-01-22 14:00:00.000 +0000,5.10,92.64,0.00,16.00,99.70,0.00,13.00,,0.60
2026-01-22 14:00:00.000 +0000,5.10,92.73,0.00,16.00,99.70,0.00,13.00,,0.60
2026-01-22 13:00:00.000 +0000,5.10,92.73,0.00,15.00,99.70,0.10,19.00,,0.80
2026-01-22 13:00:00.000 +0000,5.10,92.64,0.00,15.00,99.70,0.10,19.00,,0.80
2026-01-22 12:00:00.000 +0000,5.10,92.95,0.00,14.80,99.70,0.10,15.00,,0.80
2026-01-22 12:00:00.000 +0000,5.10,92.89,0.00,14.70,99.70,0.10,15.00,,0.80
2026-01-22 11:00:00.000 +0000,5.20,98.51,0.00,14.70,100.00,0.10,16.00,,0.90
2026-01-22 11:00:00.000 +0000,5.10,98.73,0.00,14.70,100.00,0.10,16.00,,0.80
2026-01-22 10:00:00.000 +0000,5.10,99.12,0.00,13.80,99.70,0.00,12.00,,0.90
2026-01-22 10:00:00.000 +0000,5.10,98.97,0.00,13.80,99.70,0.00,12.00,,1.00
2026-01-22 09:00:00.000 +0000,5.20,99.09,0.00,13.90,99.70,0.00,3.00,,1.00
2026-01-22 09:00:00.000 +0000,5.10,99.22,0.00,13.90,99.70,0.00,3.00,,1.00
2026-01-22 08:00:00.000 +0000,6.10,99.13,0.00,13.90,99.70,0.00,0.00,,2.20
2026-01-22 08:00:00.000 +0000,6.10,98.98,0.00,13.90,99.70,0.00,0.00,,2.20
2026-01-22 07:00:00.000 +0000,6.10,98.78,0.00,14.50,99.70,0.00,0.00,,2.10
2026-01-22 07:00:00.000 +0000,6.10,98.96,0.00,14.60,99.70,0.00,0.00,,2.10
2026-01-22 06:00:00.000 +0000,6.10,98.78,0.00,12.60,99.70,0.00,0.00,,2.50
2026-01-22 06:00:00.000 +0000,6.10,98.96,0.00,12.60,99.70,0.00,0.00,,2.40
2026-01-22 05:00:00.000 +0000,6.10,99.29,0.00,12.70,100.00,0.00,0.00,,2.40
2026-01-22 05:00:00.000 +0000,6.10,99.16,0.00,12.60,100.00,0.00,0.00,,2.50
2026-01-22 04:00:00.000 +0000,7.40,90.44,0.00,13.90,100.00,0.00,0.00,,3.90
2026-01-22 04:00:00.000 +0000,7.40,90.49,0.00,13.90,100.00,0.00,0.00,,3.90
2026-01-22 03:00:00.000 +0000,7.70,91.34,0.00,13.70,100.00,0.00,0.00,,4.30
2026-01-22 03:00:00.000 +0000,7.70,91.39,0.00,13.70,100.00,0.00,0.00,,4.30
2026-01-22 02:00:00.000 +0000,7.70,91.39,0.00,12.50,100.00,0.00,0.00,,4.50
2026-01-22 02:00:00.000 +0000,7.70,91.34,0.00,12.40,100.00,0.00,0.00,,4.50
2026-01-22 01:00:00.000 +0000,8.00,88.54,0.00,12.80,100.00,0.00,0.00,,4.80
2026-01-22 01:00:00.000 +0000,7.90,88.58,0.00,12.80,100.00,0.00,0.00,,4.70
2026-01-22 00:00:00.000 +0000,7.90,88.58,0.00,14.20,100.00,0.00,0.00,,4.50
2026-01-22 00:00:00.000 +0000,8.00,88.54,0.00,14.20,100.00,0.00,0.00,,4.50
2026-01-21 23:00:00.000 +0000,8.00,93.34,0.00,14.30,100.00,0.00,0.00,,4.50
2026-01-21 23:00:00.000 +0000,7.90,93.41,0.00,14.30,100.00,0.00,0.00,,4.50
2026-01-21 22:00:00.000 +0000,7.10,98.97,0.00,15.10,100.00,0.00,0.00,,3.30
2026-01-21 22:00:00.000 +0000,7.10,98.79,0.00,15.10,100.00,0.00,0.00,,3.30
2026-01-21 21:00:00.000 +0000,7.10,98.97,0.00,15.00,89.20,0.00,0.00,,3.30
2026-01-21 21:00:00.000 +0000,7.10,98.79,0.00,15.00,89.50,0.00,0.00,,3.30
2026-01-21 20:00:00.000 +0000,7.10,98.79,0.00,17.90,89.50,0.00,0.00,,2.90
2026-01-21 20:00:00.000 +0000,7.10,98.97,0.00,18.00,89.20,0.00,0.00,,2.90
2026-01-21 19:00:00.000 +0000,7.10,98.60,0.00,16.30,89.50,0.00,0.00,,3.20
2026-01-21 19:00:00.000 +0000,7.10,98.81,0.00,16.30,89.20,0.00,0.00,,3.10
2026-01-21 18:00:00.000 +0000,7.10,98.79,0.00,15.20,89.50,0.00,0.00,,3.30
2026-01-21 18:00:00.000 +0000,7.10,98.97,0.00,15.20,89.20,0.00,0.00,,3.30
2026-01-21 17:00:00.000 +0000,8.00,98.98,0.00,16.20,89.00,0.00,0.00,,4.30
2026-01-21 17:00:00.000 +0000,8.00,98.80,0.00,16.20,89.10,0.00,0.00,,4.30
2026-01-21 16:00:00.000 +0000,8.00,98.80,0.00,16.20,89.10,0.00,1.00,,4.30
2026-01-21 16:00:00.000 +0000,8.00,98.98,0.00,16.20,89.00,0.00,1.00,,4.30
2026-01-21 15:00:00.000 +0000,7.10,98.97,0.00,15.20,100.00,0.00,9.00,,3.30
2026-01-21 15:00:00.000 +0000,7.10,98.79,0.00,15.20,100.00,0.00,9.00,,3.30
2026-01-21 14:00:00.000 +0000,6.10,99.29,0.00,14.10,99.70,0.10,18.00,,2.20
2026-01-21 14:00:00.000 +0000,6.10,99.16,0.00,14.10,99.70,0.10,18.00,,2.20
2026-01-21 13:00:00.000 +0000,5.20,98.89,0.00,12.80,99.70,0.10,24.00,,1.20
2026-01-21 13:00:00.000 +0000,5.10,99.06,0.00,12.80,99.70,0.10,24.00,,1.20
2026-01-21 12:00:00.000 +0000,5.10,92.58,0.00,15.00,95.80,0.10,37.00,,0.70
2026-01-21 12:00:00.000 +0000,5.10,92.46,0.00,15.10,95.10,0.10,37.00,,0.70
2026-01-21 11:00:00.000 +0000,3.20,98.76,0.00,13.50,99.70,0.10,24.00,,-1.40
2026-01-21 11:00:00.000 +0000,3.20,98.94,0.00,13.50,99.70,0.10,24.00,,-1.40
2026-01-21 10:00:00.000 +0000,3.20,98.76,0.00,12.70,98.60,0.10,36.00,,-1.20
2026-01-21 10:00:00.000 +0000,3.20,98.94,0.00,12.70,98.80,0.10,36.00,,-1.30
2026-01-21 09:00:00.000 +0000,4.00,93.01,0.00,10.40,87.60,0.00,13.00,,0.30
2026-01-21 09:00:00.000 +0000,4.00,93.04,0.00,10.40,87.70,0.00,13.00,,0.30
2026-01-21 08:00:00.000 +0000,3.10,98.75,0.00,9.30,84.50,0.00,0.00,,-0.50
2026-01-21 08:00:00.000 +0000,3.10,98.94,0.00,9.30,85.00,0.00,0.00,,-0.60
2026-01-21 07:00:00.000 +0000,3.10,99.44,0.00,9.40,53.00,0.00,0.00,,-0.50
2026-01-21 07:00:00.000 +0000,3.20,99.34,0.00,9.40,53.50,0.00,0.00,,-0.50
2026-01-21 06:00:00.000 +0000,4.10,92.89,0.00,4.10,86.60,0.00,0.00,,2.60
2026-01-21 06:00:00.000 +0000,4.20,92.83,0.00,4.20,86.40,0.00,0.00,,2.50
2026-01-21 05:00:00.000 +0000,5.00,93.07,0.00,7.70,89.10,0.00,0.00,,2.20
2026-01-21 05:00:00.000 +0000,5.00,93.10,0.00,7.60,89.00,0.00,0.00,,2.30
2026-01-21 04:00:00.000 +0000,6.50,89.87,0.00,12.30,77.50,0.00,0.00,,3.00
2026-01-21 04:00:00.000 +0000,6.50,89.85,0.00,12.20,77.20,0.00,0.00,,3.00
2026-01-21 03:00:00.000 +0000,6.30,92.75,0.00,14.40,97.30,0.00,0.00,,2.30
2026-01-21 03:00:00.000 +0000,6.30,92.73,0.00,14.40,97.20,0.00,0.00,,2.30
2026-01-21 02:00:00.000 +0000,6.00,91.80,0.00,15.20,100.00,0.00,0.00,,1.80
2026-01-21 02:00:00.000 +0000,6.00,91.83,0.00,15.20,100.00,0.00,0.00,,1.80
2026-01-21 01:00:00.000 +0000,6.20,90.34,0.00,13.00,100.00,0.00,0.00,,2.50
2026-01-21 01:00:00.000 +0000,6.20,90.40,0.00,13.00,100.00,0.00,0.00,,2.50
2026-01-21 00:00:00.000 +0000,7.00,83.84,0.00,14.60,97.20,0.00,0.00,,3.20
2026-01-21 00:00:00.000 +0000,7.00,83.85,0.00,14.70,97.30,0.00,0.00,,3.20
2026-01-20 23:00:00.000 +0000,7.00,83.85,0.00,15.70,100.00,0.00,0.00,,3.00
2026-01-20 23:00:00.000 +0000,7.00,83.84,0.00,15.70,100.00,0.00,0.00,,3.00
2026-01-20 22:00:00.000 +0000,6.10,86.52,0.00,15.10,87.10,0.00,0.00,,2.00
2026-01-20 22:00:00.000 +0000,6.10,86.44,0.00,15.10,86.90,0.00,0.00,,2.00
2026-01-20 21:00:00.000 +0000,6.10,91.66,0.00,17.10,89.00,0.00,0.00,,1.70
2026-01-20 21:00:00.000 +0000,6.10,91.39,0.00,17.10,89.10,0.00,0.00,,1.70
2026-01-20 20:00:00.000 +0000,6.10,85.94,0.00,16.00,89.10,0.00,0.00,,1.90
2026-01-20 20:00:00.000 +0000,6.10,86.09,0.00,16.00,89.00,0.00,0.00,,1.80
2026-01-20 19:00:00.000 +0000,6.00,86.66,0.00,16.10,85.80,0.00,0.00,,1.80
2026-01-20 19:00:00.000 +0000,6.00,86.60,0.00,16.10,85.30,0.00,0.00,,1.80
2026-01-20 18:00:00.000 +0000,7.00,81.22,0.00,17.20,54.30,0.00,0.00,,2.90
2026-01-20 18:00:00.000 +0000,7.00,81.21,0.00,17.20,55.10,0.00,0.00,,2.90
2026-01-20 17:00:00.000 +0000,6.20,85.96,0.00,16.00,54.50,0.00,0.00,,2.00
2026-01-20 17:00:00.000 +0000,6.20,85.78,0.00,15.90,55.30,0.00,0.00,,2.00
2026-01-20 16:00:00.000 +0000,7.20,80.38,0.00,14.20,54.50,0.10,15.00,,3.50
2026-01-20 16:00:00.000 +0000,7.20,80.24,0.00,14.30,55.30,0.10,15.00,,3.50
2026-01-20 15:00:00.000 +0000,8.10,80.67,0.00,16.20,88.70,0.10,29.00,,4.40
2026-01-20 15:00:00.000 +0000,8.10,80.78,0.00,16.20,88.60,0.10,29.00,,4.40
2026-01-20 14:00:00.000 +0000,7.20,85.66,0.00,17.40,88.00,0.30,81.00,,3.10
2026-01-20 14:00:00.000 +0000,7.20,85.87,0.00,17.40,88.00,0.30,81.00,,3.00
2026-01-20 13:00:00.000 +0000,7.10,86.34,0.00,17.10,87.10,0.40,99.00,,3.00
2026-01-20 13:00:00.000 +0000,7.10,86.21,0.00,17.10,86.90,0.40,99.00,,3.10
2026-01-20 12:00:00.000 +0000,7.10,92.24,0.00,11.90,53.60,0.40,105.00,,3.80
2026-01-20 12:00:00.000 +0000,7.10,92.05,0.00,12.00,54.20,0.40,105.00,,3.80
2026-01-20 11:00:00.000 +0000,7.10,92.39,0.00,16.10,88.70,0.20,45.00,,3.10
2026-01-20 11:00:00.000 +0000,7.10,92.54,0.00,16.10,88.60,0.20,45.00,,3.10
2026-01-20 10:00:00.000 +0000,6.20,98.34,0.00,10.60,87.60,0.10,33.00,,2.90
2026-01-20 10:00:00.000 +0000,6.20,98.58,0.00,10.60,87.70,0.10,33.00,,2.90
2026-01-20 09:00:00.000 +0000,6.20,98.26,0.00,11.60,53.60,0.00,12.00,,2.70
2026-01-20 09:00:00.000 +0000,6.20,97.96,0.00,11.60,54.20,0.00,12.00,,2.70
2026-01-20 08:00:00.000 +0000,6.20,98.78,0.00,9.60,87.40,0.00,0.00,,3.20
2026-01-20 08:00:00.000 +0000,6.20,98.96,0.00,9.60,87.50,0.00,0.00,,3.10
2026-01-20 07:00:00.000 +0000,6.20,98.96,0.00,9.40,88.90,0.00,0.00,,3.20
2026-01-20 07:00:00.000 +0000,6.20,98.78,0.00,9.40,89.00,0.00,0.00,,3.20
2026-01-20 06:00:00.000 +0000,6.20,99.16,0.00,11.50,100.00,0.00,0.00,,2.80
2026-01-20 06:00:00.000 +0000,6.20,99.29,0.00,11.50,100.00,0.00,0.00,,2.70
2026-01-20 05:00:00.000 +0000,7.10,98.79,0.00,9.40,100.00,0.00,0.00,,4.30
2026-01-20 05:00:00.000 +0000,7.10,98.97,0.00,9.40,100.00,0.00,0.00,,4.30
2026-01-20 04:00:00.000 +0000,8.00,94.84,0.00,11.70,100.00,0.00,0.00,,4.90
2026-01-20 04:00:00.000 +0000,8.00,94.88,0.00,11.80,100.00,0.00,0.00,,4.90
2026-01-20 03:00:00.000 +0000,8.00,94.84,0.00,10.60,97.20,0.00,0.00,,5.10
2026-01-20 03:00:00.000 +0000,8.00,94.88,0.00,10.70,97.30,0.00,0.00,,5.10
2026-01-20 02:00:00.000 +0000,7.70,94.83,0.00,9.80,82.60,0.00,0.00,,5.00
2026-01-20 02:00:00.000 +0000,7.70,94.87,0.00,9.80,82.90,0.00,0.00,,5.00
2026-01-20 01:00:00.000 +0000,8.00,96.89,0.00,9.20,97.20,0.00,0.00,,5.40
2026-01-20 01:00:00.000 +0000,8.00,96.95,0.00,9.20,97.30,0.00,0.00,,5.40
2026-01-20 00:00:00.000 +0000,8.00,96.95,0.00,10.10,100.00,0.00,0.00,,5.20
2026-01-20 00:00:00.000 +0000,8.00,96.89,0.00,10.10,100.00,0.00,0.00,,5.20
2026-01-19 23:00:00.000 +0000,8.00,98.46,0.00,10.10,97.30,0.00,0.00,,5.20
2026-01-19 23:00:00.000 +0000,8.00,98.43,0.00,10.10,97.20,0.00,0.00,,5.20
2026-01-19 22:00:00.000 +0000,8.00,99.68,0.00,7.20,99.70,0.00,0.00,,5.90
2026-01-19 22:00:00.000 +0000,8.00,99.62,0.00,7.20,99.70,0.00,0.00,,5.90
2026-01-19 21:00:00.000 +0000,8.00,99.81,0.00,7.20,99.70,0.00,0.00,,6.00
2026-01-19 21:00:00.000 +0000,8.00,99.84,0.00,7.10,99.70,0.00,0.00,,6.00
2026-01-19 20:00:00.000 +0000,8.00,99.62,0.00,8.10,99.70,0.00,0.00,,5.70
2026-01-19 20:00:00.000 +0000,8.00,99.55,0.00,8.10,99.70,0.00,0.00,,5.70
2026-01-19 19:00:00.000 +0000,7.00,99.43,0.00,7.90,99.70,0.00,0.00,,4.60
2026-01-19 19:00:00.000 +0000,7.00,99.52,0.00,7.90,99.70,0.00,0.00,,4.60
2026-01-19 18:00:00.000 +0000,7.00,99.81,0.00,6.90,98.60,0.00,0.00,,4.80
2026-01-19 18:00:00.000 +0000,7.00,99.84,0.00,6.90,98.80,0.00,0.00,,4.80
2026-01-19 17:00:00.000 +0000,7.00,99.61,0.00,4.90,100.00,0.00,0.00,,5.50
2026-01-19 17:00:00.000 +0000,7.00,99.55,0.00,4.90,100.00,0.00,0.00,,5.50
2026-01-19 16:00:00.000 +0000,7.00,99.55,0.00,4.80,100.00,0.00,10.00,,5.50
2026-01-19 16:00:00.000 +0000,7.00,99.61,0.00,4.80,100.00,0.00,10.00,,5.50
2026-01-19 15:00:00.000 +0000,7.00,99.61,0.00,3.60,98.80,0.10,18.00,,6.10
2026-01-19 15:00:00.000 +0000,7.00,99.55,0.00,3.70,98.60,0.10,18.00,,6.00
2026-01-19 14:00:00.000 +0000,7.00,99.55,0.00,4.80,99.70,0.10,32.00,,5.50
2026-01-19 14:00:00.000 +0000,7.00,99.61,0.00,4.80,99.70,0.10,32.00,,5.50
2026-01-19 13:00:00.000 +0000,6.10,99.45,0.00,4.90,100.00,0.10,33.00,,4.40
2026-01-19 13:00:00.000 +0000,6.10,99.36,0.00,4.90,100.00,0.10,33.00,,4.40
2026-01-19 12:00:00.000 +0000,6.00,99.81,0.00,3.70,100.00,0.20,42.00,,4.90
2026-01-19 12:00:00.000 +0000,6.00,99.84,0.00,3.60,100.00,0.20,42.00,,4.90
2026-01-19 11:00:00.000 +0000,6.00,100.00,0.00,2.60,100.00,0.10,21.00,,
2026-01-19 11:00:00.000 +0000,6.00,100.00,0.00,2.70,100.00,0.10,21.00,,
2026-01-19 10:00:00.000 +0000,6.00,99.84,0.00,3.30,99.70,0.10,15.00,,5.10
2026-01-19 10:00:00.000 +0000,6.00,99.81,0.00,3.30,99.70,0.10,15.00,,5.10
2026-01-19 09:00:00.000 +0000,6.00,93.84,0.00,1.20,99.70,0.00,4.00,,
2026-01-19 09:00:00.000 +0000,6.00,93.76,0.00,1.20,99.70,0.00,4.00,,
2026-01-19 08:00:00.000 +0000,6.00,99.54,0.00,2.40,99.70,0.00,0.00,,
2026-01-19 08:00:00.000 +0000,6.00,99.61,0.00,2.40,99.70,0.00,0.00,,
2026-01-19 07:00:00.000 +0000,5.10,99.80,0.00,2.20,99.70,0.00,0.00,,
2026-01-19 07:00:00.000 +0000,5.10,99.84,0.00,2.20,99.70,0.00,0.00,,
2026-01-19 06:00:00.000 +0000,6.00,99.84,0.00,3.30,100.00,0.00,0.00,,5.10
2026-01-19 06:00:00.000 +0000,6.00,99.81,0.00,3.30,100.00,0.00,0.00,,5.10
2026-01-19 05:00:00.000 +0000,5.10,99.80,0.00,3.40,99.30,0.00,0.00,,4.00
2026-01-19 05:00:00.000 +0000,5.10,99.84,0.00,3.40,99.40,0.00,0.00,,4.00
2026-01-19 04:00:00.000 +0000,6.00,98.41,0.00,6.30,100.00,0.00,0.00,,3.80
2026-01-19 04:00:00.000 +0000,6.00,98.44,0.00,6.30,100.00,0.00,0.00,,3.80
2026-01-19 03:00:00.000 +0000,6.00,96.31,0.00,3.90,88.60,0.00,0.00,,4.80
2026-01-19 03:00:00.000 +0000,6.00,96.29,0.00,3.90,88.40,0.00,0.00,,4.80
2026-01-19 02:00:00.000 +0000,5.70,97.84,0.00,4.00,97.30,0.00,0.00,,4.40
2026-01-19 02:00:00.000 +0000,5.70,97.85,0.00,4.00,97.20,0.00,0.00,,4.40
2026-01-19 01:00:00.000 +0000,5.70,97.85,0.00,4.10,97.20,0.00,0.00,,4.40
2026-01-19 01:00:00.000 +0000,5.70,97.84,0.00,4.10,97.30,0.00,0.00,,4.40
2026-01-19 00:00:00.000 +0000,6.00,96.29,0.00,5.70,82.60,0.00,0.00,,4.00
2026-01-19 00:00:00.000 +0000,6.00,96.31,0.00,5.80,82.90,0.00,0.00,,4.00
2026-01-18 23:00:00.000 +0000,6.00,96.31,0.00,5.00,95.10,0.00,0.00,,4.30
2026-01-18 23:00:00.000 +0000,6.00,96.29,0.00,5.00,95.10,0.00,0.00,,4.30
2026-01-18 22:00:00.000 +0000,5.10,99.61,0.00,3.70,99.60,0.00,0.00,,3.80
2026-01-18 22:00:00.000 +0000,5.10,99.54,0.00,3.70,99.50,0.00,0.00,,3.80
2026-01-18 21:00:00.000 +0000,5.10,99.61,0.00,5.80,99.70,0.00,0.00,,2.90
2026-01-18 21:00:00.000 +0000,5.10,99.54,0.00,5.80,99.70,0.00,0.00,,2.90
2026-01-18 20:00:00.000 +0000,5.10,99.84,0.00,5.90,100.00,0.00,0.00,,2.90
2026-01-18 20:00:00.000 +0000,5.10,99.80,0.00,5.90,100.00,0.00,0.00,,2.90
2026-01-18 19:00:00.000 +0000,5.10,99.80,0.00,6.70,99.70,0.00,0.00,,2.60
2026-01-18 19:00:00.000 +0000,5.10,99.84,0.00,6.70,99.70,0.00,0.00,,2.60
2026-01-18 18:00:00.000 +0000,5.10,99.80,0.00,6.90,99.70,0.00,0.00,,2.50
2026-01-18 18:00:00.000 +0000,5.10,99.84,0.00,6.90,99.70,0.00,0.00,,2.50
2026-01-18 17:00:00.000 +0000,5.10,99.80,0.00,5.90,99.70,0.00,0.00,,2.90
2026-01-18 17:00:00.000 +0000,5.10,99.84,0.00,5.90,99.70,0.00,0.00,,2.90
2026-01-18 16:00:00.000 +0000,5.10,99.84,0.00,5.80,99.70,0.00,5.00,,2.90
2026-01-18 16:00:00.000 +0000,5.10,99.80,0.00,5.80,99.70,0.00,5.00,,2.90
2026-01-18 15:00:00.000 +0000,5.10,99.61,0.00,4.70,99.70,0.00,12.00,,3.30
2026-01-18 15:00:00.000 +0000,5.10,99.54,0.00,4.70,99.70,0.00,12.00,,3.30
2026-01-18 14:00:00.000 +0000,4.20,99.54,0.00,5.60,99.70,0.10,28.00,,1.90
2026-01-18 14:00:00.000 +0000,4.20,99.61,0.00,5.70,99.70,0.10,28.00,,1.90
2026-01-18 13:00:00.000 +0000,4.20,98.96,0.00,5.50,99.70,0.10,18.00,,2.00
2026-01-18 13:00:00.000 +0000,4.20,99.11,0.00,5.60,99.70,0.10,18.00,,1.90
2026-01-18 12:00:00.000 +0000,4.20,98.96,0.00,5.50,100.00,0.10,22.00,,2.00
2026-01-18 12:00:00.000 +0000,4.20,99.11,0.00,5.60,100.00,0.10,22.00,,1.90
2026-01-18 11:00:00.000 +0000,4.20,99.54,0.00,4.60,100.00,0.10,14.00,,2.40
2026-01-18 11:00:00.000 +0000,4.20,99.61,0.00,4.60,100.00,0.10,14.00,,2.30
2026-01-18 10:00:00.000 +0000,4.20,98.96,0.00,5.50,99.70,0.00,7.00,,2.00
2026-01-18 10:00:00.000 +0000,4.20,99.11,0.00,5.50,99.70,0.00,7.00,,1.90
2026-01-18 09:00:00.000 +0000,4.10,99.83,0.00,4.40,99.70,0.00,0.00,,2.30
2026-01-18 09:00:00.000 +0000,4.10,99.80,0.00,4.30,99.70,0.00,0.00,,2.40
2026-01-18 08:00:00.000 +0000,4.10,99.61,0.00,3.40,97.90,0.00,0.00,,2.90
2026-01-18 08:00:00.000 +0000,4.10,99.67,0.00,3.40,98.20,0.00,0.00,,2.90
2026-01-18 07:00:00.000 +0000,4.10,99.67,0.00,5.50,98.80,0.00,0.00,,1.90
2026-01-18 07:00:00.000 +0000,4.20,99.61,0.00,5.50,98.60,0.00,0.00,,1.90
2026-01-18 06:00:00.000 +0000,5.00,99.51,0.00,3.20,100.00,0.00,0.00,,4.00
2026-01-18 06:00:00.000 +0000,5.00,99.42,0.00,3.20,100.00,0.00,0.00,,4.00
2026-01-18 05:00:00.000 +0000,5.00,99.61,0.00,3.10,100.00,0.00,0.00,,4.10
2026-01-18 05:00:00.000 +0000,5.00,99.67,0.00,3.20,100.00,0.00,0.00,,4.00
2026-01-18 04:00:00.000 +0000,5.60,93.86,0.00,2.80,100.00,0.00,0.00,,
2026-01-18 04:00:00.000 +0000,5.60,93.81,0.00,2.80,100.00,0.00,0.00,,
2026-01-18 03:00:00.000 +0000,5.90,93.87,0.00,2.80,100.00,0.00,0.00,,
2026-01-18 03:00:00.000 +0000,5.90,93.83,0.00,2.80,100.00,0.00,0.00,,
2026-01-18 02:00:00.000 +0000,5.00,98.43,0.00,2.60,82.90,0.00,0.00,,
2026-01-18 02:00:00.000 +0000,5.00,98.40,0.00,2.70,82.60,0.00,0.00,,
2026-01-18 01:00:00.000 +0000,5.40,95.35,0.00,2.60,100.00,0.00,0.00,,
2026-01-18 01:00:00.000 +0000,5.40,95.33,0.00,2.60,100.00,0.00,0.00,,
2026-01-18 00:00:00.000 +0000,5.50,96.28,0.00,2.30,97.20,0.00,0.00,,
2026-01-18 00:00:00.000 +0000,5.50,96.29,0.00,2.30,97.30,0.00,0.00,,
2026-01-17 23:00:00.000 +0000,4.90,99.84,0.00,1.20,99.70,0.00,0.00,,
2026-01-17 23:00:00.000 +0000,4.90,99.80,0.00,1.20,99.70,0.00,0.00,,
2026-01-17 22:00:00.000 +0000,5.00,99.67,0.00,2.30,99.00,0.00,0.00,,
2026-01-17 22:00:00.000 +0000,5.00,99.61,0.00,2.30,98.90,0.00,0.00,,
2026-01-17 21:00:00.000 +0000,5.70,93.53,0.00,5.60,98.90,0.00,0.00,,3.70
2026-01-17 21:00:00.000 +0000,5.70,93.50,0.00,5.60,99.00,0.00,0.00,,3.70
2026-01-17 20:00:00.000 +0000,5.80,99.67,0.00,4.60,100.00,0.00,0.00,,4.30
2026-01-17 20:00:00.000 +0000,5.80,99.61,0.00,4.60,100.00,0.00,0.00,,4.20
2026-01-17 19:00:00.000 +0000,5.90,99.54,0.00,4.50,100.00,0.00,0.00,,4.40
2026-01-17 19:00:00.000 +0000,5.90,99.61,0.00,4.50,100.00,0.00,0.00,,4.40
2026-01-17 18:00:00.000 +0000,5.10,99.15,0.00,2.30,88.50,0.00,0.00,,
2026-01-17 18:00:00.000 +0000,5.10,99.28,0.00,2.30,88.40,0.00,0.00,,
2026-01-17 17:00:00.000 +0000,6.00,93.15,0.00,2.30,87.50,0.00,0.00,,
2026-01-17 17:00:00.000 +0000,6.00,93.12,0.00,2.30,87.30,0.00,0.00,,
2026-01-17 16:00:00.000 +0000,6.10,98.96,0.00,5.60,87.50,0.10,16.00,,4.10
2026-01-17 16:00:00.000 +0000,6.10,98.78,0.00,5.60,87.30,0.10,16.00,,4.20
2026-01-17 15:00:00.000 +0000,6.10,98.96,0.00,4.70,88.10,0.10,35.00,,4.50
2026-01-17 15:00:00.000 +0000,6.10,98.78,0.00,4.70,88.00,0.10,35.00,,4.60
2026-01-17 14:00:00.000 +0000,6.10,99.13,0.00,5.90,88.10,0.20,45.00,,4.10
2026-01-17 14:00:00.000 +0000,6.10,98.97,0.00,5.90,88.00,0.20,45.00,,4.10
2026-01-17 13:00:00.000 +0000,6.10,98.78,0.00,8.00,88.00,0.20,51.00,,3.50
2026-01-17 13:00:00.000 +0000,6.10,98.96,0.00,8.00,88.10,0.20,51.00,,3.40
2026-01-17 12:00:00.000 +0000,6.10,99.04,0.00,7.90,99.70,0.20,48.00,,3.40
2026-01-17 12:00:00.000 +0000,6.00,99.19,0.00,8.00,99.70,0.20,48.00,,3.40
2026-01-17 11:00:00.000 +0000,6.00,99.16,0.00,5.00,97.90,0.10,16.00,,4.30
2026-01-17 11:00:00.000 +0000,6.00,99.29,0.00,4.90,98.30,0.10,16.00,,4.30
2026-01-17 10:00:00.000 +0000,5.10,98.97,0.00,4.90,99.70,0.00,11.00,,3.30
2026-01-17 10:00:00.000 +0000,5.10,99.12,0.00,4.80,99.70,0.00,11.00,,3.30
2026-01-17 09:00:00.000 +0000,5.10,99.12,0.00,5.80,99.70,0.00,0.00,,2.90
2026-01-17 09:00:00.000 +0000,5.10,98.97,0.00,5.80,99.70,0.00,0.00,,2.90
2026-01-17 08:00:00.000 +0000,5.10,99.12,0.00,6.90,98.80,0.00,0.00,,2.50
2026-01-17 08:00:00.000 +0000,5.10,98.97,0.00,6.90,98.60,0.00,0.00,,2.50
2026-01-17 07:00:00.000 +0000,5.10,93.07,0.00,7.20,100.00,0.00,0.00,,2.50
2026-01-17 07:00:00.000 +0000,5.10,93.10,0.00,7.10,100.00,0.00,0.00,,2.50
2026-01-17 06:00:00.000 +0000,4.20,98.96,0.00,7.10,100.00,0.00,0.00,,1.40
2026-01-17 06:00:00.000 +0000,4.20,99.11,0.00,7.10,100.00,0.00,0.00,,1.40
2026-01-17 05:00:00.000 +0000,4.20,99.11,0.00,8.00,100.00,0.00,0.00,,1.10
2026-01-17 05:00:00.000 +0000,4.20,98.96,0.00,8.00,100.00,0.00,0.00,,1.10
2026-01-17 04:00:00.000 +0000,6.20,91.84,0.00,8.00,97.30,0.00,0.00,,3.50
2026-01-17 04:00:00.000 +0000,6.20,91.82,0.00,8.00,97.20,0.00,0.00,,3.60
2026-01-17 03:00:00.000 +0000,5.70,94.75,0.00,8.10,100.00,0.00,0.00,,3.00
2026-01-17 03:00:00.000 +0000,5.70,94.79,0.00,8.10,100.00,0.00,0.00,,3.00
2026-01-17 02:00:00.000 +0000,6.20,91.82,0.00,9.10,97.20,0.00,0.00,,3.30
2026-01-17 02:00:00.000 +0000,6.20,91.84,0.00,9.10,97.30,0.00,0.00,,3.30
2026-01-17 01:00:00.000 +0000,5.40,91.80,0.00,7.10,97.30,0.00,0.00,,2.90
2026-01-17 01:00:00.000 +0000,5.40,91.77,0.00,7.10,97.20,0.00,0.00,,2.90
2026-01-17 00:00:00.000 +0000,4.90,93.26,0.00,6.40,82.90,0.00,0.00,,2.50
2026-01-17 00:00:00.000 +0000,5.00,93.19,0.00,6.40,82.60,0.00,0.00,,2.60
2026-01-16 23:00:00.000 +0000,5.20,91.75,0.00,7.00,88.40,0.00,0.00,,2.60
2026-01-16 23:00:00.000 +0000,5.20,91.78,0.00,7.00,88.60,0.00,0.00,,2.60
2026-01-16 22:00:00.000 +0000,4.10,98.95,0.00,5.90,88.40,0.00,0.00,,1.70
2026-01-16 22:00:00.000 +0000,4.10,98.76,0.00,6.00,88.50,0.00,0.00,,1.70
2026-01-16 21:00:00.000 +0000,5.00,92.88,0.00,7.90,99.30,0.00,0.00,,2.20
2026-01-16 21:00:00.000 +0000,5.00,92.94,0.00,7.90,99.40,0.00,0.00,,2.10
2026-01-16 20:00:00.000 +0000,5.00,92.63,0.00,6.00,88.70,0.00,0.00,,2.70
2026-01-16 20:00:00.000 +0000,5.00,92.73,0.00,6.00,88.60,0.00,0.00,,2.70
2026-01-16 19:00:00.000 +0000,4.90,92.63,0.00,6.90,85.80,0.00,0.00,,2.30
2026-01-16 19:00:00.000 +0000,4.90,92.72,0.00,6.90,86.20,0.00,0.00,,2.30
2026-01-16 18:00:00.000 +0000,4.10,92.67,0.00,6.10,89.00,0.00,0.00,,1.60
2026-01-16 18:00:00.000 +0000,4.10,92.58,0.00,6.10,89.10,0.00,0.00,,1.60
2026-01-16 17:00:00.000 +0000,4.00,92.67,0.00,9.30,88.00,0.00,2.00,,0.60
2026-01-16 17:00:00.000 +0000,4.00,92.58,0.00,9.30,88.00,0.00,2.00,,0.60
2026-01-16 16:00:00.000 +0000,4.10,86.41,0.00,7.20,25.00,0.30,70.00,,1.30
2026-01-16 16:00:00.000 +0000,4.10,86.47,0.00,7.20,25.00,0.30,70.00,,1.30
2026-01-16 15:00:00.000 +0000,6.00,81.27,0.00,7.30,25.00,0.60,179.00,,3.50
2026-01-16 15:00:00.000 +0000,6.00,81.29,0.00,7.30,25.00,0.60,179.00,,3.50
2026-01-16 14:00:00.000 +0000,6.90,76.59,0.00,9.10,31.00,0.50,152.00,,4.20
2026-01-16 14:00:00.000 +0000,6.90,76.46,0.00,9.10,30.20,0.50,152.00,,4.20
2026-01-16 13:00:00.000 +0000,6.80,82.10,0.00,6.90,51.50,1.00,278.00,,4.60
2026-01-16 13:00:00.000 +0000,6.80,81.98,0.00,6.90,51.30,1.00,278.00,,4.60
2026-01-16 12:00:00.000 +0000,5.80,87.61,0.00,6.20,31.70,1.00,266.00,,3.60
2026-01-16 12:00:00.000 +0000,5.80,87.53,0.00,6.20,30.70,1.00,266.00,,3.70
2026-01-16 11:00:00.000 +0000,4.00,99.28,0.00,3.90,53.70,0.20,49.00,,2.50
2026-01-16 11:00:00.000 +0000,4.00,99.15,0.00,4.00,54.30,0.20,49.00,,2.40
2026-01-16 10:00:00.000 +0000,3.90,93.35,0.00,4.90,53.70,0.10,35.00,,1.90
2026-01-16 10:00:00.000 +0000,3.90,93.37,0.00,4.90,54.30,0.10,35.00,,1.90
2026-01-16 09:00:00.000 +0000,2.10,99.60,0.00,5.00,54.00,0.00,2.00,,-0.30
2026-01-16 09:00:00.000 +0000,2.10,99.53,0.00,5.10,54.60,0.00,2.00,,-0.30
2026-01-16 08:00:00.000 +0000,2.00,93.52,0.00,4.90,33.70,0.00,0.00,,-0.30
2026-01-16 08:00:00.000 +0000,2.00,93.47,0.00,4.90,32.50,0.00,0.00,,-0.30
2026-01-16 07:00:00.000 +0000,1.10,99.43,0.00,4.80,32.50,0.00,0.00,,-1.30
2026-01-16 07:00:00.000 +0000,1.10,99.33,0.00,4.80,33.70,0.00,0.00,,-1.30
2026-01-16 06:00:00.000 +0000,1.90,99.83,0.00,4.80,32.80,0.00,0.00,,-0.40
2026-01-16 06:00:00.000 +0000,1.90,99.80,0.00,4.80,34.10,0.00,0.00,,-0.40
2026-01-16 05:00:00.000 +0000,2.80,93.50,0.00,5.50,89.50,0.00,0.00,,0.30
2026-01-16 05:00:00.000 +0000,2.80,93.45,0.00,5.60,89.20,0.00,0.00,,0.30
2026-01-16 04:00:00.000 +0000,1.50,95.19,0.00,4.10,100.00,0.00,0.00,,-0.60
2026-01-16 04:00:00.000 +0000,1.50,95.20,0.00,4.10,100.00,0.00,0.00,,-0.60
2026-01-16 03:00:00.000 +0000,1.30,96.17,0.00,4.70,100.00,0.00,0.00,,-1.00
2026-01-16 03:00:00.000 +0000,1.30,96.16,0.00,4.70,100.00,0.00,0.00,,-1.00
2026-01-16 02:00:00.000 +0000,1.30,98.35,0.00,2.10,100.00,0.00,0.00,,
2026-01-16 02:00:00.000 +0000,1.30,98.38,0.00,2.10,100.00,0.00,0.00,,
2026-01-16 01:00:00.000 +0000,1.80,98.36,0.00,2.60,96.20,0.00,0.00,,
2026-01-16 01:00:00.000 +0000,1.80,98.39,0.00,2.60,96.20,0.00,0.00,,
2026-01-16 00:00:00.000 +0000,2.60,98.37,0.00,3.90,96.20,0.00,0.00,,0.80
2026-01-16 00:00:00.000 +0000,2.50,98.40,0.00,3.90,96.20,0.00,0.00,,0.80
2026-01-15 23:00:00.000 +0000,3.40,98.38,0.00,4.70,96.20,0.00,0.00,,1.40
2026-01-15 23:00:00.000 +0000,3.40,98.41,0.00,4.70,96.20,0.00,0.00,,1.40
2026-01-15 22:00:00.000 +0000,3.90,99.61,0.00,2.40,100.00,0.00,0.00,,
2026-01-15 22:00:00.000 +0000,3.90,99.54,0.00,2.50,100.00,0.00,0.00,,
2026-01-15 21:00:00.000 +0000,3.90,99.80,0.00,2.40,99.70,0.00,0.00,,
2026-01-15 21:00:00.000 +0000,3.90,99.83,0.00,2.30,99.70,0.00,0.00,,
2026-01-15 20:00:00.000 +0000,4.00,99.15,0.00,3.30,98.60,0.00,0.00,,2.90
2026-01-15 20:00:00.000 +0000,4.00,99.27,0.00,3.30,98.80,0.00,0.00,,2.90
2026-01-15 19:00:00.000 +0000,4.00,93.20,0.00,3.40,98.20,0.00,0.00,,2.80
2026-01-15 19:00:00.000 +0000,4.00,93.20,0.00,3.40,97.90,0.00,0.00,,2.80
2026-01-15 18:00:00.000 +0000,4.10,99.34,0.00,2.50,89.10,0.00,0.00,,
2026-01-15 18:00:00.000 +0000,4.10,99.44,0.00,2.50,89.00,0.00,0.00,,
2026-01-15 17:00:00.000 +0000,4.10,93.04,0.00,1.60,53.40,0.00,0.00,,
2026-01-15 17:00:00.000 +0000,4.10,93.01,0.00,1.60,53.90,0.00,0.00,,
2026-01-15 16:00:00.000 +0000,4.10,92.83,0.00,2.80,79.10,0.10,21.00,,
2026-01-15 16:00:00.000 +0000,4.10,92.77,0.00,2.90,78.90,0.10,21.00,,
2026-01-15 15:00:00.000 +0000,5.00,93.06,0.00,3.60,31.00,0.20,51.00,,3.80
2026-01-15 15:00:00.000 +0000,5.00,93.09,0.00,3.50,30.20,0.20,51.00,,3.80
2026-01-15 14:00:00.000 +0000,5.00,92.88,0.00,5.10,27.20,0.30,77.00,,3.10
2026-01-15 14:00:00.000 +0000,5.00,92.82,0.00,5.10,27.60,0.30,77.00,,3.10
2026-01-15 13:00:00.000 +0000,6.00,87.00,0.00,4.90,27.80,0.40,106.00,,4.30
2026-01-15 13:00:00.000 +0000,6.00,87.00,0.00,4.90,28.30,0.40,106.00,,4.30
2026-01-15 12:00:00.000 +0000,6.00,87.00,0.00,8.70,48.60,0.30,82.00,,3.10
2026-01-15 12:00:00.000 +0000,6.00,87.00,0.00,8.80,48.80,0.30,82.00,,3.10
2026-01-15 11:00:00.000 +0000,5.90,87.33,0.00,6.30,28.90,0.60,176.00,,3.70
2026-01-15 11:00:00.000 +0000,5.90,87.28,0.00,6.20,28.30,0.60,176.00,,3.70
2026-01-15 10:00:00.000 +0000,5.80,87.27,0.00,4.00,30.20,0.20,65.00,,4.50
2026-01-15 10:00:00.000 +0000,5.70,87.31,0.00,4.10,31.00,0.20,65.00,,4.40
2026-01-15 09:00:00.000 +0000,3.80,92.75,0.00,5.00,26.40,0.00,0.00,,1.70
2026-01-15 09:00:00.000 +0000,3.80,92.81,0.00,5.00,26.20,0.00,0.00,,1.70
2026-01-15 08:00:00.000 +0000,4.80,87.67,0.00,12.30,25.00,0.00,0.00,,0.80
2026-01-15 08:00:00.000 +0000,4.70,87.79,0.00,12.20,25.00,0.00,0.00,,0.80
2026-01-15 07:00:00.000 +0000,4.80,93.18,0.00,11.10,51.80,0.00,0.00,,1.10
2026-01-15 07:00:00.000 +0000,4.70,93.16,0.00,11.00,52.20,0.00,0.00,,1.00
2026-01-15 06:00:00.000 +0000,4.70,93.08,0.00,13.30,49.70,0.00,0.00,,0.60
2026-01-15 06:00:00.000 +0000,4.70,93.05,0.00,13.20,49.70,0.00,0.00,,0.60
2026-01-15 05:00:00.000 +0000,4.80,93.41,0.00,11.10,86.90,0.00,0.00,,1.10
2026-01-15 05:00:00.000 +0000,4.80,93.39,0.00,11.20,87.10,0.00,0.00,,1.10
2026-01-15 04:00:00.000 +0000,3.40,94.65,0.00,9.50,93.50,0.00,0.00,,-0.20
2026-01-15 04:00:00.000 +0000,3.40,94.69,0.00,9.50,93.50,0.00,0.00,,-0.30
2026-01-15 03:00:00.000 +0000,3.40,91.67,0.00,11.10,79.60,0.00,0.00,,-0.60
2026-01-15 03:00:00.000 +0000,3.40,91.64,0.00,11.10,79.60,0.00,0.00,,-0.60
2026-01-15 02:00:00.000 +0000,3.40,91.64,0.00,10.50,97.20,0.00,0.00,,-0.50
2026-01-15 02:00:00.000 +0000,3.40,91.67,0.00,10.60,97.30,0.00,0.00,,-0.50
2026-01-15 01:00:00.000 +0000,3.10,91.65,0.00,12.30,88.60,0.00,0.00,,-1.30
2026-01-15 01:00:00.000 +0000,3.10,91.62,0.00,12.30,88.40,0.00,0.00,,-1.30
2026-01-15 00:00:00.000 +0000,2.60,91.62,0.00,10.00,61.70,0.00,0.00,,-1.30
2026-01-15 00:00:00.000 +0000,2.60,91.59,0.00,10.00,61.50,0.00,0.00,,-1.30
2026-01-14 23:00:00.000 +0000,2.40,89.53,0.00,10.60,66.90,0.00,0.00,,-1.80
2026-01-14 23:00:00.000 +0000,2.40,89.54,0.00,10.70,67.10,0.00,0.00,,-1.80
2026-01-14 22:00:00.000 +0000,2.00,86.94,0.00,9.30,54.60,0.00,0.00,,-2.00
2026-01-14 22:00:00.000 +0000,1.90,86.89,0.00,9.30,53.90,0.00,0.00,,-2.00
2026-01-14 21:00:00.000 +0000,1.10,92.04,0.00,3.50,100.00,0.00,0.00,,-0.50
2026-01-14 21:00:00.000 +0000,1.10,92.18,0.00,3.30,100.00,0.00,0.00,,-0.50
2026-01-14 20:00:00.000 +0000,1.10,92.22,0.00,6.50,31.70,0.00,0.00,,-2.10
2026-01-14 20:00:00.000 +0000,1.10,92.34,0.00,6.40,30.70,0.00,0.00,,-2.10
2026-01-14 19:00:00.000 +0000,2.00,86.25,0.00,11.50,100.00,0.00,0.00,,-2.50
2026-01-14 19:00:00.000 +0000,2.00,86.30,0.00,11.50,100.00,0.00,0.00,,-2.50
2026-01-14 18:00:00.000 +0000,2.00,80.52,0.00,10.30,100.00,0.00,0.00,,-2.20
2026-01-14 18:00:00.000 +0000,2.00,80.52,0.00,10.30,100.00,0.00,0.00,,-2.20
2026-01-14 17:00:00.000 +0000,2.90,81.35,0.00,10.00,100.00,0.00,0.00,,-1.00
2026-01-14 17:00:00.000 +0000,2.90,81.26,0.00,10.00,100.00,0.00,0.00,,-1.00
2026-01-14 16:00:00.000 +0000,3.00,80.80,0.00,7.00,65.50,0.20,42.00,,0.00
2026-01-14 16:00:00.000 +0000,3.00,80.82,0.00,7.00,65.50,0.20,42.00,,0.00
2026-01-14 15:00:00.000 +0000,3.10,86.01,0.00,8.20,88.00,0.40,102.00,,-0.30
2026-01-14 15:00:00.000 +0000,3.10,85.89,0.00,8.20,88.00,0.40,102.00,,-0.20
2026-01-14 14:00:00.000 +0000,3.20,85.73,0.00,11.30,30.70,0.60,165.00,,-1.00
2026-01-14 14:00:00.000 +0000,3.20,85.57,0.00,11.30,31.70,0.60,165.00,,-0.90
2026-01-14 13:00:00.000 +0000,4.00,80.80,0.00,9.30,31.70,0.80,222.00,,0.50
2026-01-14 13:00:00.000 +0000,4.00,80.80,0.00,9.30,30.70,0.80,222.00,,0.50
2026-01-14 12:00:00.000 +0000,3.10,85.87,0.00,11.30,50.00,0.70,190.00,,-1.10
2026-01-14 12:00:00.000 +0000,3.10,85.73,0.00,11.30,50.00,0.70,190.00,,-1.00
2026-01-14 11:00:00.000 +0000,3.00,86.29,0.00,10.20,50.00,0.50,130.00,,-0.90
2026-01-14 11:00:00.000 +0000,3.00,86.35,0.00,10.20,50.00,0.50,130.00,,-0.90
2026-01-14 10:00:00.000 +0000,1.90,86.89,0.00,8.10,27.20,0.20,44.00,,-1.70
2026-01-14 10:00:00.000 +0000,1.90,86.94,0.00,8.20,27.60,0.20,44.00,,-1.70
2026-01-14 09:00:00.000 +0000,1.90,86.94,0.00,8.10,28.90,0.00,11.00,,-1.60
2026-01-14 09:00:00.000 +0000,1.90,86.89,0.00,8.10,28.30,0.00,11.00,,-1.60
2026-01-14 08:00:00.000 +0000,1.80,92.70,0.00,9.00,30.20,0.00,0.00,,-2.10
2026-01-14 08:00:00.000 +0000,1.80,92.63,0.00,8.90,31.00,0.00,0.00,,-2.10
2026-01-14 07:00:00.000 +0000,1.80,92.64,0.00,11.10,29.50,0.00,0.00,,-2.60
2026-01-14 07:00:00.000 +0000,1.90,92.70,0.00,11.10,28.90,0.00,0.00,,-2.60
2026-01-14 06:00:00.000 +0000,1.80,92.70,0.00,9.90,49.10,0.00,0.00,,-2.40
2026-01-14 06:00:00.000 +0000,1.70,92.63,0.00,9.80,49.00,0.00,0.00,,-2.40
2026-01-14 05:00:00.000 +0000,1.00,98.00,0.00,8.80,47.60,0.00,0.00,,-3.00
2026-01-14 05:00:00.000 +0000,1.00,98.29,0.00,8.80,47.90,0.00,0.00,,-3.00
2026-01-14 04:00:00.000 +0000,1.50,86.55,0.00,6.60,,0.00,0.00,,-1.70
2026-01-14 04:00:00.000 +0000,1.50,86.55,0.00,6.60,,0.00,0.00,,-1.70
2026-01-14 03:00:00.000 +0000,1.50,86.55,0.00,6.00,,0.00,0.00,,-1.40
2026-01-14 03:00:00.000 +0000,1.50,86.55,0.00,5.90,,0.00,0.00,,-1.40
2026-01-14 02:00:00.000 +0000,2.00,81.86,0.00,7.40,,0.00,0.00,,-1.40
2026-01-14 02:00:00.000 +0000,1.90,81.89,0.00,7.40,,0.00,0.00,,-1.40
2026-01-14 01:00:00.000 +0000,2.40,83.82,0.00,7.70,,0.00,0.00,,-0.90
2026-01-14 01:00:00.000 +0000,2.40,83.84,0.00,7.70,,0.00,0.00,,-1.00
2026-01-14 00:00:00.000 +0000,0.50,84.48,0.00,5.60,88.00,0.00,0.00,,-2.40
2026-01-14 00:00:00.000 +0000,0.50,84.46,0.00,5.60,88.00,0.00,0.00,,-2.40
2026-01-13 23:00:00.000 +0000,2.20,85.19,0.00,5.00,88.00,0.00,0.00,,-0.20
2026-01-13 23:00:00.000 +0000,2.20,85.23,0.00,5.00,88.00,0.00,0.00,,-0.20
2026-01-13 22:00:00.000 +0000,1.90,92.58,0.00,9.60,25.00,0.00,0.00,,-2.10
2026-01-13 22:00:00.000 +0000,1.90,92.65,0.00,9.70,25.00,0.00,0.00,,-2.10
2026-01-13 21:00:00.000 +0000,2.80,86.39,0.00,13.90,25.00,0.00,0.00,,-1.90
2026-01-13 21:00:00.000 +0000,2.80,86.34,0.00,13.70,25.00,0.00,0.00,,-1.90
2026-01-13 20:00:00.000 +0000,2.10,91.67,0.00,7.90,25.00,0.00,0.00,,-1.40
2026-01-13 20:00:00.000 +0000,2.10,91.87,0.00,7.90,25.00,0.00,0.00,,-1.40
2026-01-13 19:00:00.000 +0000,3.00,91.91,0.00,7.80,25.00,0.00,0.00,,-0.20
2026-01-13 19:00:00.000 +0000,3.00,92.08,0.00,7.80,25.00,0.00,0.00,,-0.30
2026-01-13 18:00:00.000 +0000,2.20,91.72,0.00,7.00,50.00,0.00,0.00,,-1.00
2026-01-13 18:00:00.000 +0000,2.20,91.50,0.00,7.10,50.00,0.00,0.00,,-1.00
2026-01-13 17:00:00.000 +0000,3.00,92.30,0.00,12.90,25.60,0.00,0.00,,-1.50
2026-01-13 17:00:00.000 +0000,3.10,92.16,0.00,12.80,25.70,0.00,0.00,,-1.40
2026-01-13 16:00:00.000 +0000,5.00,80.88,0.00,12.80,50.10,0.10,14.00,,0.90
2026-01-13 16:00:00.000 +0000,5.00,80.88,0.00,13.00,50.10,0.10,14.00,,0.90
2026-01-13 15:00:00.000 +0000,6.00,80.86,0.00,14.60,27.10,0.50,133.00,,1.90
2026-01-13 15:00:00.000 +0000,6.00,80.89,0.00,14.60,26.80,0.50,133.00,,1.90
2026-01-13 14:00:00.000 +0000,6.10,86.44,0.00,15.30,87.20,0.60,153.00,,1.90
2026-01-13 14:00:00.000 +0000,6.00,86.52,0.00,15.50,87.30,0.60,153.00,,1.90
2026-01-13 13:00:00.000 +0000,7.00,86.54,0.00,12.30,55.30,0.70,202.00,,3.60
2026-01-13 13:00:00.000 +0000,7.00,86.61,0.00,12.30,54.50,0.70,202.00,,3.60
2026-01-13 12:00:00.000 +0000,7.00,93.29,0.00,13.30,88.00,0.20,55.00,,3.40
2026-01-13 12:00:00.000 +0000,7.00,93.28,0.00,13.20,88.00,0.20,55.00,,3.50
2026-01-13 11:00:00.000 +0000,7.90,87.74,0.00,6.10,55.70,0.10,34.00,,6.10
2026-01-13 11:00:00.000 +0000,7.90,87.67,0.00,6.10,54.90,0.10,34.00,,6.10
2026-01-13 10:00:00.000 +0000,6.90,87.58,0.00,10.30,31.60,0.10,32.00,,4.00
2026-01-13 10:00:00.000 +0000,6.90,87.66,0.00,10.20,32.70,0.10,32.00,,4.00
2026-01-13 09:00:00.000 +0000,6.90,87.48,0.00,9.00,32.70,0.00,9.00,,4.20
2026-01-13 09:00:00.000 +0000,6.90,87.43,0.00,9.00,31.60,0.00,9.00,,4.20
2026-01-13 08:00:00.000 +0000,6.80,93.09,0.00,11.10,32.20,0.00,0.00,,3.60
2026-01-13 08:00:00.000 +0000,6.80,93.13,0.00,11.10,31.20,0.00,0.00,,3.70
2026-01-13 07:00:00.000 +0000,6.80,93.13,0.00,13.40,25.00,0.00,0.00,,3.20
2026-01-13 07:00:00.000 +0000,6.80,93.09,0.00,13.30,25.00,0.00,0.00,,3.20
2026-01-13 06:00:00.000 +0000,6.80,87.75,0.00,13.30,25.00,0.00,0.00,,3.20
2026-01-13 06:00:00.000 +0000,6.80,87.66,0.00,13.40,25.00,0.00,0.00,,3.20
2026-01-13 05:00:00.000 +0000,6.90,87.25,0.00,14.40,69.40,0.00,0.00,,3.10
2026-01-13 05:00:00.000 +0000,6.90,87.23,0.00,14.50,69.30,0.00,0.00,,3.10
2026-01-13 04:00:00.000 +0000,6.80,87.94,0.00,10.00,79.40,0.00,0.00,,3.80
2026-01-13 04:00:00.000 +0000,6.80,87.94,0.00,10.00,79.20,0.00,0.00,,3.80
2026-01-13 03:00:00.000 +0000,7.00,88.46,0.00,9.50,100.00,0.00,0.00,,4.20
2026-01-13 03:00:00.000 +0000,7.00,88.50,0.00,9.50,100.00,0.00,0.00,,4.20
2026-01-13 02:00:00.000 +0000,7.00,88.50,0.00,8.30,97.30,0.00,0.00,,4.50
2026-01-13 02:00:00.000 +0000,7.00,88.46,0.00,8.30,97.20,0.00,0.00,,4.50
2026-01-13 01:00:00.000 +0000,7.20,90.42,0.00,7.60,97.20,0.00,0.00,,4.90
2026-01-13 01:00:00.000 +0000,7.20,90.47,0.00,7.60,97.30,0.00,0.00,,4.90
2026-01-13 00:00:00.000 +0000,7.80,86.63,0.00,10.00,82.60,0.00,0.00,,5.10
2026-01-13 00:00:00.000 +0000,7.80,86.66,0.00,10.00,82.90,0.00,0.00,,5.10
2026-01-12 23:00:00.000 +0000,7.70,87.11,0.00,8.70,91.80,0.00,0.00,,5.30
2026-01-12 23:00:00.000 +0000,7.70,87.18,0.00,8.70,91.80,0.00,0.00,,5.30
2026-01-12 22:00:00.000 +0000,7.90,87.35,0.00,12.20,88.50,0.00,0.00,,4.80
2026-01-12 22:00:00.000 +0000,7.90,87.33,0.00,12.30,88.40,0.00,0.00,,4.80
2026-01-12 21:00:00.000 +0000,7.90,87.45,0.00,12.20,33.10,0.00,0.00,,4.80
2026-01-12 21:00:00.000 +0000,7.90,87.42,0.00,12.30,31.90,0.00,0.00,,4.80
2026-01-12 20:00:00.000 +0000,7.80,87.40,0.00,12.20,30.10,0.00,0.00,,4.60
2026-01-12 20:00:00.000 +0000,7.70,87.44,0.00,12.10,31.00,0.00,0.00,,4.60
2026-01-12 19:00:00.000 +0000,7.90,87.34,0.00,14.20,52.50,0.00,0.00,,4.40
2026-01-12 19:00:00.000 +0000,7.90,87.33,0.00,14.30,52.10,0.00,0.00,,4.40
2026-01-12 18:00:00.000 +0000,7.80,93.03,0.00,14.20,50.50,0.00,0.00,,4.30
2026-01-12 18:00:00.000 +0000,7.80,93.09,0.00,14.30,50.50,0.00,0.00,,4.40
2026-01-12 17:00:00.000 +0000,8.80,87.60,0.00,15.30,55.10,0.00,0.00,,5.50
2026-01-12 17:00:00.000 +0000,8.80,87.56,0.00,15.40,54.30,0.00,0.00,,5.50
2026-01-12 16:00:00.000 +0000,8.90,87.42,0.00,11.20,88.60,0.00,0.00,,6.20
2026-01-12 16:00:00.000 +0000,8.90,87.44,0.00,11.20,88.70,0.00,0.00,,6.20
2026-01-12 15:00:00.000 +0000,8.10,92.24,0.00,6.80,88.60,0.10,19.00,,6.20
2026-01-12 15:00:00.000 +0000,8.10,92.05,0.00,7.00,88.70,0.10,19.00,,6.10
2026-01-12 14:00:00.000 +0000,8.20,91.47,0.00,9.90,54.60,0.10,35.00,,5.50
2026-01-12 14:00:00.000 +0000,8.10,91.74,0.00,9.80,53.90,0.10,35.00,,5.50
2026-01-12 13:00:00.000 +0000,9.00,86.63,0.00,13.70,53.50,0.20,50.00,,6.00
2026-01-12 13:00:00.000 +0000,9.00,86.73,0.00,13.70,53.00,0.20,50.00,,6.00
2026-01-12 12:00:00.000 +0000,9.00,81.35,0.00,15.80,51.00,0.40,122.00,,5.60
2026-01-12 12:00:00.000 +0000,9.00,81.33,0.00,15.80,51.20,0.40,122.00,,5.60
2026-01-12 11:00:00.000 +0000,8.00,87.12,0.00,14.40,49.70,0.30,71.00,,4.50
2026-01-12 11:00:00.000 +0000,8.00,87.14,0.00,14.50,49.70,0.30,71.00,,4.50
2026-01-12 10:00:00.000 +0000,7.90,87.34,0.00,17.30,51.10,0.20,66.00,,4.00
2026-01-12 10:00:00.000 +0000,7.90,87.33,0.00,17.50,50.90,0.20,66.00,,4.00
2026-01-12 09:00:00.000 +0000,7.90,86.96,0.00,17.60,52.50,0.10,27.00,,4.00
2026-01-12 09:00:00.000 +0000,8.00,86.99,0.00,17.70,52.10,0.10,27.00,,4.00
2026-01-12 08:00:00.000 +0000,7.90,87.02,0.00,14.80,54.30,0.00,0.00,,4.40
2026-01-12 08:00:00.000 +0000,8.00,87.05,0.00,14.80,53.70,0.00,0.00,,4.40
2026-01-12 07:00:00.000 +0000,8.00,81.54,0.00,17.70,53.00,0.00,0.00,,4.10
2026-01-12 07:00:00.000 +0000,8.00,81.57,0.00,17.50,53.50,0.00,0.00,,4.20
2026-01-12 06:00:00.000 +0000,8.00,87.05,0.00,18.70,89.00,0.00,0.00,,3.90
2026-01-12 06:00:00.000 +0000,8.00,87.02,0.00,18.50,89.10,0.00,0.00,,4.00
2026-01-12 05:00:00.000 +0000,8.00,86.63,0.00,18.50,88.00,0.00,0.00,,4.00
2026-01-12 05:00:00.000 +0000,8.00,86.71,0.00,18.60,88.10,0.00,0.00,,4.00
2026-01-12 04:00:00.000 +0000,8.20,89.14,0.00,11.10,100.00,0.00,0.00,,5.30
2026-01-12 04:00:00.000 +0000,8.20,89.06,0.00,11.10,100.00,0.00,0.00,,5.30
2026-01-12 03:00:00.000 +0000,8.70,84.57,0.00,13.80,90.70,0.00,0.00,,5.60
2026-01-12 03:00:00.000 +0000,8.70,84.52,0.00,13.70,90.80,0.00,0.00,,5.60
2026-01-12 02:00:00.000 +0000,8.50,88.59,0.00,12.30,97.20,0.00,0.00,,5.50
2026-01-12 02:00:00.000 +0000,8.50,88.63,0.00,12.30,97.30,0.00,0.00,,5.50
2026-01-12 01:00:00.000 +0000,8.40,89.16,0.00,11.20,97.30,0.00,0.00,,5.60
2026-01-12 01:00:00.000 +0000,8.40,89.08,0.00,11.10,97.20,0.00,0.00,,5.60
2026-01-12 00:00:00.000 +0000,8.40,90.56,0.00,11.80,97.30,0.00,0.00,,5.50
2026-01-12 00:00:00.000 +0000,8.40,90.51,0.00,11.80,97.20,0.00,0.00,,5.50
2026-01-11 23:00:00.000 +0000,9.80,87.92,0.00,14.90,85.30,0.00,0.00,,6.70
2026-01-11 23:00:00.000 +0000,9.80,87.84,0.00,14.90,85.70,0.00,0.00,,6.80
2026-01-11 22:00:00.000 +0000,8.00,93.22,0.00,17.30,89.10,0.00,0.00,,4.20
2026-01-11 22:00:00.000 +0000,8.00,93.25,0.00,17.30,89.00,0.00,0.00,,4.10
2026-01-11 21:00:00.000 +0000,7.00,99.45,0.00,18.30,100.00,0.00,0.00,,2.80
2026-01-11 21:00:00.000 +0000,7.00,99.36,0.00,18.20,100.00,0.00,0.00,,2.80
2026-01-11 20:00:00.000 +0000,6.90,99.52,0.00,16.50,100.00,0.00,0.00,,2.90
2026-01-11 20:00:00.000 +0000,6.90,99.42,0.00,16.50,100.00,0.00,0.00,,2.90
2026-01-11 19:00:00.000 +0000,6.00,98.98,0.00,15.50,89.50,0.00,0.00,,1.90
2026-01-11 19:00:00.000 +0000,6.00,99.12,0.00,15.40,89.20,0.00,0.00,,1.90
2026-01-11 18:00:00.000 +0000,6.00,93.36,0.00,17.20,89.50,0.00,0.00,,1.60
2026-01-11 18:00:00.000 +0000,6.00,93.36,0.00,17.20,89.20,0.00,0.00,,1.60
2026-01-11 17:00:00.000 +0000,4.90,99.35,0.00,15.90,89.50,0.00,0.00,,0.40
2026-01-11 17:00:00.000 +0000,4.90,99.44,0.00,15.90,89.20,0.00,0.00,,0.40
2026-01-11 16:00:00.000 +0000,4.90,93.15,0.00,16.20,89.20,0.00,0.00,,0.30
2026-01-11 16:00:00.000 +0000,4.90,93.12,0.00,16.20,89.50,0.00,0.00,,0.30
2026-01-11 15:00:00.000 +0000,3.90,93.04,0.00,14.40,89.20,0.00,5.00,,-0.60
2026-01-11 15:00:00.000 +0000,3.90,93.01,0.00,14.40,89.50,0.00,5.00,,-0.60
2026-01-11 14:00:00.000 +0000,3.00,99.34,0.00,14.10,89.10,0.10,15.00,,-1.80
2026-01-11 14:00:00.000 +0000,3.00,99.44,0.00,14.10,89.00,0.10,15.00,,-1.80
2026-01-11 13:00:00.000 +0000,2.10,99.13,0.00,15.40,89.50,0.00,12.00,,-3.20
2026-01-11 13:00:00.000 +0000,2.00,99.26,0.00,15.30,89.20,0.00,12.00,,-3.20
2026-01-11 12:00:00.000 +0000,1.10,99.09,0.00,13.30,89.00,0.10,14.00,,-4.00
2026-01-11 12:00:00.000 +0000,1.20,98.93,0.00,13.40,89.10,0.10,14.00,,-4.00
2026-01-11 11:00:00.000 +0000,1.10,99.15,0.00,14.60,89.00,0.10,18.00,,-4.30
2026-01-11 11:00:00.000 +0000,1.10,99.00,0.00,14.70,89.10,0.10,18.00,,-4.30
2026-01-11 10:00:00.000 +0000,0.20,98.93,0.00,15.60,89.10,0.00,9.00,,-5.70
2026-01-11 10:00:00.000 +0000,0.10,99.08,0.00,15.50,89.00,0.00,9.00,,-5.70
2026-01-11 09:00:00.000 +0000,0.10,98.91,0.00,16.50,89.00,0.00,6.00,,-5.90
2026-01-11 09:00:00.000 +0000,0.20,98.72,0.00,16.50,89.10,0.00,6.00,,-5.90
2026-01-11 08:00:00.000 +0000,0.00,98.91,0.00,14.50,89.00,0.00,0.00,,-5.70
2026-01-11 08:00:00.000 +0000,0.00,98.72,0.00,14.60,89.10,0.00,0.00,,-5.70
2026-01-11 07:00:00.000 +0000,-0.90,98.90,0.00,12.10,88.40,0.00,0.00,,-6.30
2026-01-11 07:00:00.000 +0000,-0.80,98.71,0.00,12.20,88.50,0.00,0.00,,-6.20
2026-01-11 06:00:00.000 +0000,-0.90,99.07,0.00,11.00,88.40,0.00,0.00,,-6.00
2026-01-11 06:00:00.000 +0000,-0.90,98.92,0.00,11.10,88.50,0.00,0.00,,-6.00
2026-01-11 05:00:00.000 +0000,-0.90,92.74,0.00,13.20,88.30,0.00,0.00,,-6.50
2026-01-11 05:00:00.000 +0000,-0.90,92.77,0.00,13.10,88.30,0.00,0.00,,-6.50
2026-01-11 04:00:00.000 +0000,0.40,89.90,0.00,13.60,100.00,0.00,0.00,,-5.00
2026-01-11 04:00:00.000 +0000,0.40,89.96,0.00,13.70,100.00,0.00,0.00,,-5.00
2026-01-11 03:00:00.000 +0000,0.40,89.96,0.00,13.80,84.80,0.00,0.00,,-5.00
2026-01-11 03:00:00.000 +0000,0.40,89.90,0.00,13.70,84.60,0.00,0.00,,-5.00
2026-01-11 02:00:00.000 +0000,0.40,89.90,0.00,14.50,95.10,0.00,0.00,,-5.20
2026-01-11 02:00:00.000 +0000,0.40,89.96,0.00,14.50,95.10,0.00,0.00,,-5.20
2026-01-11 01:00:00.000 +0000,0.40,88.39,0.00,12.90,100.00,0.00,0.00,,-4.80
2026-01-11 01:00:00.000 +0000,0.40,88.47,0.00,12.90,100.00,0.00,0.00,,-4.80
2026-01-11 00:00:00.000 +0000,0.20,89.36,0.00,11.30,100.00,0.00,0.00,,-4.70
2026-01-11 00:00:00.000 +0000,0.20,89.35,0.00,11.20,100.00,0.00,0.00,,-4.70
2026-01-10 23:00:00.000 +0000,-1.00,86.96,0.00,8.20,50.00,0.00,0.00,,-5.20
2026-01-10 23:00:00.000 +0000,-1.00,87.07,0.00,8.20,50.00,0.00,0.00,,-5.20
2026-01-10 22:00:00.000 +0000,-1.90,92.68,0.00,7.20,50.00,0.00,0.00,,-5.90
2026-01-10 22:00:00.000 +0000,-1.90,92.71,0.00,7.10,50.00,0.00,0.00,,-6.00
2026-01-10 21:00:00.000 +0000,-1.00,92.60,0.00,6.00,100.00,0.00,0.00,,-4.40
2026-01-10 21:00:00.000 +0000,-1.00,92.54,0.00,6.10,100.00,0.00,0.00,,-4.40
2026-01-10 20:00:00.000 +0000,-1.00,86.75,0.00,6.00,50.00,0.00,0.00,,-4.40
2026-01-10 20:00:00.000 +0000,-1.00,86.82,0.00,6.00,50.00,0.00,0.00,,-4.40
2026-01-10 19:00:00.000 +0000,-1.00,86.46,0.00,5.90,,0.00,0.00,,-4.40
2026-01-10 19:00:00.000 +0000,-1.00,86.44,0.00,5.90,,0.00,0.00,,-4.40
2026-01-10 18:00:00.000 +0000,-1.00,86.64,0.00,4.80,,0.00,0.00,,-3.90
2026-01-10 18:00:00.000 +0000,-1.00,86.59,0.00,4.80,,0.00,0.00,,-3.80
2026-01-10 17:00:00.000 +0000,-1.00,80.57,0.00,4.70,,0.00,0.00,,-3.80
2026-01-10 17:00:00.000 +0000,-1.00,80.64,0.00,4.70,,0.00,0.00,,-3.70
2026-01-10 16:00:00.000 +0000,0.90,80.50,0.00,3.50,50.00,0.00,2.00,,-0.80
2026-01-10 16:00:00.000 +0000,0.90,80.52,0.00,3.50,50.00,0.00,2.00,,-0.80
2026-01-10 15:00:00.000 +0000,2.90,70.63,0.00,4.70,,0.30,71.00,,0.80
2026-01-10 15:00:00.000 +0000,2.90,70.49,0.00,4.70,,0.30,71.00,,0.80
2026-01-10 14:00:00.000 +0000,3.00,69.97,0.00,2.30,,0.60,167.00,,
2026-01-10 14:00:00.000 +0000,3.00,70.02,0.00,2.30,,0.60,167.00,,
2026-01-10 13:00:00.000 +0000,2.90,75.27,0.00,1.30,,0.90,237.00,,
2026-01-10 13:00:00.000 +0000,2.90,75.23,0.00,1.30,,0.90,237.00,,
2026-01-10 12:00:00.000 +0000,2.00,75.48,0.00,4.60,,0.90,254.00,,-0.30
2026-01-10 12:00:00.000 +0000,2.00,75.38,0.00,4.60,,0.90,254.00,,-0.30
2026-01-10 11:00:00.000 +0000,0.00,80.70,0.00,6.50,,0.80,214.00,,-3.50
2026-01-10 11:00:00.000 +0000,0.00,80.78,0.00,6.50,,0.80,214.00,,-3.40
2026-01-10 10:00:00.000 +0000,-1.10,86.64,0.00,5.60,,0.50,125.00,,-4.30
2026-01-10 10:00:00.000 +0000,-1.10,86.70,0.00,5.60,,0.50,125.00,,-4.30
2026-01-10 09:00:00.000 +0000,-2.00,86.70,0.00,2.30,62.20,0.10,35.00,,
2026-01-10 09:00:00.000 +0000,-2.00,86.78,0.00,2.30,62.30,0.10,35.00,,
2026-01-10 08:00:00.000 +0000,-1.20,81.52,0.00,3.60,62.30,0.00,0.00,,-3.30
2026-01-10 08:00:00.000 +0000,-1.20,81.31,0.00,3.60,62.20,0.00,0.00,,-3.20
2026-01-10 07:00:00.000 +0000,-1.10,86.79,0.00,7.70,26.20,0.00,0.00,,-5.20
2026-01-10 07:00:00.000 +0000,-1.10,86.88,0.00,7.60,26.40,0.00,0.00,,-5.20
2026-01-10 06:00:00.000 +0000,-1.10,86.95,0.00,6.80,62.20,0.00,0.00,,-4.80
2026-01-10 06:00:00.000 +0000,-1.10,87.06,0.00,6.70,62.30,0.00,0.00,,-4.80
2026-01-10 05:00:00.000 +0000,-1.90,92.67,0.00,6.70,31.70,0.00,0.00,,-5.80
2026-01-10 05:00:00.000 +0000,-2.00,92.70,0.00,6.80,30.70,0.00,0.00,,-5.90
2026-01-10 04:00:00.000 +0000,-0.80,88.35,0.00,5.40,62.20,0.00,0.00,,-3.90
2026-01-10 04:00:00.000 +0000,-0.80,88.34,0.00,5.30,62.30,0.00,0.00,,-3.90
2026-01-10 03:00:00.000 +0000,-1.10,91.33,0.00,4.40,25.00,0.00,0.00,,-3.70
2026-01-10 03:00:00.000 +0000,-1.10,91.36,0.00,4.40,25.00,0.00,0.00,,-3.70
2026-01-10 02:00:00.000 +0000,0.00,89.33,0.00,5.00,65.50,0.00,0.00,,-2.80
2026-01-10 02:00:00.000 +0000,0.00,89.34,0.00,5.00,65.50,0.00,0.00,,-2.80
2026-01-10 01:00:00.000 +0000,0.70,83.63,0.00,4.60,100.00,0.00,0.00,,-1.70
2026-01-10 01:00:00.000 +0000,0.70,83.62,0.00,4.60,100.00,0.00,0.00,,-1.70
2026-01-10 00:00:00.000 +0000,1.40,82.32,0.00,5.30,100.00,0.00,0.00,,-1.20
2026-01-10 00:00:00.000 +0000,1.40,82.31,0.00,5.20,100.00,0.00,0.00,,-1.20
2026-01-09 23:00:00.000 +0000,1.00,86.15,0.00,7.80,33.70,0.00,0.00,,-2.70
2026-01-09 23:00:00.000 +0000,1.00,86.20,0.00,7.90,32.50,0.00,0.00,,-2.70
2026-01-09 22:00:00.000 +0000,1.00,86.22,0.00,7.80,32.20,0.00,0.00,,-2.60
2026-01-09 22:00:00.000 +0000,1.00,86.26,0.00,7.80,31.20,0.00,0.00,,-2.70
2026-01-09 21:00:00.000 +0000,1.10,91.55,0.00,7.10,54.30,0.00,0.00,,-2.30
2026-01-09 21:00:00.000 +0000,1.10,91.31,0.00,7.20,55.10,0.00,0.00,,-2.30
2026-01-09 20:00:00.000 +0000,1.10,92.22,0.00,8.00,53.20,0.00,0.00,,-2.70
2026-01-09 20:00:00.000 +0000,1.10,92.34,0.00,8.00,52.70,0.00,0.00,,-2.70
2026-01-09 19:00:00.000 +0000,1.10,92.88,0.00,9.00,52.80,0.00,0.00,,-3.00
2026-01-09 19:00:00.000 +0000,1.10,92.85,0.00,8.90,53.30,0.00,0.00,,-3.00
2026-01-09 18:00:00.000 +0000,2.00,86.95,0.00,11.20,54.10,0.00,0.00,,-2.40
2026-01-09 18:00:00.000 +0000,2.00,87.01,0.00,11.10,54.80,0.00,0.00,,-2.40
2026-01-09 17:00:00.000 +0000,2.00,92.35,0.00,10.90,52.20,0.00,0.00,,-2.30
2026-01-09 17:00:00.000 +0000,2.00,92.46,0.00,11.00,51.80,0.00,0.00,,-2.30
2026-01-09 16:00:00.000 +0000,3.00,86.55,0.00,12.30,31.50,0.00,0.00,,-1.50
2026-01-09 16:00:00.000 +0000,3.00,86.53,0.00,12.30,32.60,0.00,0.00,,-1.40
2026-01-09 15:00:00.000 +0000,2.10,92.35,0.00,11.10,33.30,0.20,51.00,,-2.30
2026-01-09 15:00:00.000 +0000,2.10,92.46,0.00,11.10,32.10,0.20,51.00,,-2.30
2026-01-09 14:00:00.000 +0000,3.00,86.77,0.00,13.40,53.60,0.20,64.00,,-1.60
2026-01-09 14:00:00.000 +0000,3.00,86.76,0.00,13.50,53.10,0.20,64.00,,-1.60
2026-01-09 13:00:00.000 +0000,3.10,86.77,0.00,10.90,54.30,0.10,39.00,,-1.00
2026-01-09 13:00:00.000 +0000,3.10,86.77,0.00,10.90,55.10,0.10,39.00,,-1.00
2026-01-09 12:00:00.000 +0000,2.20,92.11,0.00,12.40,54.60,0.30,82.00,,-2.50
2026-01-09 12:00:00.000 +0000,2.20,92.25,0.00,12.50,53.90,0.30,82.00,,-2.50
2026-01-09 11:00:00.000 +0000,2.10,92.78,0.00,12.50,54.50,0.20,65.00,,-2.60
2026-01-09 11:00:00.000 +0000,2.10,92.72,0.00,12.50,55.30,0.20,65.00,,-2.60
2026-01-09 10:00:00.000 +0000,2.10,92.93,0.00,12.50,54.90,0.10,14.00,,-2.70
2026-01-09 10:00:00.000 +0000,2.10,92.90,0.00,12.50,55.70,0.10,14.00,,-2.60
2026-01-09 09:00:00.000 +0000,2.00,93.33,0.00,13.50,51.50,0.10,29.00,,-3.00
2026-01-09 09:00:00.000 +0000,2.00,93.31,0.00,13.60,51.30,0.10,29.00,,-3.00
2026-01-09 08:00:00.000 +0000,2.00,93.09,0.00,12.50,88.00,0.00,0.00,,-2.70
2026-01-09 08:00:00.000 +0000,2.00,93.08,0.00,12.50,88.00,0.00,0.00,,-2.70
2026-01-09 07:00:00.000 +0000,2.10,92.77,0.00,13.60,88.40,0.00,0.00,,-2.90
2026-01-09 07:00:00.000 +0000,2.10,92.72,0.00,13.60,88.50,0.00,0.00,,-2.90
2026-01-09 06:00:00.000 +0000,2.10,92.77,0.00,13.60,89.00,0.00,0.00,,-2.90
2026-01-09 06:00:00.000 +0000,2.10,92.72,0.00,13.60,89.10,0.00,0.00,,-2.90
2026-01-09 05:00:00.000 +0000,3.00,87.10,0.00,13.60,89.10,0.00,0.00,,-1.70
2026-01-09 05:00:00.000 +0000,3.00,87.05,0.00,13.70,89.00,0.00,0.00,,-1.80
2026-01-09 04:00:00.000 +0000,3.20,90.12,0.00,13.00,93.50,0.00,0.00,,-1.30
2026-01-09 04:00:00.000 +0000,3.20,90.17,0.00,13.00,93.50,0.00,0.00,,-1.30
2026-01-09 03:00:00.000 +0000,3.00,88.69,0.00,9.70,100.00,0.00,0.00,,-0.90
2026-01-09 03:00:00.000 +0000,3.00,88.67,0.00,9.70,100.00,0.00,0.00,,-0.90
2026-01-09 02:00:00.000 +0000,3.00,91.61,0.00,11.50,88.00,0.00,0.00,,-1.30
2026-01-09 02:00:00.000 +0000,3.00,91.64,0.00,11.50,88.00,0.00,0.00,,-1.30
2026-01-09 01:00:00.000 +0000,2.30,91.59,0.00,12.40,97.30,0.00,0.00,,-2.40
2026-01-09 01:00:00.000 +0000,2.30,91.56,0.00,12.40,97.20,0.00,0.00,,-2.40
2026-01-09 00:00:00.000 +0000,2.30,89.52,0.00,11.00,100.00,0.00,0.00,,-2.00
2026-01-09 00:00:00.000 +0000,2.30,89.53,0.00,11.00,100.00,0.00,0.00,,-2.00
2026-01-08 23:00:00.000 +0000,2.00,91.57,0.00,11.90,100.00,0.00,0.00,,-2.60
2026-01-08 23:00:00.000 +0000,2.00,91.54,0.00,11.90,100.00,0.00,0.00,,-2.60
2026-01-08 22:00:00.000 +0000,1.00,98.54,0.00,12.50,89.50,0.00,0.00,,-4.00
2026-01-08 22:00:00.000 +0000,1.00,98.75,0.00,12.50,89.20,0.00,0.00,,-4.00
2026-01-08 21:00:00.000 +0000,0.10,98.91,0.00,10.20,88.90,0.00,0.00,,-4.60
2026-01-08 21:00:00.000 +0000,0.10,98.72,0.00,10.20,89.00,0.00,0.00,,-4.50
2026-01-08 20:00:00.000 +0000,-0.80,98.92,0.00,8.20,86.60,0.00,0.00,,-5.00
2026-01-08 20:00:00.000 +0000,-0.80,99.07,0.00,8.20,86.80,0.00,0.00,,-5.00
2026-01-08 19:00:00.000 +0000,-1.00,92.60,0.00,6.90,89.00,0.00,0.00,,-4.70
2026-01-08 19:00:00.000 +0000,-0.90,92.54,0.00,6.90,89.10,0.00,0.00,,-4.70
2026-01-08 18:00:00.000 +0000,-1.00,92.76,0.00,5.80,88.60,0.00,0.00,,-4.30
2026-01-08 18:00:00.000 +0000,-1.00,92.73,0.00,5.90,88.70,0.00,0.00,,-4.30
2026-01-08 17:00:00.000 +0000,-1.00,92.60,0.00,4.80,52.40,0.00,0.00,,-3.80
2026-01-08 17:00:00.000 +0000,-1.00,92.54,0.00,4.90,52.90,0.00,0.00,,-3.80
2026-01-08 16:00:00.000 +0000,-1.00,92.38,0.00,3.50,53.00,0.00,0.00,,-3.00
2026-01-08 16:00:00.000 +0000,-0.90,92.28,0.00,3.60,53.50,0.00,0.00,,-3.00
2026-01-08 15:00:00.000 +0000,0.00,92.34,0.00,3.30,100.00,0.10,24.00,,-1.70
2026-01-08 15:00:00.000 +0000,0.00,92.23,0.00,3.30,100.00,0.10,24.00,,-1.70
2026-01-08 14:00:00.000 +0000,0.90,86.79,0.00,3.30,29.40,0.20,55.00,,-0.60
2026-01-08 14:00:00.000 +0000,0.90,86.84,0.00,3.30,30.20,0.20,55.00,,-0.60
2026-01-08 13:00:00.000 +0000,0.90,92.49,0.00,1.30,26.90,0.30,96.00,,
2026-01-08 13:00:00.000 +0000,0.90,92.40,0.00,1.30,27.30,0.30,96.00,,
2026-01-08 12:00:00.000 +0000,0.90,92.40,0.00,1.30,100.00,0.50,127.00,,
2026-01-08 12:00:00.000 +0000,0.90,92.49,0.00,1.30,100.00,0.50,127.00,,
2026-01-08 11:00:00.000 +0000,-0.10,93.13,0.00,1.20,88.00,0.40,108.00,,
2026-01-08 11:00:00.000 +0000,-0.10,93.15,0.00,1.30,88.00,0.40,108.00,,
2026-01-08 10:00:00.000 +0000,-1.10,92.91,0.00,4.60,88.00,0.30,97.00,,-3.80
2026-01-08 10:00:00.000 +0000,-1.20,92.91,0.00,4.50,88.00,0.30,97.00,,-3.80
2026-01-08 09:00:00.000 +0000,-0.40,87.13,0.00,5.40,88.00,0.10,30.00,,-3.40
2026-01-08 09:00:00.000 +0000,-0.40,87.02,0.00,5.50,88.00,0.10,30.00,,-3.40
2026-01-08 08:00:00.000 +0000,-1.30,92.26,0.00,3.20,50.00,0.00,0.00,,-3.10
2026-01-08 08:00:00.000 +0000,-1.30,92.15,0.00,3.20,50.00,0.00,0.00,,-3.10
2026-01-08 07:00:00.000 +0000,-1.20,92.91,0.00,8.50,88.00,0.00,0.00,,-5.60
2026-01-08 07:00:00.000 +0000,-1.10,92.91,0.00,8.60,88.00,0.00,0.00,,-5.60
2026-01-08 06:00:00.000 +0000,-0.20,86.66,0.00,9.20,100.00,0.00,0.00,,-4.60
2026-01-08 06:00:00.000 +0000,-0.20,86.62,0.00,9.40,100.00,0.00,0.00,,-4.60
2026-01-08 05:00:00.000 +0000,0.80,76.16,0.00,9.50,90.70,0.00,0.00,,-3.50
2026-01-08 05:00:00.000 +0000,0.80,76.43,0.00,9.30,90.80,0.00,0.00,,-3.50
2026-01-08 04:00:00.000 +0000,-0.40,88.76,0.00,2.10,97.20,0.00,0.00,,
2026-01-08 04:00:00.000 +0000,-0.40,88.73,0.00,2.10,97.30,0.00,0.00,,
2026-01-08 03:00:00.000 +0000,0.00,88.80,0.00,4.00,97.20,0.00,0.00,,-2.10
2026-01-08 03:00:00.000 +0000,0.00,88.77,0.00,4.00,97.30,0.00,0.00,,-2.10
2026-01-08 02:00:00.000 +0000,0.00,87.30,0.00,4.80,100.00,0.00,0.00,,-2.60
2026-01-08 02:00:00.000 +0000,0.00,87.30,0.00,4.80,100.00,0.00,0.00,,-2.60
2026-01-08 01:00:00.000 +0000,-0.30,86.37,0.00,4.10,76.10,0.00,0.00,,-2.60
2026-01-08 01:00:00.000 +0000,-0.30,86.37,0.00,4.10,76.00,0.00,0.00,,-2.60
2026-01-08 00:00:00.000 +0000,1.00,80.36,0.00,4.40,74.40,0.00,0.00,,-1.30
2026-01-08 00:00:00.000 +0000,0.90,80.42,0.00,4.40,74.50,0.00,0.00,,-1.30
2026-01-07 23:00:00.000 +0000,1.20,83.19,0.00,4.80,79.60,0.00,0.00,,-1.30
2026-01-07 23:00:00.000 +0000,1.20,83.14,0.00,4.80,79.60,0.00,0.00,,-1.30
2026-01-07 22:00:00.000 +0000,2.00,77.36,0.00,5.60,82.90,0.00,0.00,,-0.70
2026-01-07 22:00:00.000 +0000,1.90,77.41,0.00,5.60,82.60,0.00,0.00,,-0.70
2026-01-07 21:00:00.000 +0000,1.00,75.09,0.00,4.80,97.30,0.00,0.00,,-1.50
2026-01-07 21:00:00.000 +0000,1.00,75.17,0.00,4.80,97.20,0.00,0.00,,-1.50
2026-01-07 20:00:00.000 +0000,1.10,79.97,0.00,14.40,88.00,0.00,0.00,,-4.20
2026-01-07 20:00:00.000 +0000,1.10,79.90,0.00,14.30,88.00,0.00,0.00,,-4.20
2026-01-07 19:00:00.000 +0000,2.00,75.00,0.00,15.40,91.80,0.00,0.00,,-3.30
2026-01-07 19:00:00.000 +0000,2.00,75.03,0.00,15.30,91.80,0.00,0.00,,-3.30
2026-01-07 18:00:00.000 +0000,2.10,74.57,0.00,19.80,73.60,0.00,0.00,,-3.90
2026-01-07 18:00:00.000 +0000,2.10,74.53,0.00,19.60,73.70,0.00,0.00,,-3.90
2026-01-07 17:00:00.000 +0000,2.10,79.50,0.00,14.80,50.00,0.00,0.00,,-3.00
2026-01-07 17:00:00.000 +0000,2.10,79.65,0.00,14.80,50.00,0.00,0.00,,-3.10
2026-01-07 16:00:00.000 +0000,3.10,74.40,0.00,20.80,61.20,0.00,2.00,,-2.80
2026-01-07 16:00:00.000 +0000,3.00,74.49,0.00,20.90,61.60,0.00,2.00,,-2.80
2026-01-07 15:00:00.000 +0000,3.20,73.91,0.00,21.10,25.00,0.30,71.00,,-2.70
2026-01-07 15:00:00.000 +0000,3.10,74.07,0.00,21.20,25.00,0.30,71.00,,-2.70
2026-01-07 14:00:00.000 +0000,4.10,74.37,0.00,22.40,25.00,0.70,197.00,,-1.60
2026-01-07 14:00:00.000 +0000,4.10,74.23,0.00,22.30,25.00,0.70,197.00,,-1.60
2026-01-07 13:00:00.000 +0000,4.10,74.62,0.00,23.60,26.60,0.90,258.00,,-1.80
2026-01-07 13:00:00.000 +0000,4.10,74.53,0.00,23.50,26.90,0.90,258.00,,-1.70
2026-01-07 12:00:00.000 +0000,4.10,74.75,0.00,23.50,27.70,0.90,260.00,,-1.80
2026-01-07 12:00:00.000 +0000,4.10,74.68,0.00,23.30,28.10,0.90,260.00,,-1.80
2026-01-07 11:00:00.000 +0000,3.20,79.45,0.00,24.00,27.20,0.80,219.00,,-3.00
2026-01-07 11:00:00.000 +0000,3.20,79.62,0.00,24.20,26.90,0.80,219.00,,-3.10
2026-01-07 10:00:00.000 +0000,3.10,79.65,0.00,21.50,27.90,0.50,147.00,,-2.80
2026-01-07 10:00:00.000 +0000,3.10,79.79,0.00,21.60,27.40,0.50,147.00,,-2.90
2026-01-07 09:00:00.000 +0000,2.20,84.55,0.00,13.10,26.00,0.20,43.00,,-2.60
2026-01-07 09:00:00.000 +0000,2.20,84.83,0.00,13.10,25.90,0.20,43.00,,-2.60
2026-01-07 08:00:00.000 +0000,2.10,85.32,0.00,19.20,25.60,0.00,2.00,,-3.80
2026-01-07 08:00:00.000 +0000,2.10,85.11,0.00,19.10,25.80,0.00,2.00,,-3.80
2026-01-07 07:00:00.000 +0000,2.10,85.53,0.00,18.10,26.50,0.00,0.00,,-3.60
2026-01-07 07:00:00.000 +0000,2.20,85.35,0.00,18.00,26.80,0.00,0.00,,-3.50
2026-01-07 06:00:00.000 +0000,2.10,86.03,0.00,16.70,55.10,0.00,0.00,,-3.40
2026-01-07 06:00:00.000 +0000,2.10,86.11,0.00,16.70,54.30,0.00,0.00,,-3.40
2026-01-07 05:00:00.000 +0000,2.10,86.03,0.00,9.40,32.60,0.00,0.00,,-1.80
2026-01-07 05:00:00.000 +0000,2.10,86.11,0.00,9.40,31.50,0.00,0.00,,-1.80
2026-01-07 04:00:00.000 +0000,3.20,82.05,0.00,11.60,97.20,0.00,0.00,,-1.00
2026-01-07 04:00:00.000 +0000,3.20,82.03,0.00,11.60,97.30,0.00,0.00,,-1.00
2026-01-07 03:00:00.000 +0000,3.40,79.38,0.00,14.00,81.50,0.00,0.00,,-1.20
2026-01-07 03:00:00.000 +0000,3.40,79.40,0.00,14.00,81.50,0.00,0.00,,-1.20
2026-01-07 02:00:00.000 +0000,2.70,87.56,0.00,10.30,42.10,0.00,0.00,,-1.30
2026-01-07 02:00:00.000 +0000,2.70,87.56,0.00,10.30,42.40,0.00,0.00,,-1.30
2026-01-07 01:00:00.000 +0000,1.50,83.18,0.00,6.80,51.40,0.00,0.00,,-1.70
2026-01-07 01:00:00.000 +0000,1.50,83.17,0.00,6.80,51.80,0.00,0.00,,-1.70
2026-01-07 00:00:00.000 +0000,2.60,77.97,0.00,7.60,79.20,0.00,0.00,,-0.70
2026-01-07 00:00:00.000 +0000,2.50,77.96,0.00,7.60,79.40,0.00,0.00,,-0.70
2026-01-06 23:00:00.000 +0000,3.40,78.96,0.00,9.00,51.80,0.00,0.00,,-0.10
2026-01-06 23:00:00.000 +0000,3.40,78.89,0.00,9.00,51.40,0.00,0.00,,-0.10
2026-01-06 22:00:00.000 +0000,2.10,92.66,0.00,8.40,54.20,0.00,0.00,,-1.50
2026-01-06 22:00:00.000 +0000,2.20,92.59,0.00,8.40,54.90,0.00,0.00,,-1.50
2026-01-06 21:00:00.000 +0000,2.20,98.87,0.00,14.50,88.70,0.00,0.00,,-2.90
2026-01-06 21:00:00.000 +0000,2.20,98.68,0.00,14.40,88.80,0.00,0.00,,-2.90
2026-01-06 20:00:00.000 +0000,3.00,93.14,0.00,11.60,89.50,0.00,0.00,,-1.30
2026-01-06 20:00:00.000 +0000,3.00,93.14,0.00,11.60,89.20,0.00,0.00,,-1.30
2026-01-06 19:00:00.000 +0000,2.10,99.03,0.00,14.90,89.00,0.00,0.00,,-3.10
2026-01-06 19:00:00.000 +0000,2.10,98.87,0.00,14.80,89.10,0.00,0.00,,-3.10
2026-01-06 18:00:00.000 +0000,2.00,92.65,0.00,12.80,55.70,0.00,0.00,,-2.80
2026-01-06 18:00:00.000 +0000,2.00,92.71,0.00,12.80,54.90,0.00,0.00,,-2.80
2026-01-06 17:00:00.000 +0000,2.00,92.39,0.00,13.40,55.10,0.00,0.00,,-2.90
2026-01-06 17:00:00.000 +0000,2.00,92.49,0.00,13.50,54.30,0.00,0.00,,-2.90
2026-01-06 16:00:00.000 +0000,2.00,86.49,0.00,12.60,52.10,0.00,0.00,,-2.70
2026-01-06 16:00:00.000 +0000,2.10,86.48,0.00,12.60,52.50,0.00,0.00,,-2.70
2026-01-06 15:00:00.000 +0000,2.10,86.37,0.00,12.20,32.00,0.00,10.00,,-2.50
2026-01-06 15:00:00.000 +0000,2.10,86.40,0.00,12.30,31.00,0.00,10.00,,-2.60
2026-01-06 14:00:00.000 +0000,2.00,86.90,0.00,12.30,52.80,0.10,25.00,,-2.70
2026-01-06 14:00:00.000 +0000,2.00,86.95,0.00,12.20,53.30,0.10,25.00,,-2.60
2026-01-06 13:00:00.000 +0000,1.90,92.92,0.00,12.30,53.10,0.20,49.00,,-2.80
2026-01-06 13:00:00.000 +0000,1.90,92.89,0.00,12.20,53.60,0.20,49.00,,-2.80
2026-01-06 12:00:00.000 +0000,0.90,98.93,0.00,8.00,50.70,0.20,61.00,,-2.90
2026-01-06 12:00:00.000 +0000,0.90,99.09,0.00,8.00,50.70,0.20,61.00,,-2.90
2026-01-06 11:00:00.000 +0000,-0.20,99.01,0.00,7.00,84.10,0.30,73.00,,-3.80
2026-01-06 11:00:00.000 +0000,-0.20,98.85,0.00,7.10,83.50,0.30,73.00,,-3.80
2026-01-06 10:00:00.000 +0000,-0.30,93.12,0.00,8.90,52.10,0.20,54.00,,-4.60
2026-01-06 10:00:00.000 +0000,-0.30,93.15,0.00,8.90,52.50,0.20,54.00,,-4.70
2026-01-06 09:00:00.000 +0000,-1.30,92.64,0.00,7.90,55.70,0.10,26.00,,-5.50
2026-01-06 09:00:00.000 +0000,-1.30,92.68,0.00,7.90,54.90,0.10,26.00,,-5.50
2026-01-06 08:00:00.000 +0000,-1.40,86.79,0.00,8.80,55.30,0.00,2.00,,-5.90
2026-01-06 08:00:00.000 +0000,-1.30,86.71,0.00,8.90,54.50,0.00,2.00,,-5.90
2026-01-06 07:00:00.000 +0000,-1.50,86.85,0.00,9.70,93.50,0.00,0.00,,-6.30
2026-01-06 07:00:00.000 +0000,-1.50,86.95,0.00,9.60,93.50,0.00,0.00,,-6.30
2026-01-06 06:00:00.000 +0000,-3.40,86.57,0.00,7.60,90.80,0.00,0.00,,-8.00
2026-01-06 06:00:00.000 +0000,-3.40,86.50,0.00,7.70,90.70,0.00,0.00,,-8.00
2026-01-06 05:00:00.000 +0000,-2.50,80.72,0.00,11.80,100.00,0.00,0.00,,-8.20
2026-01-06 05:00:00.000 +0000,-2.60,80.86,0.00,11.60,100.00,0.00,0.00,,-8.30
2026-01-06 04:00:00.000 +0000,-6.30,90.38,0.00,2.80,88.00,0.00,0.00,,
2026-01-06 04:00:00.000 +0000,-6.30,90.40,0.00,2.80,88.00,0.00,0.00,,
2026-01-06 03:00:00.000 +0000,-7.20,85.07,0.00,1.90,,0.00,0.00,,
2026-01-06 03:00:00.000 +0000,-7.20,85.02,0.00,1.90,,0.00,0.00,,
2026-01-06 02:00:00.000 +0000,-6.30,86.12,0.00,3.60,25.00,0.00,0.00,,-9.10
2026-01-06 02:00:00.000 +0000,-6.20,86.07,0.00,3.60,25.00,0.00,0.00,,-9.10
2026-01-06 01:00:00.000 +0000,-6.60,85.13,0.00,4.00,,0.00,0.00,,-9.80
2026-01-06 01:00:00.000 +0000,-6.60,85.09,0.00,4.00,,0.00,0.00,,-9.80
2026-01-06 00:00:00.000 +0000,-6.60,86.08,0.00,4.10,,0.00,0.00,,-9.80
2026-01-06 00:00:00.000 +0000,-6.60,86.04,0.00,4.10,,0.00,0.00,,-9.80
2026-01-05 23:00:00.000 +0000,-4.20,85.98,0.00,10.60,,0.00,0.00,,-10.00
2026-01-05 23:00:00.000 +0000,-4.20,85.99,0.00,10.50,,0.00,0.00,,-10.00
2026-01-05 22:00:00.000 +0000,-5.10,86.14,0.00,6.50,,0.00,0.00,,-9.50
2026-01-05 22:00:00.000 +0000,-5.10,86.10,0.00,6.60,,0.00,0.00,,-9.60
2026-01-05 21:00:00.000 +0000,-4.10,85.78,0.00,7.60,,0.00,0.00,,-8.80
2026-01-05 21:00:00.000 +0000,-4.10,85.80,0.00,7.60,,0.00,0.00,,-8.90
2026-01-05 20:00:00.000 +0000,-4.00,85.25,0.00,9.60,,0.00,0.00,,-9.40
2026-01-05 20:00:00.000 +0000,-4.00,85.35,0.00,9.70,,0.00,0.00,,-9.50
2026-01-05 19:00:00.000 +0000,-4.00,85.36,0.00,8.60,,0.00,0.00,,-9.10
2026-01-05 19:00:00.000 +0000,-4.00,85.44,0.00,8.70,,0.00,0.00,,-9.10
2026-01-05 18:00:00.000 +0000,-3.00,79.50,0.00,10.70,,0.00,0.00,,-8.50
2026-01-05 18:00:00.000 +0000,-3.00,79.45,0.00,10.60,,0.00,0.00,,-8.50
2026-01-05 17:00:00.000 +0000,-1.90,79.28,0.00,9.70,,0.00,0.00,,-6.90
2026-01-05 17:00:00.000 +0000,-1.90,79.37,0.00,9.80,,0.00,0.00,,-6.90
2026-01-05 16:00:00.000 +0000,-0.90,73.90,0.00,5.70,25.00,0.00,2.00,,-4.20
2026-01-05 16:00:00.000 +0000,-0.90,73.83,0.00,5.70,25.00,0.00,2.00,,-4.10
2026-01-05 15:00:00.000 +0000,0.10,73.73,0.00,9.00,25.00,0.20,58.00,,-4.10
2026-01-05 15:00:00.000 +0000,0.20,73.61,0.00,9.00,25.00,0.20,58.00,,-4.10
2026-01-05 14:00:00.000 +0000,1.00,68.99,0.00,8.10,25.00,0.60,161.00,,-2.70
2026-01-05 14:00:00.000 +0000,1.10,68.95,0.00,8.10,25.00,0.60,161.00,,-2.70
2026-01-05 13:00:00.000 +0000,0.10,74.20,0.00,11.10,47.60,0.90,237.00,,-4.80
2026-01-05 13:00:00.000 +0000,0.00,74.23,0.00,11.20,47.90,0.90,237.00,,-4.90
2026-01-05 12:00:00.000 +0000,0.00,69.64,0.00,9.10,69.40,0.90,254.00,,-4.30
2026-01-05 12:00:00.000 +0000,0.00,69.55,0.00,9.10,69.30,0.90,254.00,,-4.40
2026-01-05 11:00:00.000 +0000,-1.00,74.35,0.00,11.00,25.00,0.70,205.00,,-6.20
2026-01-05 11:00:00.000 +0000,-1.00,74.37,0.00,10.90,25.00,0.70,205.00,,-6.10
2026-01-05 10:00:00.000 +0000,-2.00,74.17,0.00,13.00,25.00,0.40,121.00,,-7.90
2026-01-05 10:00:00.000 +0000,-2.00,74.19,0.00,12.90,25.00,0.40,121.00,,-7.90
2026-01-05 09:00:00.000 +0000,-3.10,74.34,0.00,15.30,,0.10,27.00,,-9.80
2026-01-05 09:00:00.000 +0000,-3.10,74.42,0.00,15.10,,0.10,27.00,,-9.80
2026-01-05 08:00:00.000 +0000,-4.90,79.01,0.00,17.00,25.00,0.00,0.00,,-12.50
2026-01-05 08:00:00.000 +0000,-4.80,78.94,0.00,16.80,25.00,0.00,0.00,,-12.40
2026-01-05 07:00:00.000 +0000,-4.00,73.85,0.00,14.90,95.10,0.00,0.00,,-10.90
2026-01-05 07:00:00.000 +0000,-4.00,73.88,0.00,14.70,95.10,0.00,0.00,,-10.80
2026-01-05 06:00:00.000 +0000,-4.90,78.99,0.00,14.20,,0.00,0.00,,-11.90
2026-01-05 06:00:00.000 +0000,-4.90,79.05,0.00,14.30,,0.00,0.00,,-11.90
2026-01-05 05:00:00.000 +0000,-4.00,74.03,0.00,12.30,,0.00,0.00,,-10.30
2026-01-05 05:00:00.000 +0000,-4.00,73.98,0.00,12.40,,0.00,0.00,,-10.30
2026-01-05 04:00:00.000 +0000,-3.00,73.89,0.00,9.10,,0.00,0.00,,-8.10
2026-01-05 04:00:00.000 +0000,-3.10,73.94,0.00,9.00,,0.00,0.00,,-8.10
2026-01-05 03:00:00.000 +0000,-3.30,77.90,0.00,6.50,,0.00,0.00,,-7.40
2026-01-05 03:00:00.000 +0000,-3.30,77.83,0.00,6.60,,0.00,0.00,,-7.40
2026-01-05 02:00:00.000 +0000,-3.30,77.83,0.00,8.30,,0.00,0.00,,-8.10
2026-01-05 02:00:00.000 +0000,-3.30,77.90,0.00,8.30,,0.00,0.00,,-8.10
2026-01-05 01:00:00.000 +0000,-3.10,76.56,0.00,6.60,,0.00,0.00,,-7.20
2026-01-05 01:00:00.000 +0000,-3.10,76.51,0.00,6.60,,0.00,0.00,,-7.20
2026-01-05 00:00:00.000 +0000,-3.00,85.19,0.00,8.90,25.00,0.00,0.00,,-8.00
2026-01-05 00:00:00.000 +0000,-3.00,85.05,0.00,8.90,25.00,0.00,0.00,,-8.00
2026-01-04 23:00:00.000 +0000,-3.90,98.04,0.00,8.80,51.00,0.00,0.00,,-9.00
2026-01-04 23:00:00.000 +0000,-3.80,97.73,0.00,8.80,51.20,0.00,0.00,,-8.90
2026-01-04 22:00:00.000 +0000,-1.10,92.02,0.00,8.90,88.40,0.00,0.00,,-5.60
2026-01-04 22:00:00.000 +0000,-1.10,92.15,0.00,9.00,88.30,0.00,0.00,,-5.60
2026-01-04 21:00:00.000 +0000,-1.00,91.83,0.00,10.20,31.80,0.00,0.00,,-5.90
2026-01-04 21:00:00.000 +0000,-1.00,91.66,0.00,10.10,33.00,0.00,0.00,,-5.80
2026-01-04 20:00:00.000 +0000,-1.00,85.48,0.00,13.20,30.30,0.00,0.00,,-6.60
2026-01-04 20:00:00.000 +0000,-1.00,85.35,0.00,13.10,31.20,0.00,0.00,,-6.60
2026-01-04 19:00:00.000 +0000,-0.20,75.12,0.00,11.80,30.90,0.00,0.00,,-5.30
2026-01-04 19:00:00.000 +0000,-0.10,75.01,0.00,11.90,30.00,0.00,0.00,,-5.30
2026-01-04 18:00:00.000 +0000,-1.90,85.46,0.00,5.60,31.00,0.00,0.00,,-5.30
2026-01-04 18:00:00.000 +0000,-1.90,85.35,0.00,5.60,32.00,0.00,0.00,,-5.30
2026-01-04 17:00:00.000 +0000,-1.00,79.37,0.00,8.80,29.50,0.00,0.00,,-5.40
2026-01-04 17:00:00.000 +0000,-1.00,79.46,0.00,8.80,28.80,0.00,0.00,,-5.50
2026-01-04 16:00:00.000 +0000,-0.10,74.45,0.00,10.80,25.80,0.00,0.00,,-4.90
2026-01-04 16:00:00.000 +0000,-0.10,74.45,0.00,10.90,25.60,0.00,0.00,,-4.90
2026-01-04 15:00:00.000 +0000,1.00,64.65,0.00,15.40,25.80,0.20,67.00,,-4.60
2026-01-04 15:00:00.000 +0000,1.00,64.59,0.00,15.50,25.60,0.20,67.00,,-4.60
2026-01-04 14:00:00.000 +0000,1.00,64.67,0.00,14.50,25.00,0.60,154.00,,-4.30
2026-01-04 14:00:00.000 +0000,1.00,64.60,0.00,14.50,25.00,0.60,154.00,,-4.40
2026-01-04 13:00:00.000 +0000,1.00,60.31,0.00,12.60,88.00,0.80,223.00,,-4.00
2026-01-04 13:00:00.000 +0000,1.00,60.45,0.00,12.60,88.00,0.80,223.00,,-4.00
2026-01-04 12:00:00.000 +0000,0.10,64.11,0.00,11.20,50.00,0.90,252.00,,-4.80
2026-01-04 12:00:00.000 +0000,0.10,64.14,0.00,11.10,50.00,0.90,252.00,,-4.70
2026-01-04 11:00:00.000 +0000,-0.90,68.70,0.00,15.30,25.00,0.80,213.00,,-7.00
2026-01-04 11:00:00.000 +0000,-0.90,68.68,0.00,15.20,25.00,0.80,213.00,,-6.90
2026-01-04 10:00:00.000 +0000,-2.00,68.93,0.00,12.20,25.00,0.50,128.00,,-7.70
2026-01-04 10:00:00.000 +0000,-2.00,68.99,0.00,12.10,25.00,0.50,128.00,,-7.60
2026-01-04 09:00:00.000 +0000,-3.00,69.35,0.00,10.80,,0.10,31.00,,-8.60
2026-01-04 09:00:00.000 +0000,-3.00,69.21,0.00,10.90,,0.10,31.00,,-8.60
2026-01-04 08:00:00.000 +0000,-3.00,69.35,0.00,14.30,,0.00,0.00,,-9.50
2026-01-04 08:00:00.000 +0000,-3.00,69.21,0.00,14.40,,0.00,0.00,,-9.60
2026-01-04 07:00:00.000 +0000,-3.00,74.16,0.00,16.50,,0.00,0.00,,-10.00
2026-01-04 07:00:00.000 +0000,-3.00,74.22,0.00,16.40,,0.00,0.00,,-10.00
2026-01-04 06:00:00.000 +0000,-3.00,68.71,0.00,13.10,,0.00,0.00,,-9.20
2026-01-04 06:00:00.000 +0000,-3.00,68.66,0.00,13.20,,0.00,0.00,,-9.20
2026-01-04 05:00:00.000 +0000,-3.00,68.66,0.00,14.10,,0.00,0.00,,-9.40
2026-01-04 05:00:00.000 +0000,-3.00,68.61,0.00,14.20,,0.00,0.00,,-9.50
2026-01-04 04:00:00.000 +0000,-2.60,70.46,0.00,7.60,,0.00,0.00,,-7.10
2026-01-04 04:00:00.000 +0000,-2.70,70.53,0.00,7.60,,0.00,0.00,,-7.10
2026-01-04 03:00:00.000 +0000,-2.40,69.28,0.00,9.20,,0.00,0.00,,-7.30
2026-01-04 03:00:00.000 +0000,-2.40,69.33,0.00,9.10,,0.00,0.00,,-7.30
2026-01-04 02:00:00.000 +0000,-1.50,65.96,0.00,10.70,,0.00,0.00,,-6.70
2026-01-04 02:00:00.000 +0000,-1.50,65.92,0.00,10.70,,0.00,0.00,,-6.70
2026-01-04 01:00:00.000 +0000,-1.30,63.70,0.00,11.20,,0.00,0.00,,-6.50
2026-01-04 01:00:00.000 +0000,-1.30,63.70,0.00,11.20,,0.00,0.00,,-6.50
2026-01-04 00:00:00.000 +0000,-1.50,65.96,0.00,10.90,,0.00,0.00,,-6.70
2026-01-04 00:00:00.000 +0000,-1.50,65.92,0.00,10.90,,0.00,0.00,,-6.70
2026-01-03 23:00:00.000 +0000,-1.90,67.82,0.00,17.70,,0.00,0.00,,-8.70
2026-01-03 23:00:00.000 +0000,-1.90,67.93,0.00,17.80,,0.00,0.00,,-8.80
2026-01-03 22:00:00.000 +0000,-1.90,63.39,0.00,19.20,,0.00,0.00,,-9.00
2026-01-03 22:00:00.000 +0000,-1.90,63.37,0.00,19.10,,0.00,0.00,,-9.00
2026-01-03 21:00:00.000 +0000,-1.90,68.10,0.00,15.80,,0.00,0.00,,-8.40
2026-01-03 21:00:00.000 +0000,-1.90,68.01,0.00,15.70,,0.00,0.00,,-8.40
2026-01-03 20:00:00.000 +0000,-1.90,68.30,0.00,13.70,,0.00,0.00,,-8.00
2026-01-03 20:00:00.000 +0000,-1.90,68.34,0.00,13.80,,0.00,0.00,,-8.00
2026-01-03 19:00:00.000 +0000,-1.90,67.97,0.00,14.70,,0.00,0.00,,-8.10
2026-01-03 19:00:00.000 +0000,-1.90,68.06,0.00,14.80,,0.00,0.00,,-8.20
2026-01-03 18:00:00.000 +0000,-1.80,67.82,0.00,13.90,,0.00,0.00,,-7.90
2026-01-03 18:00:00.000 +0000,-1.80,67.69,0.00,13.90,,0.00,0.00,,-7.90
2026-01-03 17:00:00.000 +0000,-0.90,67.91,0.00,17.00,39.80,0.00,0.00,,-7.30
2026-01-03 17:00:00.000 +0000,-0.90,67.76,0.00,16.90,39.80,0.00,0.00,,-7.30
2026-01-03 16:00:00.000 +0000,0.10,63.52,0.00,17.80,25.00,0.00,0.00,,-6.20
2026-01-03 16:00:00.000 +0000,0.10,63.44,0.00,17.70,25.00,0.00,0.00,,-6.20
2026-01-03 15:00:00.000 +0000,0.20,67.23,0.00,15.20,25.00,0.20,52.00,,-5.60
2026-01-03 15:00:00.000 +0000,0.20,67.49,0.00,15.20,25.00,0.20,52.00,,-5.60
2026-01-03 14:00:00.000 +0000,2.00,59.56,0.00,17.40,25.00,0.50,150.00,,-3.60
2026-01-03 14:00:00.000 +0000,2.00,59.52,0.00,17.40,25.00,0.50,150.00,,-3.60
2026-01-03 13:00:00.000 +0000,1.10,68.23,0.00,18.20,25.00,0.80,227.00,,-4.90
2026-01-03 13:00:00.000 +0000,1.20,68.06,0.00,18.20,25.00,0.80,227.00,,-4.90
2026-01-03 12:00:00.000 +0000,1.10,64.26,0.00,16.20,25.00,1.00,270.00,,-4.60
2026-01-03 12:00:00.000 +0000,1.10,64.26,0.00,16.20,25.00,1.00,270.00,,-4.70
2026-01-03 11:00:00.000 +0000,0.10,68.66,0.00,13.30,25.00,0.70,208.00,,-5.30
2026-01-03 11:00:00.000 +0000,0.10,68.59,0.00,13.40,25.00,0.70,208.00,,-5.30
2026-01-03 10:00:00.000 +0000,-1.70,72.79,0.00,18.10,88.00,0.40,122.00,,-8.60
2026-01-03 10:00:00.000 +0000,-1.80,72.97,0.00,18.10,88.00,0.40,122.00,,-8.70
2026-01-03 09:00:00.000 +0000,-1.90,68.24,0.00,17.10,,0.10,27.00,,-8.60
2026-01-03 09:00:00.000 +0000,-1.80,68.18,0.00,17.10,,0.10,27.00,,-8.60
2026-01-03 08:00:00.000 +0000,-2.80,73.10,0.00,15.80,,0.00,0.00,,-9.50
2026-01-03 08:00:00.000 +0000,-2.80,73.21,0.00,15.80,,0.00,0.00,,-9.60
2026-01-03 07:00:00.000 +0000,-1.90,68.50,0.00,19.30,,0.00,0.00,,-9.10
2026-01-03 07:00:00.000 +0000,-1.90,68.52,0.00,19.30,,0.00,0.00,,-9.10
2026-01-03 06:00:00.000 +0000,-1.90,63.43,0.00,21.30,,0.00,0.00,,-9.30
2026-01-03 06:00:00.000 +0000,-1.90,63.44,0.00,21.40,,0.00,0.00,,-9.40
2026-01-03 05:00:00.000 +0000,-2.00,68.38,0.00,17.80,,0.00,0.00,,-8.90
2026-01-03 05:00:00.000 +0000,-2.00,68.35,0.00,17.70,,0.00,0.00,,-8.80
2026-01-03 04:00:00.000 +0000,-1.00,64.91,0.00,13.10,,0.00,0.00,,-6.70
2026-01-03 04:00:00.000 +0000,-1.00,64.88,0.00,13.20,,0.00,0.00,,-6.70
2026-01-03 03:00:00.000 +0000,-1.00,66.03,0.00,12.30,,0.00,0.00,,-6.50
2026-01-03 03:00:00.000 +0000,-1.00,66.07,0.00,12.30,,0.00,0.00,,-6.50
2026-01-03 02:00:00.000 +0000,-0.40,65.07,0.00,13.60,,0.00,0.00,,-6.00
2026-01-03 02:00:00.000 +0000,-0.40,65.04,0.00,13.70,,0.00,0.00,,-6.00
2026-01-03 01:00:00.000 +0000,0.00,69.05,0.00,13.00,,0.00,0.00,,-5.40
2026-01-03 01:00:00.000 +0000,0.00,69.05,0.00,13.00,,0.00,0.00,,-5.40
2026-01-03 00:00:00.000 +0000,-0.90,79.14,0.00,16.60,,0.00,0.00,,-7.30
2026-01-03 00:00:00.000 +0000,-0.90,79.28,0.00,16.70,,0.00,0.00,,-7.30
2026-01-02 23:00:00.000 +0000,-0.90,79.48,0.00,17.70,67.40,0.00,0.00,,-7.40
2026-01-02 23:00:00.000 +0000,-0.80,79.38,0.00,17.50,67.30,0.00,0.00,,-7.30
2026-01-02 22:00:00.000 +0000,-0.90,79.54,0.00,9.10,88.00,0.00,0.00,,-5.40
2026-01-02 22:00:00.000 +0000,-0.90,79.62,0.00,9.10,88.00,0.00,0.00,,-5.50
2026-01-02 21:00:00.000 +0000,-0.90,73.99,0.00,12.40,,0.00,0.00,,-6.30
2026-01-02 21:00:00.000 +0000,-0.90,74.02,0.00,12.40,,0.00,0.00,,-6.40
2026-01-02 20:00:00.000 +0000,-0.90,74.08,0.00,11.30,,0.00,0.00,,-6.10
2026-01-02 20:00:00.000 +0000,-0.90,74.10,0.00,11.30,,0.00,0.00,,-6.10
2026-01-02 19:00:00.000 +0000,-1.90,79.33,0.00,11.10,25.00,0.00,0.00,,-7.20
2026-01-02 19:00:00.000 +0000,-1.80,79.23,0.00,11.00,25.00,0.00,0.00,,-7.20
2026-01-02 18:00:00.000 +0000,-0.80,73.84,0.00,11.10,25.00,0.00,0.00,,-6.00
2026-01-02 18:00:00.000 +0000,-0.90,73.90,0.00,11.20,25.00,0.00,0.00,,-6.00
2026-01-02 17:00:00.000 +0000,0.00,74.19,0.00,13.10,25.00,0.00,0.00,,-5.40
2026-01-02 17:00:00.000 +0000,0.00,74.15,0.00,13.00,25.00,0.00,0.00,,-5.40
2026-01-02 16:00:00.000 +0000,0.10,73.64,0.00,12.30,26.60,0.00,0.00,,-5.10
2026-01-02 16:00:00.000 +0000,0.10,73.50,0.00,12.30,26.90,0.00,0.00,,-5.00
2026-01-02 15:00:00.000 +0000,2.00,64.09,0.00,15.50,29.30,0.10,23.00,,-3.30
2026-01-02 15:00:00.000 +0000,2.00,64.14,0.00,15.60,28.70,0.10,23.00,,-3.30
2026-01-02 14:00:00.000 +0000,2.10,59.70,0.00,22.10,29.80,0.50,134.00,,-4.20
2026-01-02 14:00:00.000 +0000,2.10,59.72,0.00,22.20,29.10,0.50,134.00,,-4.30
2026-01-02 13:00:00.000 +0000,2.10,55.62,0.00,17.20,,0.80,223.00,,-3.50
2026-01-02 13:00:00.000 +0000,2.10,55.59,0.00,17.20,,0.80,223.00,,-3.50
2026-01-02 12:00:00.000 +0000,1.10,59.32,0.00,19.30,,0.40,106.00,,-5.10
2026-01-02 12:00:00.000 +0000,1.10,59.36,0.00,19.40,,0.40,106.00,,-5.20
2026-01-02 11:00:00.000 +0000,0.20,63.47,0.00,21.90,25.00,0.70,199.00,,-6.70
2026-01-02 11:00:00.000 +0000,0.20,63.54,0.00,22.10,25.00,0.70,199.00,,-6.80
2026-01-02 10:00:00.000 +0000,-0.80,63.68,0.00,19.70,25.00,0.40,112.00,,-7.70
2026-01-02 10:00:00.000 +0000,-0.80,63.69,0.00,19.90,25.00,0.40,112.00,,-7.80
2026-01-02 09:00:00.000 +0000,-0.90,68.31,0.00,18.80,,0.10,26.00,,-7.70
2026-01-02 09:00:00.000 +0000,-0.90,68.23,0.00,18.60,,0.10,26.00,,-7.70
2026-01-02 08:00:00.000 +0000,-1.00,68.56,0.00,15.80,,0.00,0.00,,-7.20
2026-01-02 08:00:00.000 +0000,-1.00,68.51,0.00,15.70,,0.00,0.00,,-7.20
2026-01-02 07:00:00.000 +0000,-0.90,68.67,0.00,12.60,,0.00,0.00,,-6.40
2026-01-02 07:00:00.000 +0000,-0.90,68.69,0.00,12.60,,0.00,0.00,,-6.40
2026-01-02 06:00:00.000 +0000,-0.80,72.84,0.00,12.70,,0.00,0.00,,-6.30
2026-01-02 06:00:00.000 +0000,-0.80,72.61,0.00,12.70,,0.00,0.00,,-6.30
2026-01-02 05:00:00.000 +0000,-0.80,73.23,0.00,11.50,,0.00,0.00,,-6.10
2026-01-02 05:00:00.000 +0000,-0.80,73.06,0.00,11.60,,0.00,0.00,,-6.00
2026-01-02 04:00:00.000 +0000,1.40,65.45,0.00,14.60,,0.00,0.00,,-3.90
2026-01-02 04:00:00.000 +0000,1.40,65.48,0.00,14.60,,0.00,0.00,,-3.90
2026-01-02 03:00:00.000 +0000,1.40,68.17,0.00,12.30,,0.00,0.00,,-3.40
2026-01-02 03:00:00.000 +0000,1.40,68.19,0.00,12.30,,0.00,0.00,,-3.40
2026-01-02 02:00:00.000 +0000,1.30,70.93,0.00,11.50,50.00,0.00,0.00,,-3.30
2026-01-02 02:00:00.000 +0000,1.30,71.00,0.00,11.50,50.00,0.00,0.00,,-3.30
2026-01-02 01:00:00.000 +0000,2.10,67.14,0.00,14.80,25.00,0.00,0.00,,-3.00
2026-01-02 01:00:00.000 +0000,2.10,67.18,0.00,14.80,25.00,0.00,0.00,,-3.10
2026-01-02 00:00:00.000 +0000,2.40,67.21,0.00,14.20,100.00,0.00,0.00,,-2.60
2026-01-02 00:00:00.000 +0000,2.40,67.25,0.00,14.30,100.00,0.00,0.00,,-2.60
2026-01-01 23:00:00.000 +0000,1.10,69.15,0.00,19.70,100.00,0.00,0.00,,-5.20
2026-01-01 23:00:00.000 +0000,1.10,69.16,0.00,19.80,100.00,0.00,0.00,,-5.20
2026-01-01 22:00:00.000 +0000,1.10,68.87,0.00,18.00,25.00,0.00,0.00,,-4.90
2026-01-01 22:00:00.000 +0000,1.10,68.81,0.00,17.90,25.00,0.00,0.00,,-4.90
2026-01-01 21:00:00.000 +0000,1.20,73.19,0.00,21.30,50.00,0.00,0.00,,-5.30
2026-01-01 21:00:00.000 +0000,1.10,73.39,0.00,21.40,50.00,0.00,0.00,,-5.40
2026-01-01 20:00:00.000 +0000,2.10,69.02,0.00,21.30,100.00,0.00,0.00,,-4.10
2026-01-01 20:00:00.000 +0000,2.10,69.08,0.00,21.40,100.00,0.00,0.00,,-4.20
2026-01-01 19:00:00.000 +0000,2.10,74.70,0.00,17.90,,0.00,0.00,,-3.60
2026-01-01 19:00:00.000 +0000,2.10,74.68,0.00,17.80,,0.00,0.00,,-3.60
2026-01-01 18:00:00.000 +0000,2.10,85.03,0.00,15.10,48.70,0.00,0.00,,-3.10
2026-01-01 18:00:00.000 +0000,2.20,84.77,0.00,15.10,48.50,0.00,0.00,,-3.00
2026-01-01 17:00:00.000 +0000,3.10,79.06,0.00,17.00,25.00,0.00,0.00,,-2.20
2026-01-01 17:00:00.000 +0000,3.10,78.79,0.00,17.00,25.00,0.00,0.00,,-2.10
2026-01-01 16:00:00.000 +0000,3.10,74.20,0.00,18.30,27.00,0.00,2.00,,-2.30
2026-01-01 16:00:00.000 +0000,3.20,74.07,0.00,18.20,27.30,0.00,2.00,,-2.30
2026-01-01 15:00:00.000 +0000,3.20,78.60,0.00,18.00,26.80,0.20,43.00,,-2.20
2026-01-01 15:00:00.000 +0000,3.20,78.89,0.00,18.10,26.50,0.20,43.00,,-2.20
2026-01-01 14:00:00.000 +0000,3.20,78.60,0.00,19.30,26.90,0.20,58.00,,-2.40
2026-01-01 14:00:00.000 +0000,3.20,78.89,0.00,19.40,26.60,0.20,58.00,,-2.40
2026-01-01 13:00:00.000 +0000,3.10,74.07,0.00,20.60,25.60,0.30,78.00,,-2.60
2026-01-01 13:00:00.000 +0000,3.20,73.92,0.00,20.50,25.80,0.30,78.00,,-2.60
2026-01-01 12:00:00.000 +0000,3.10,74.07,0.00,19.30,25.60,0.20,63.00,,-2.40
2026-01-01 12:00:00.000 +0000,3.20,73.92,0.00,19.30,25.80,0.20,63.00,,-2.40
2026-01-01 11:00:00.000 +0000,3.10,79.27,0.00,20.20,26.90,0.40,116.00,,-2.60
2026-01-01 11:00:00.000 +0000,3.10,79.47,0.00,20.30,26.60,0.40,116.00,,-2.70
2026-01-01 10:00:00.000 +0000,2.20,79.35,0.00,20.00,,0.30,88.00,,-3.80
2026-01-01 10:00:00.000 +0000,2.10,79.52,0.00,20.10,,0.30,88.00,,-3.90
2026-01-01 09:00:00.000 +0000,2.10,79.79,0.00,18.00,,0.10,33.00,,-3.60
2026-01-01 09:00:00.000 +0000,2.10,79.66,0.00,17.90,,0.10,33.00,,-3.60
2026-01-01 08:00:00.000 +0000,3.10,80.02,0.00,14.00,25.00,0.00,0.00,,-1.70
2026-01-01 08:00:00.000 +0000,3.10,79.91,0.00,14.00,25.00,0.00,0.00,,-1.60
2026-01-01 07:00:00.000 +0000,4.10,85.90,0.00,14.00,51.20,0.00,0.00,,-0.40
2026-01-01 07:00:00.000 +0000,4.00,86.02,0.00,14.00,51.00,0.00,0.00,,-0.40
2026-01-01 06:00:00.000 +0000,5.00,85.92,0.00,21.40,51.30,0.00,0.00,,-0.30
2026-01-01 06:00:00.000 +0000,5.00,85.77,0.00,21.30,51.50,0.00,0.00,,-0.30
2026-01-01 05:00:00.000 +0000,5.00,86.61,0.00,20.10,88.70,0.00,0.00,,-0.10
2026-01-01 05:00:00.000 +0000,5.00,86.57,0.00,20.00,88.80,0.00,0.00,,-0.10
2026-01-01 04:00:00.000 +0000,5.20,82.81,0.00,17.20,90.70,0.00,0.00,,0.50
2026-01-01 04:00:00.000 +0000,5.20,82.79,0.00,17.20,90.80,0.00,0.00,,0.50
2026-01-01 03:00:00.000 +0000,5.20,78.38,0.00,17.70,90.80,0.00,0.00,,0.40
2026-01-01 03:00:00.000 +0000,5.20,78.37,0.00,17.70,90.70,0.00,0.00,,0.40
2026-01-01 02:00:00.000 +0000,5.20,75.86,0.00,19.30,50.00,0.00,0.00,,0.20
2026-01-01 02:00:00.000 +0000,5.20,75.82,0.00,19.30,50.20,0.00,0.00,,0.20
2026-01-01 01:00:00.000 +0000,4.70,78.31,0.00,15.40,61.40,0.00,0.00,,0.20
2026-01-01 01:00:00.000 +0000,4.70,78.26,0.00,15.40,61.60,0.00,0.00,,0.20
2026-01-01 00:00:00.000 +0000,4.70,78.26,0.00,19.60,53.80,0.00,0.00,,-0.40
2026-01-01 00:00:00.000 +0000,4.70,78.31,0.00,19.60,53.50,0.00,0.00,,-0.40
2025-12-31 23:00:00.000 +0000,4.70,78.31,0.00,15.60,70.80,0.00,0.00,,0.20
2025-12-31 23:00:00.000 +0000,4.70,78.26,0.00,15.60,71.00,0.00,0.00,,0.20
2025-12-31 22:00:00.000 +0000,4.10,79.85,0.00,26.40,50.00,0.00,0.00,,-2.10
2025-12-31 22:00:00.000 +0000,4.00,79.99,0.00,26.60,50.00,0.00,0.00,,-2.20
2025-12-31 21:00:00.000 +0000,3.20,85.28,0.00,26.00,29.50,0.00,0.00,,-3.30
2025-12-31 21:00:00.000 +0000,3.10,85.49,0.00,26.30,28.80,0.00,0.00,,-3.40
2025-12-31 20:00:00.000 +0000,3.10,80.03,0.00,26.80,29.80,0.00,0.00,,-3.40
2025-12-31 20:00:00.000 +0000,3.10,80.13,0.00,27.10,29.00,0.00,0.00,,-3.50
2025-12-31 19:00:00.000 +0000,3.10,75.22,0.00,21.70,26.80,0.00,0.00,,-2.80
2025-12-31 19:00:00.000 +0000,3.10,75.19,0.00,21.90,26.50,0.00,0.00,,-2.90
2025-12-31 18:00:00.000 +0000,3.00,80.17,0.00,19.20,27.20,0.00,0.00,,-2.60
2025-12-31 18:00:00.000 +0000,3.00,80.25,0.00,19.50,26.90,0.00,0.00,,-2.70
2025-12-31 17:00:00.000 +0000,4.00,74.42,0.00,19.60,50.10,0.00,0.00,,-1.30
2025-12-31 17:00:00.000 +0000,4.00,74.54,0.00,19.70,50.10,0.00,0.00,,-1.40
2025-12-31 16:00:00.000 +0000,4.00,79.65,0.00,22.30,49.70,0.00,0.00,,-1.80
2025-12-31 16:00:00.000 +0000,4.00,79.46,0.00,22.00,49.70,0.00,0.00,,-1.70
2025-12-31 15:00:00.000 +0000,4.10,79.47,0.00,12.90,89.10,0.20,55.00,,-0.20
2025-12-31 15:00:00.000 +0000,4.10,79.67,0.00,13.10,89.00,0.20,55.00,,-0.20
2025-12-31 14:00:00.000 +0000,4.10,79.80,0.00,12.50,32.20,0.10,38.00,,-0.10
2025-12-31 14:00:00.000 +0000,4.10,79.63,0.00,12.50,33.40,0.10,38.00,,-0.10
2025-12-31 13:00:00.000 +0000,4.00,75.18,0.00,21.00,52.20,0.70,194.00,,-1.50
2025-12-31 13:00:00.000 +0000,4.00,75.18,0.00,21.30,51.90,0.70,194.00,,-1.60
2025-12-31 12:00:00.000 +0000,3.90,75.90,0.00,16.70,26.60,0.80,231.00,,-1.10
2025-12-31 12:00:00.000 +0000,3.90,76.02,0.00,16.50,26.90,0.80,231.00,,-1.10
2025-12-31 11:00:00.000 +0000,1.90,80.87,0.00,18.00,26.50,0.70,204.00,,-3.90
2025-12-31 11:00:00.000 +0000,1.90,80.94,0.00,17.70,26.80,0.70,204.00,,-3.80
2025-12-31 10:00:00.000 +0000,0.80,86.98,0.00,20.10,26.60,0.40,118.00,,-5.70
2025-12-31 10:00:00.000 +0000,0.70,87.06,0.00,19.80,26.90,0.40,118.00,,-5.70
2025-12-31 09:00:00.000 +0000,-0.50,87.12,0.00,21.50,26.90,0.10,27.00,,-7.60
2025-12-31 09:00:00.000 +0000,-0.40,87.01,0.00,21.90,26.60,0.10,27.00,,-7.50
2025-12-31 08:00:00.000 +0000,-0.50,87.01,0.00,16.60,88.00,0.00,0.00,,-6.70
2025-12-31 08:00:00.000 +0000,-0.50,87.12,0.00,16.30,88.00,0.00,0.00,,-6.70
2025-12-31 07:00:00.000 +0000,-0.50,87.01,0.00,16.70,46.00,0.00,0.00,,-6.80
2025-12-31 07:00:00.000 +0000,-0.60,87.11,0.00,16.50,46.30,0.00,0.00,,-6.80
2025-12-31 06:00:00.000 +0000,0.30,81.55,0.00,15.40,,0.00,0.00,,-5.50
2025-12-31 06:00:00.000 +0000,0.40,81.38,0.00,15.60,,0.00,0.00,,-5.40
2025-12-31 05:00:00.000 +0000,-0.60,81.43,0.00,11.40,25.00,0.00,0.00,,-5.70
2025-12-31 05:00:00.000 +0000,-0.50,81.26,0.00,11.60,25.00,0.00,0.00,,-5.70
2025-12-31 04:00:00.000 +0000,-3.20,90.62,0.00,1.60,25.00,0.00,0.00,,
2025-12-31 04:00:00.000 +0000,-3.20,90.63,0.00,1.60,25.00,0.00,0.00,,
2025-12-31 03:00:00.000 +0000,-2.70,87.62,0.00,2.20,,0.00,0.00,,
2025-12-31 03:00:00.000 +0000,-2.70,87.59,0.00,2.20,,0.00,0.00,,
2025-12-31 02:00:00.000 +0000,-1.60,89.20,0.00,2.80,,0.00,0.00,,
2025-12-31 02:00:00.000 +0000,-1.60,89.21,0.00,2.80,,0.00,0.00,,
2025-12-31 01:00:00.000 +0000,-1.50,87.15,0.00,1.40,,0.00,0.00,,
2025-12-31 01:00:00.000 +0000,-1.50,87.15,0.00,1.40,,0.00,0.00,,
2025-12-31 00:00:00.000 +0000,-0.30,87.80,0.00,2.80,,0.00,0.00,,
2025-12-31 00:00:00.000 +0000,-0.30,87.84,0.00,2.80,,0.00,0.00,,
2025-12-30 23:00:00.000 +0000,-0.10,91.40,0.00,1.70,100.00,0.00,0.00,,
2025-12-30 23:00:00.000 +0000,-0.10,91.43,0.00,1.70,100.00,0.00,0.00,,
2025-12-30 22:00:00.000 +0000,0.90,81.24,0.00,6.30,32.20,0.00,0.00,,-2.30
2025-12-30 22:00:00.000 +0000,0.90,81.12,0.00,6.40,31.20,0.00,0.00,,-2.30
2025-12-30 21:00:00.000 +0000,1.00,86.20,0.00,9.70,31.90,0.00,0.00,,-3.20
2025-12-30 21:00:00.000 +0000,1.10,86.15,0.00,9.60,33.10,0.00,0.00,,-3.20
2025-12-30 20:00:00.000 +0000,2.00,80.85,0.00,7.70,29.80,0.00,0.00,,-1.50
2025-12-30 20:00:00.000 +0000,2.00,80.90,0.00,7.70,30.60,0.00,0.00,,-1.50
2025-12-30 19:00:00.000 +0000,2.10,80.97,0.00,7.80,34.10,0.00,0.00,,-1.40
2025-12-30 19:00:00.000 +0000,2.00,80.91,0.00,7.80,32.80,0.00,0.00,,-1.40
2025-12-30 18:00:00.000 +0000,2.10,86.32,0.00,4.70,50.00,0.00,0.00,,-0.20
2025-12-30 18:00:00.000 +0000,2.00,86.37,0.00,4.70,50.00,0.00,0.00,,-0.20
2025-12-30 17:00:00.000 +0000,3.00,86.28,0.00,6.80,84.70,0.00,0.00,,0.00
2025-12-30 17:00:00.000 +0000,3.00,86.35,0.00,6.80,85.20,0.00,0.00,,0.00
2025-12-30 16:00:00.000 +0000,4.00,80.80,0.00,5.90,88.70,0.00,0.00,,1.50
2025-12-30 16:00:00.000 +0000,4.00,80.79,0.00,6.00,88.80,0.00,0.00,,1.50
2025-12-30 15:00:00.000 +0000,4.10,80.65,0.00,6.10,88.30,0.10,22.00,,1.70
2025-12-30 15:00:00.000 +0000,4.10,80.68,0.00,6.00,88.30,0.10,22.00,,1.60
2025-12-30 14:00:00.000 +0000,4.00,86.02,0.00,6.70,54.30,0.20,45.00,,1.30
2025-12-30 14:00:00.000 +0000,4.00,85.88,0.00,6.70,55.10,0.20,45.00,,1.40
2025-12-30 13:00:00.000 +0000,4.10,80.68,0.00,9.10,54.20,0.30,79.00,,0.70
2025-12-30 13:00:00.000 +0000,4.10,80.65,0.00,9.10,54.90,0.30,79.00,,0.70
2025-12-30 12:00:00.000 +0000,4.10,81.03,0.00,7.10,88.70,0.30,93.00,,1.30
2025-12-30 12:00:00.000 +0000,4.10,81.00,0.00,7.10,88.60,0.30,93.00,,1.20
2025-12-30 11:00:00.000 +0000,4.00,81.27,0.00,6.90,88.30,0.30,74.00,,1.20
2025-12-30 11:00:00.000 +0000,4.00,81.34,0.00,6.90,88.30,0.30,74.00,,1.20
2025-12-30 10:00:00.000 +0000,3.10,86.36,0.00,7.80,89.00,0.10,35.00,,-0.20
2025-12-30 10:00:00.000 +0000,3.10,86.41,0.00,7.80,88.90,0.10,35.00,,-0.20
2025-12-30 09:00:00.000 +0000,3.00,86.59,0.00,6.60,89.50,0.10,14.00,,0.20
2025-12-30 09:00:00.000 +0000,3.00,86.62,0.00,6.60,89.20,0.10,14.00,,0.20
2025-12-30 08:00:00.000 +0000,3.10,86.41,0.00,6.80,89.20,0.00,0.00,,0.10
2025-12-30 08:00:00.000 +0000,3.10,86.36,0.00,6.80,89.50,0.00,0.00,,0.20
2025-12-30 07:00:00.000 +0000,3.10,81.05,0.00,5.90,89.50,0.00,0.00,,0.50
2025-12-30 07:00:00.000 +0000,3.10,81.00,0.00,5.90,89.20,0.00,0.00,,0.50
2025-12-30 06:00:00.000 +0000,3.10,86.56,0.00,5.90,89.20,0.00,0.00,,0.50
2025-12-30 06:00:00.000 +0000,3.10,86.54,0.00,5.90,89.50,0.00,0.00,,0.50
2025-12-30 05:00:00.000 +0000,3.00,86.99,0.00,4.80,89.00,0.00,0.00,,0.80
2025-12-30 05:00:00.000 +0000,3.00,87.04,0.00,4.80,89.10,0.00,0.00,,0.80
2025-12-30 04:00:00.000 +0000,2.60,87.18,0.00,6.00,97.20,0.00,0.00,,-0.10
2025-12-30 04:00:00.000 +0000,2.60,87.22,0.00,6.00,97.30,0.00,0.00,,-0.10
2025-12-30 03:00:00.000 +0000,2.60,90.13,0.00,6.10,67.10,0.00,0.00,,-0.10
2025-12-30 03:00:00.000 +0000,2.60,90.08,0.00,6.10,66.90,0.00,0.00,,-0.10
2025-12-30 02:00:00.000 +0000,2.80,88.68,0.00,4.70,84.80,0.00,0.00,,0.70
2025-12-30 02:00:00.000 +0000,2.80,88.60,0.00,4.70,84.60,0.00,0.00,,0.70
2025-12-30 01:00:00.000 +0000,3.30,85.87,0.00,6.10,78.70,0.00,0.00,,0.70
2025-12-30 01:00:00.000 +0000,3.30,85.81,0.00,6.10,78.90,0.00,0.00,,0.70
2025-12-30 00:00:00.000 +0000,2.90,91.07,0.00,6.40,50.00,0.00,0.00,,0.10
2025-12-30 00:00:00.000 +0000,3.00,91.02,0.00,6.40,50.20,0.00,0.00,,0.20
2025-12-29 23:00:00.000 +0000,4.10,88.80,0.00,6.20,56.40,0.00,0.00,,1.60
2025-12-29 23:00:00.000 +0000,4.10,88.72,0.00,6.20,56.90,0.00,0.00,,1.60
2025-12-29 22:00:00.000 +0000,4.00,92.47,0.00,7.90,51.90,0.00,0.00,,0.90
2025-12-29 22:00:00.000 +0000,4.00,92.57,0.00,7.90,51.60,0.00,0.00,,0.90
2025-12-29 21:00:00.000 +0000,4.00,98.88,0.00,2.70,83.90,0.00,0.00,,
2025-12-29 21:00:00.000 +0000,4.00,99.05,0.00,2.60,84.40,0.00,0.00,,
2025-12-29 20:00:00.000 +0000,5.00,92.88,0.00,9.70,88.80,0.00,0.00,,1.60
2025-12-29 20:00:00.000 +0000,5.00,92.94,0.00,9.80,88.70,0.00,0.00,,1.60
2025-12-29 19:00:00.000 +0000,4.10,98.62,0.00,10.00,88.70,0.00,0.00,,0.50
2025-12-29 19:00:00.000 +0000,4.10,98.38,0.00,10.00,88.80,0.00,0.00,,0.50
2025-12-29 18:00:00.000 +0000,4.10,98.95,0.00,12.00,88.90,0.00,0.00,,0.00
2025-12-29 18:00:00.000 +0000,4.10,98.76,0.00,11.90,89.00,0.00,0.00,,0.10
2025-12-29 17:00:00.000 +0000,4.10,92.46,0.00,8.00,89.50,0.00,0.00,,1.00
2025-12-29 17:00:00.000 +0000,4.10,92.58,0.00,8.00,89.20,0.00,0.00,,1.00
2025-12-29 16:00:00.000 +0000,5.00,81.59,0.00,5.80,89.20,0.00,0.00,,2.80
2025-12-29 16:00:00.000 +0000,5.00,81.69,0.00,5.80,89.50,0.00,0.00,,2.80
2025-12-29 15:00:00.000 +0000,5.00,75.55,0.00,5.90,89.50,0.10,31.00,,2.80
2025-12-29 15:00:00.000 +0000,5.00,75.53,0.00,5.90,89.20,0.10,31.00,,2.80
2025-12-29 14:00:00.000 +0000,5.00,75.07,0.00,4.80,88.30,0.20,56.00,,3.20
2025-12-29 14:00:00.000 +0000,5.00,75.01,0.00,4.80,88.40,0.20,56.00,,3.20
2025-12-29 13:00:00.000 +0000,4.00,80.36,0.00,5.80,88.30,0.20,59.00,,1.60
2025-12-29 13:00:00.000 +0000,4.00,80.27,0.00,5.90,88.40,0.20,59.00,,1.60
2025-12-29 12:00:00.000 +0000,4.00,80.45,0.00,9.10,88.40,0.30,74.00,,0.60
2025-12-29 12:00:00.000 +0000,4.00,80.51,0.00,9.10,88.30,0.30,74.00,,0.60
2025-12-29 11:00:00.000 +0000,4.10,79.79,0.00,6.80,89.50,0.20,49.00,,1.40
2025-12-29 11:00:00.000 +0000,4.10,79.94,0.00,6.90,89.20,0.20,49.00,,1.40
2025-12-29 10:00:00.000 +0000,4.00,80.67,0.00,5.10,100.00,0.20,42.00,,2.00
2025-12-29 10:00:00.000 +0000,4.00,80.64,0.00,5.10,100.00,0.20,42.00,,2.00
2025-12-29 09:00:00.000 +0000,4.10,80.49,0.00,3.70,100.00,0.10,17.00,,2.70
2025-12-29 09:00:00.000 +0000,4.10,80.54,0.00,3.70,100.00,0.10,17.00,,2.70
2025-12-29 08:00:00.000 +0000,4.10,80.54,0.00,6.90,100.00,0.00,0.00,,1.30
2025-12-29 08:00:00.000 +0000,4.10,80.49,0.00,6.80,100.00,0.00,0.00,,1.30
2025-12-29 07:00:00.000 +0000,4.10,80.54,0.00,4.80,100.00,0.00,0.00,,2.10
2025-12-29 07:00:00.000 +0000,4.10,80.49,0.00,4.80,100.00,0.00,0.00,,2.10
2025-12-29 06:00:00.000 +0000,4.00,80.65,0.00,6.60,100.00,0.00,0.00,,1.40
2025-12-29 06:00:00.000 +0000,4.00,80.67,0.00,6.60,100.00,0.00,0.00,,1.40
2025-12-29 05:00:00.000 +0000,4.10,80.65,0.00,5.60,100.00,0.00,0.00,,1.80
2025-12-29 05:00:00.000 +0000,4.10,80.67,0.00,5.70,100.00,0.00,0.00,,1.70
2025-12-29 04:00:00.000 +0000,5.00,79.63,0.00,5.70,100.00,0.00,0.00,,2.80
2025-12-29 04:00:00.000 +0000,5.00,79.61,0.00,5.70,100.00,0.00,0.00,,2.80
2025-12-29 03:00:00.000 +0000,5.00,79.63,0.00,4.10,100.00,0.00,0.00,,3.50
2025-12-29 03:00:00.000 +0000,5.00,79.61,0.00,4.10,100.00,0.00,0.00,,3.50
2025-12-29 02:00:00.000 +0000,5.00,79.61,0.00,4.70,100.00,0.00,0.00,,3.20
2025-12-29 02:00:00.000 +0000,5.00,79.63,0.00,4.70,100.00,0.00,0.00,,3.20
2025-12-29 01:00:00.000 +0000,5.00,79.61,0.00,4.40,100.00,0.00,0.00,,3.30
2025-12-29 01:00:00.000 +0000,5.00,79.63,0.00,4.40,100.00,0.00,0.00,,3.30
2025-12-29 00:00:00.000 +0000,4.10,80.41,0.00,4.70,100.00,0.00,0.00,,2.20
2025-12-29 00:00:00.000 +0000,4.10,80.34,0.00,4.70,100.00,0.00,0.00,,2.20
2025-12-28 23:00:00.000 +0000,4.10,85.56,0.00,4.60,100.00,0.00,0.00,,2.30
2025-12-28 23:00:00.000 +0000,4.10,85.74,0.00,4.60,100.00,0.00,0.00,,2.20
2025-12-28 22:00:00.000 +0000,4.20,85.33,0.00,5.70,100.00,0.00,0.00,,1.90
2025-12-28 22:00:00.000 +0000,4.10,85.54,0.00,5.70,100.00,0.00,0.00,,1.80
2025-12-28 21:00:00.000 +0000,4.10,85.54,0.00,3.50,100.00,0.00,0.00,,2.90
2025-12-28 21:00:00.000 +0000,4.20,85.33,0.00,3.50,100.00,0.00,0.00,,2.90
2025-12-28 20:00:00.000 +0000,5.00,80.35,0.00,6.70,100.00,0.00,0.00,,2.60
2025-12-28 20:00:00.000 +0000,5.00,80.25,0.00,6.60,100.00,0.00,0.00,,2.60
2025-12-28 19:00:00.000 +0000,5.00,80.89,0.00,8.50,100.00,0.00,0.00,,1.90
2025-12-28 19:00:00.000 +0000,5.00,80.88,0.00,8.40,100.00,0.00,0.00,,2.00
2025-12-28 18:00:00.000 +0000,4.10,85.83,0.00,7.80,100.00,0.00,0.00,,1.10
2025-12-28 18:00:00.000 +0000,4.20,85.67,0.00,7.70,100.00,0.00,0.00,,1.20
2025-12-28 17:00:00.000 +0000,5.00,80.62,0.00,6.90,100.00,0.00,0.00,,2.50
2025-12-28 17:00:00.000 +0000,5.00,80.57,0.00,6.90,100.00,0.00,0.00,,2.50
2025-12-28 16:00:00.000 +0000,5.10,80.10,0.00,6.90,99.70,0.00,0.00,,2.50
2025-12-28 16:00:00.000 +0000,5.10,80.22,0.00,6.90,99.70,0.00,0.00,,2.50
2025-12-28 15:00:00.000 +0000,5.10,79.95,0.00,8.10,89.00,0.10,17.00,,2.20
2025-12-28 15:00:00.000 +0000,5.10,79.79,0.00,8.10,89.10,0.10,17.00,,2.30
2025-12-28 14:00:00.000 +0000,5.10,80.04,0.00,10.00,89.00,0.10,28.00,,1.80
2025-12-28 14:00:00.000 +0000,5.20,79.89,0.00,9.90,89.10,0.10,28.00,,1.80
2025-12-28 13:00:00.000 +0000,5.20,80.11,0.00,7.80,89.10,0.20,50.00,,2.40
2025-12-28 13:00:00.000 +0000,5.10,80.23,0.00,7.90,89.00,0.20,50.00,,2.30
2025-12-28 12:00:00.000 +0000,5.10,80.23,0.00,8.90,89.20,0.20,54.00,,2.00
2025-12-28 12:00:00.000 +0000,5.20,80.11,0.00,8.80,89.50,0.20,54.00,,2.10
2025-12-28 11:00:00.000 +0000,5.20,80.11,0.00,5.90,89.10,0.20,55.00,,3.00
2025-12-28 11:00:00.000 +0000,5.10,80.23,0.00,5.90,89.00,0.20,55.00,,3.00
2025-12-28 10:00:00.000 +0000,5.10,80.63,0.00,6.60,89.50,0.10,39.00,,2.60
2025-12-28 10:00:00.000 +0000,5.10,80.68,0.00,6.60,89.20,0.10,39.00,,2.60
2025-12-28 09:00:00.000 +0000,5.00,80.99,0.00,5.70,89.20,0.10,18.00,,2.90
2025-12-28 09:00:00.000 +0000,5.00,81.00,0.00,5.70,89.50,0.10,18.00,,2.90
2025-12-28 08:00:00.000 +0000,5.00,80.79,0.00,5.80,89.50,0.00,0.00,,2.90
2025-12-28 08:00:00.000 +0000,5.00,80.81,0.00,5.80,89.20,0.00,0.00,,2.90
2025-12-28 07:00:00.000 +0000,5.00,80.25,0.00,5.60,89.50,0.00,0.00,,3.00
2025-12-28 07:00:00.000 +0000,5.00,80.35,0.00,5.60,89.20,0.00,0.00,,2.90
2025-12-28 06:00:00.000 +0000,5.10,80.40,0.00,6.90,89.20,0.00,0.00,,2.50
2025-12-28 06:00:00.000 +0000,5.10,80.32,0.00,6.90,89.50,0.00,0.00,,2.50
2025-12-28 05:00:00.000 +0000,5.00,80.41,0.00,5.80,89.50,0.00,0.00,,2.80
2025-12-28 05:00:00.000 +0000,5.00,80.48,0.00,5.80,89.20,0.00,0.00,,2.80
2025-12-28 04:00:00.000 +0000,5.70,77.97,0.00,5.40,100.00,0.00,0.00,,3.80
2025-12-28 04:00:00.000 +0000,5.70,77.96,0.00,5.40,100.00,0.00,0.00,,3.80
2025-12-28 03:00:00.000 +0000,5.30,79.19,0.00,5.80,97.20,0.00,0.00,,3.10
2025-12-28 03:00:00.000 +0000,5.30,79.18,0.00,5.80,97.30,0.00,0.00,,3.10
2025-12-28 02:00:00.000 +0000,5.50,75.43,0.00,7.30,100.00,0.00,0.00,,2.90
2025-12-28 02:00:00.000 +0000,5.50,75.43,0.00,7.30,100.00,0.00,0.00,,2.90
2025-12-28 01:00:00.000 +0000,6.20,75.55,0.00,9.10,88.40,0.00,0.00,,3.30
2025-12-28 01:00:00.000 +0000,6.20,75.55,0.00,9.10,88.60,0.00,0.00,,3.30
2025-12-28 00:00:00.000 +0000,6.70,72.05,0.00,9.40,97.30,0.00,0.00,,3.90
2025-12-28 00:00:00.000 +0000,6.70,72.04,0.00,9.50,97.20,0.00,0.00,,3.90
2025-12-27 23:00:00.000 +0000,6.60,76.07,0.00,9.40,100.00,0.00,0.00,,3.80
2025-12-27 23:00:00.000 +0000,6.60,76.10,0.00,9.30,100.00,0.00,0.00,,3.80
2025-12-27 22:00:00.000 +0000,5.20,85.65,0.00,9.30,89.20,0.00,0.00,,2.00
2025-12-27 22:00:00.000 +0000,5.20,85.45,0.00,9.30,89.50,0.00,0.00,,2.00
2025-12-27 21:00:00.000 +0000,5.20,90.91,0.00,10.50,89.10,0.00,0.00,,1.70
2025-12-27 21:00:00.000 +0000,5.20,91.24,0.00,10.40,89.00,0.00,0.00,,1.70
2025-12-27 20:00:00.000 +0000,5.20,97.38,0.00,9.50,89.20,0.00,0.00,,1.90
2025-12-27 20:00:00.000 +0000,5.20,96.94,0.00,9.50,89.50,0.00,0.00,,2.00
2025-12-27 19:00:00.000 +0000,5.10,92.70,0.00,7.00,89.20,0.00,0.00,,2.60
2025-12-27 19:00:00.000 +0000,5.20,92.60,0.00,7.00,89.50,0.00,0.00,,2.60
2025-12-27 18:00:00.000 +0000,5.90,87.20,0.00,7.80,88.70,0.00,0.00,,3.30
2025-12-27 18:00:00.000 +0000,5.90,87.22,0.00,7.80,88.80,0.00,0.00,,3.30
2025-12-27 17:00:00.000 +0000,6.00,86.43,0.00,8.90,89.50,0.00,0.00,,3.10
2025-12-27 17:00:00.000 +0000,6.00,86.51,0.00,9.00,89.20,0.00,0.00,,3.10
2025-12-27 16:00:00.000 +0000,5.20,91.61,0.00,10.00,100.00,0.00,0.00,,1.80
2025-12-27 16:00:00.000 +0000,5.20,91.33,0.00,9.90,100.00,0.00,0.00,,1.90
2025-12-27 15:00:00.000 +0000,6.10,86.29,0.00,6.10,89.00,0.00,11.00,,4.00
2025-12-27 15:00:00.000 +0000,6.10,86.16,0.00,6.20,89.10,0.00,11.00,,4.00
2025-12-27 14:00:00.000 +0000,5.20,91.61,0.00,9.00,88.10,0.10,27.00,,2.00
2025-12-27 14:00:00.000 +0000,5.20,91.33,0.00,8.90,88.00,0.10,27.00,,2.10
2025-12-27 13:00:00.000 +0000,5.10,86.50,0.00,10.20,89.10,0.20,59.00,,1.70
2025-12-27 13:00:00.000 +0000,5.10,86.57,0.00,10.20,89.00,0.20,59.00,,1.70
2025-12-27 12:00:00.000 +0000,5.10,86.68,0.00,10.10,89.00,0.30,77.00,,1.70
2025-12-27 12:00:00.000 +0000,5.10,86.63,0.00,10.00,89.10,0.30,77.00,,1.70
2025-12-27 11:00:00.000 +0000,5.00,81.32,0.00,9.10,88.00,0.20,59.00,,1.80
2025-12-27 11:00:00.000 +0000,5.00,81.27,0.00,9.10,88.10,0.20,59.00,,1.80
2025-12-27 10:00:00.000 +0000,4.90,81.26,0.00,9.80,54.00,0.20,46.00,,1.50
2025-12-27 10:00:00.000 +0000,4.90,81.30,0.00,9.80,54.60,0.20,46.00,,1.50
2025-12-27 09:00:00.000 +0000,3.90,86.99,0.00,7.90,54.10,0.10,23.00,,0.70
2025-12-27 09:00:00.000 +0000,3.80,87.02,0.00,7.90,54.80,0.10,23.00,,0.70
2025-12-27 08:00:00.000 +0000,2.80,86.92,0.00,8.00,48.60,0.00,0.00,,-0.50
2025-12-27 08:00:00.000 +0000,2.90,86.89,0.00,8.00,48.80,0.00,0.00,,-0.50
2025-12-27 07:00:00.000 +0000,3.70,87.18,0.00,8.90,49.00,0.00,0.00,,0.30
2025-12-27 07:00:00.000 +0000,3.70,87.13,0.00,8.90,49.10,0.00,0.00,,0.30
2025-12-27 06:00:00.000 +0000,1.80,92.98,0.00,8.70,49.10,0.00,0.00,,-2.00
2025-12-27 06:00:00.000 +0000,1.80,92.96,0.00,8.60,49.00,0.00,0.00,,-2.00
2025-12-27 05:00:00.000 +0000,1.80,92.76,0.00,8.90,,0.00,0.00,,-2.10
2025-12-27 05:00:00.000 +0000,1.70,92.70,0.00,8.90,,0.00,0.00,,-2.10
2025-12-27 04:00:00.000 +0000,0.80,92.08,0.00,5.30,,0.00,0.00,,-2.00
2025-12-27 04:00:00.000 +0000,0.80,92.01,0.00,5.30,,0.00,0.00,,-2.00
2025-12-27 03:00:00.000 +0000,0.50,93.02,0.00,6.10,,0.00,0.00,,-2.60
2025-12-27 03:00:00.000 +0000,0.60,92.95,0.00,6.10,,0.00,0.00,,-2.60
2025-12-27 02:00:00.000 +0000,1.00,84.17,0.00,4.20,,0.00,0.00,,-1.10
2025-12-27 02:00:00.000 +0000,1.00,84.20,0.00,4.20,,0.00,0.00,,-1.10
2025-12-27 01:00:00.000 +0000,1.00,92.10,0.00,6.00,,0.00,0.00,,-2.00
2025-12-27 01:00:00.000 +0000,1.00,92.03,0.00,6.00,,0.00,0.00,,-2.00
2025-12-27 00:00:00.000 +0000,0.90,89.95,0.00,7.30,,0.00,0.00,,-2.60
2025-12-27 00:00:00.000 +0000,0.90,90.00,0.00,7.20,,0.00,0.00,,-2.60
2025-12-26 23:00:00.000 +0000,1.90,92.29,0.00,8.90,,0.00,0.00,,-1.90
2025-12-26 23:00:00.000 +0000,1.90,92.15,0.00,8.80,,0.00,0.00,,-1.90
2025-12-26 22:00:00.000 +0000,1.80,92.60,0.00,8.80,,0.00,0.00,,-2.00
2025-12-26 22:00:00.000 +0000,1.80,92.51,0.00,8.80,,0.00,0.00,,-2.00
2025-12-26 21:00:00.000 +0000,2.80,86.74,0.00,8.80,,0.00,0.00,,-0.80
2025-12-26 21:00:00.000 +0000,2.80,86.74,0.00,8.80,,0.00,0.00,,-0.80
2025-12-26 20:00:00.000 +0000,2.80,86.75,0.00,7.90,25.00,0.00,0.00,,-0.50
2025-12-26 20:00:00.000 +0000,2.80,86.74,0.00,7.90,25.00,0.00,0.00,,-0.50
2025-12-26 19:00:00.000 +0000,2.90,92.58,0.00,9.00,25.00,0.00,0.00,,-0.80
2025-12-26 19:00:00.000 +0000,2.90,92.67,0.00,9.10,25.00,0.00,0.00,,-0.80
2025-12-26 18:00:00.000 +0000,2.90,86.58,0.00,8.80,50.00,0.00,0.00,,-0.70
2025-12-26 18:00:00.000 +0000,2.90,86.60,0.00,8.90,50.00,0.00,0.00,,-0.70
2025-12-26 17:00:00.000 +0000,2.90,91.60,0.00,8.80,25.00,0.00,0.00,,-0.70
2025-12-26 17:00:00.000 +0000,2.90,91.83,0.00,8.80,25.00,0.00,0.00,,-0.70
2025-12-26 16:00:00.000 +0000,3.90,85.86,0.00,9.00,,0.00,0.00,,0.50
2025-12-26 16:00:00.000 +0000,3.90,85.70,0.00,9.00,,0.00,0.00,,0.50
2025-12-26 15:00:00.000 +0000,5.00,80.09,0.00,10.00,25.00,0.10,38.00,,1.60
2025-12-26 15:00:00.000 +0000,5.00,80.21,0.00,10.10,25.00,0.10,38.00,,1.60
2025-12-26 14:00:00.000 +0000,5.10,79.82,0.00,12.30,25.00,0.50,134.00,,1.30
2025-12-26 14:00:00.000 +0000,5.20,79.64,0.00,12.20,25.00,0.50,134.00,,1.30
2025-12-26 13:00:00.000 +0000,5.10,85.33,0.00,10.10,25.00,0.70,205.00,,1.70
2025-12-26 13:00:00.000 +0000,5.10,85.56,0.00,10.10,25.00,0.70,205.00,,1.70
2025-12-26 12:00:00.000 +0000,4.10,86.23,0.00,9.90,25.00,0.80,228.00,,0.50
2025-12-26 12:00:00.000 +0000,4.10,86.12,0.00,9.80,25.00,0.80,228.00,,0.50
2025-12-26 11:00:00.000 +0000,4.00,85.70,0.00,8.80,50.00,0.70,193.00,,0.70
2025-12-26 11:00:00.000 +0000,4.00,85.49,0.00,8.80,50.00,0.70,193.00,,0.70
2025-12-26 10:00:00.000 +0000,2.80,91.91,0.00,8.70,50.00,0.50,133.00,,-0.70
2025-12-26 10:00:00.000 +0000,2.80,92.10,0.00,8.70,50.00,0.50,133.00,,-0.70
2025-12-26 09:00:00.000 +0000,2.70,86.04,0.00,8.70,52.90,0.10,31.00,,-0.90
2025-12-26 09:00:00.000 +0000,2.80,86.15,0.00,8.80,52.50,0.10,31.00,,-0.80
2025-12-26 08:00:00.000 +0000,2.70,86.72,0.00,8.60,52.20,0.00,0.00,,-0.90
2025-12-26 08:00:00.000 +0000,2.70,86.73,0.00,8.70,51.90,0.00,0.00,,-0.90
2025-12-26 07:00:00.000 +0000,1.90,91.72,0.00,7.80,88.00,0.00,0.00,,-1.50
2025-12-26 07:00:00.000 +0000,1.90,91.92,0.00,7.80,88.00,0.00,0.00,,-1.60
2025-12-26 06:00:00.000 +0000,1.90,92.08,0.00,9.00,88.00,0.00,0.00,,-1.90
2025-12-26 06:00:00.000 +0000,1.90,91.90,0.00,9.00,88.00,0.00,0.00,,-1.90
2025-12-26 05:00:00.000 +0000,1.60,86.50,0.00,8.40,25.00,0.00,0.00,,-2.20
2025-12-26 05:00:00.000 +0000,1.50,86.57,0.00,8.40,25.00,0.00,0.00,,-2.20
2025-12-26 04:00:00.000 +0000,2.40,82.46,0.00,7.20,,0.00,0.00,,-0.80
2025-12-26 04:00:00.000 +0000,2.40,82.38,0.00,7.30,,0.00,0.00,,-0.80
2025-12-26 03:00:00.000 +0000,2.10,83.80,0.00,6.60,,0.00,0.00,,-0.90
2025-12-26 03:00:00.000 +0000,2.10,83.74,0.00,6.60,,0.00,0.00,,-0.90
2025-12-26 02:00:00.000 +0000,2.10,83.74,0.00,6.60,,0.00,0.00,,-0.90
2025-12-26 02:00:00.000 +0000,2.10,83.80,0.00,6.60,,0.00,0.00,,-0.90
2025-12-26 01:00:00.000 +0000,2.40,83.83,0.00,7.90,25.00,0.00,0.00,,-1.00
2025-12-26 01:00:00.000 +0000,2.40,83.78,0.00,7.90,25.00,0.00,0.00,,-1.00
2025-12-26 00:00:00.000 +0000,1.90,83.78,0.00,7.20,,0.00,0.00,,-1.40
2025-12-26 00:00:00.000 +0000,2.00,83.73,0.00,7.30,,0.00,0.00,,-1.30
2025-12-25 23:00:00.000 +0000,2.90,78.02,0.00,4.90,25.00,0.00,0.00,,0.70
2025-12-25 23:00:00.000 +0000,2.90,77.97,0.00,5.00,25.00,0.00,0.00,,0.70
2025-12-25 22:00:00.000 +0000,3.40,78.85,0.00,11.70,25.00,0.00,0.00,,-0.80
2025-12-25 22:00:00.000 +0000,3.40,78.90,0.00,11.70,25.00,0.00,0.00,,-0.80
2025-12-25 21:00:00.000 +0000,3.80,78.97,0.00,13.00,50.80,0.00,0.00,,-0.50
2025-12-25 21:00:00.000 +0000,3.80,78.92,0.00,13.10,50.70,0.00,0.00,,-0.60
2025-12-25 20:00:00.000 +0000,3.80,76.36,0.00,11.60,53.60,0.00,0.00,,-0.30
2025-12-25 20:00:00.000 +0000,3.80,76.40,0.00,11.60,53.80,0.00,0.00,,-0.20
2025-12-25 19:00:00.000 +0000,4.30,76.44,0.00,13.80,72.50,0.00,0.00,,-0.10
2025-12-25 19:00:00.000 +0000,4.30,76.48,0.00,13.80,72.50,0.00,0.00,,-0.10
2025-12-25 18:00:00.000 +0000,4.30,76.44,0.00,15.70,65.50,0.00,0.00,,-0.40
2025-12-25 18:00:00.000 +0000,4.30,76.48,0.00,15.70,65.50,0.00,0.00,,-0.40
2025-12-25 17:00:00.000 +0000,4.70,72.39,0.00,13.40,100.00,0.00,0.00,,0.50
2025-12-25 17:00:00.000 +0000,4.70,72.40,0.00,13.30,100.00,0.00,0.00,,0.60
2025-12-25 16:00:00.000 +0000,4.70,74.07,0.00,12.10,100.00,0.00,0.00,,0.80
2025-12-25 16:00:00.000 +0000,4.70,74.05,0.00,12.10,100.00,0.00,0.00,,0.80
2025-12-25 15:00:00.000 +0000,5.00,72.91,0.00,10.50,79.10,0.00,13.00,,1.40
2025-12-25 15:00:00.000 +0000,5.00,72.86,0.00,10.50,78.90,0.00,13.00,,1.40
2025-12-25 14:00:00.000 +0000,5.70,69.08,0.00,14.90,95.10,0.10,36.00,,1.60
2025-12-25 14:00:00.000 +0000,5.70,69.10,0.00,14.90,95.10,0.10,36.00,,1.60
2025-12-25 13:00:00.000 +0000,6.00,66.49,0.00,14.30,95.10,0.30,87.00,,1.90
2025-12-25 13:00:00.000 +0000,6.00,66.45,0.00,14.30,95.10,0.30,87.00,,1.90
2025-12-25 12:00:00.000 +0000,5.70,67.53,0.00,14.80,78.90,0.30,77.00,,1.60
2025-12-25 12:00:00.000 +0000,5.70,67.54,0.00,14.80,79.10,0.30,77.00,,1.60
2025-12-25 11:00:00.000 +0000,5.70,67.53,0.00,14.80,88.40,0.20,64.00,,1.60
2025-12-25 11:00:00.000 +0000,5.70,67.54,0.00,14.80,88.60,0.20,64.00,,1.60
2025-12-25 10:00:00.000 +0000,4.70,72.40,0.00,13.50,88.60,0.10,32.00,,0.50
2025-12-25 10:00:00.000 +0000,4.70,72.39,0.00,13.50,88.40,0.10,32.00,,0.50
2025-12-25 09:00:00.000 +0000,4.30,71.13,0.00,12.90,82.90,0.00,12.00,,0.10
2025-12-25 09:00:00.000 +0000,4.30,71.09,0.00,12.90,82.60,0.00,12.00,,0.10
2025-12-25 08:00:00.000 +0000,4.40,70.43,0.00,8.40,82.90,0.00,0.00,,1.30
2025-12-25 08:00:00.000 +0000,4.40,70.39,0.00,8.40,82.60,0.00,0.00,,1.30
2025-12-25 07:00:00.000 +0000,4.70,68.89,0.00,10.70,100.00,0.00,0.00,,1.10
2025-12-25 07:00:00.000 +0000,4.70,68.87,0.00,10.80,100.00,0.00,0.00,,1.10
2025-12-25 06:00:00.000 +0000,4.70,68.89,0.00,11.40,82.90,0.00,0.00,,1.00
2025-12-25 06:00:00.000 +0000,4.70,68.87,0.00,11.40,82.60,0.00,0.00,,0.90
2025-12-25 05:00:00.000 +0000,4.70,68.89,0.00,11.20,88.60,0.00,0.00,,1.00
2025-12-25 05:00:00.000 +0000,4.70,68.87,0.00,11.30,88.40,0.00,0.00,,1.00
2025-12-25 04:00:00.000 +0000,4.70,68.89,0.00,9.10,88.60,0.00,0.00,,1.50
2025-12-25 04:00:00.000 +0000,4.70,68.87,0.00,9.10,88.40,0.00,0.00,,1.50
2025-12-25 03:00:00.000 +0000,4.70,67.31,0.00,10.00,100.00,0.00,0.00,,1.20
2025-12-25 03:00:00.000 +0000,4.70,67.32,0.00,10.00,100.00,0.00,0.00,,1.20
2025-12-25 02:00:00.000 +0000,4.70,68.89,0.00,7.10,82.90,0.00,0.00,,2.00
2025-12-25 02:00:00.000 +0000,4.70,68.87,0.00,7.10,82.60,0.00,0.00,,2.00
2025-12-25 01:00:00.000 +0000,4.70,68.87,0.00,9.80,97.20,0.00,0.00,,1.30
2025-12-25 01:00:00.000 +0000,4.70,68.89,0.00,9.80,97.30,0.00,0.00,,1.30
2025-12-25 00:00:00.000 +0000,4.70,71.23,0.00,8.50,97.20,0.00,0.00,,1.60
2025-12-25 00:00:00.000 +0000,4.70,71.21,0.00,8.50,97.30,0.00,0.00,,1.60
2025-12-24 23:00:00.000 +0000,4.50,71.16,0.00,9.10,88.60,0.00,0.00,,1.20
2025-12-24 23:00:00.000 +0000,4.50,71.18,0.00,9.10,88.40,0.00,0.00,,1.20
2025-12-24 22:00:00.000 +0000,4.70,70.04,0.00,10.20,82.60,0.00,0.00,,1.20
2025-12-24 22:00:00.000 +0000,4.70,70.04,0.00,10.10,82.90,0.00,0.00,,1.20
2025-12-24 21:00:00.000 +0000,4.70,70.04,0.00,7.60,82.90,0.00,0.00,,1.90
2025-12-24 21:00:00.000 +0000,4.70,70.04,0.00,7.60,82.60,0.00,0.00,,1.90
2025-12-24 20:00:00.000 +0000,5.00,68.94,0.00,11.00,97.30,0.00,0.00,,1.30
2025-12-24 20:00:00.000 +0000,5.00,68.92,0.00,11.00,97.20,0.00,0.00,,1.30
2025-12-24 19:00:00.000 +0000,4.10,69.91,0.00,12.40,88.00,0.00,0.00,,-0.10
2025-12-24 19:00:00.000 +0000,4.10,69.90,0.00,12.50,88.10,0.00,0.00,,-0.10
2025-12-24 18:00:00.000 +0000,4.20,73.70,0.00,13.40,89.10,0.00,0.00,,-0.10
2025-12-24 18:00:00.000 +0000,4.20,73.90,0.00,13.50,89.00,0.00,0.00,,-0.20
2025-12-24 17:00:00.000 +0000,5.00,74.24,0.00,10.30,89.00,0.00,0.00,,1.60
2025-12-24 17:00:00.000 +0000,5.00,74.05,0.00,10.30,89.10,0.00,0.00,,1.60
2025-12-24 16:00:00.000 +0000,5.00,74.85,0.00,9.90,87.40,0.00,0.00,,1.70
2025-12-24 16:00:00.000 +0000,5.00,74.92,0.00,10.00,87.50,0.00,0.00,,1.60
2025-12-24 15:00:00.000 +0000,5.10,70.39,0.00,6.80,88.00,0.10,15.00,,2.60
2025-12-24 15:00:00.000 +0000,5.10,70.35,0.00,6.90,88.10,0.10,15.00,,2.50
2025-12-24 14:00:00.000 +0000,5.10,69.88,0.00,9.60,87.50,0.10,37.00,,1.80
2025-12-24 14:00:00.000 +0000,5.10,69.84,0.00,9.50,87.30,0.10,37.00,,1.90
2025-12-24 13:00:00.000 +0000,5.20,69.51,0.00,10.60,89.10,0.20,66.00,,1.70
2025-12-24 13:00:00.000 +0000,5.10,69.60,0.00,10.70,89.00,0.20,66.00,,1.60
2025-12-24 12:00:00.000 +0000,4.20,74.04,0.00,12.00,87.50,0.20,63.00,,0.20
2025-12-24 12:00:00.000 +0000,4.30,73.85,0.00,11.80,87.30,0.20,63.00,,0.30
2025-12-24 11:00:00.000 +0000,4.20,74.49,0.00,11.00,87.30,0.20,48.00,,0.40
2025-12-24 11:00:00.000 +0000,4.20,74.59,0.00,11.10,87.50,0.20,48.00,,0.30
2025-12-24 10:00:00.000 +0000,4.10,79.76,0.00,7.70,54.10,0.20,42.00,,1.20
2025-12-24 10:00:00.000 +0000,4.20,79.59,0.00,7.60,54.80,0.20,42.00,,1.20
2025-12-24 09:00:00.000 +0000,3.20,85.16,0.00,8.80,32.20,0.10,18.00,,-0.30
2025-12-24 09:00:00.000 +0000,3.20,85.38,0.00,8.80,31.20,0.10,18.00,,-0.40
2025-12-24 08:00:00.000 +0000,3.00,86.12,0.00,7.80,31.00,0.00,0.00,,-0.30
2025-12-24 08:00:00.000 +0000,3.00,86.21,0.00,7.90,30.10,0.00,0.00,,-0.30
2025-12-24 07:00:00.000 +0000,3.00,91.36,0.00,7.90,28.80,0.00,0.00,,-0.30
2025-12-24 07:00:00.000 +0000,3.00,91.62,0.00,7.90,28.20,0.00,0.00,,-0.30
2025-12-24 06:00:00.000 +0000,3.90,85.67,0.00,7.00,51.00,0.00,0.00,,1.10
2025-12-24 06:00:00.000 +0000,3.90,85.47,0.00,7.00,51.20,0.00,0.00,,1.10
2025-12-24 05:00:00.000 +0000,4.10,80.05,0.00,9.90,87.30,0.00,0.00,,0.50
2025-12-24 05:00:00.000 +0000,4.00,80.16,0.00,9.90,87.50,0.00,0.00,,0.40
2025-12-24 04:00:00.000 +0000,6.30,71.52,0.00,6.40,100.00,0.00,0.00,,4.10
2025-12-24 04:00:00.000 +0000,6.30,71.49,0.00,6.40,100.00,0.00,0.00,,4.10
2025-12-24 03:00:00.000 +0000,6.00,73.09,0.00,8.00,100.00,0.00,0.00,,3.30
2025-12-24 03:00:00.000 +0000,6.00,73.05,0.00,8.00,100.00,0.00,0.00,,3.30
2025-12-24 02:00:00.000 +0000,6.00,73.09,0.00,9.40,97.30,0.00,0.00,,2.90
2025-12-24 02:00:00.000 +0000,6.00,73.05,0.00,9.50,97.20,0.00,0.00,,2.90
2025-12-24 01:00:00.000 +0000,6.00,74.29,0.00,9.00,100.00,0.00,0.00,,3.00
2025-12-24 01:00:00.000 +0000,6.00,74.27,0.00,9.00,100.00,0.00,0.00,,3.00
2025-12-24 00:00:00.000 +0000,6.70,70.44,0.00,10.70,100.00,0.00,0.00,,3.60
2025-12-24 00:00:00.000 +0000,6.70,70.44,0.00,10.70,100.00,0.00,0.00,,3.60
2025-12-23 23:00:00.000 +0000,5.10,85.70,0.00,7.10,89.20,0.00,0.00,,2.50
2025-12-23 23:00:00.000 +0000,5.10,85.50,0.00,7.10,89.50,0.00,0.00,,2.50
2025-12-23 22:00:00.000 +0000,5.10,85.54,0.00,12.30,89.50,0.00,0.00,,1.30
2025-12-23 22:00:00.000 +0000,5.10,85.74,0.00,12.40,89.20,0.00,0.00,,1.20
2025-12-23 21:00:00.000 +0000,5.20,85.65,0.00,9.90,89.20,0.00,0.00,,1.80
2025-12-23 21:00:00.000 +0000,5.20,85.45,0.00,9.90,89.50,0.00,0.00,,1.90
2025-12-23 20:00:00.000 +0000,5.20,97.15,0.00,10.40,89.00,0.00,0.00,,1.70
2025-12-23 20:00:00.000 +0000,5.20,96.68,0.00,10.40,89.10,0.00,0.00,,1.80
2025-12-23 19:00:00.000 +0000,5.20,91.51,0.00,10.90,89.10,0.00,0.00,,1.60
2025-12-23 19:00:00.000 +0000,5.20,91.76,0.00,11.00,89.00,0.00,0.00,,1.60
2025-12-23 18:00:00.000 +0000,5.20,98.24,0.00,9.90,88.10,0.00,0.00,,1.80
2025-12-23 18:00:00.000 +0000,5.20,97.95,0.00,9.80,88.00,0.00,0.00,,1.90
2025-12-23 17:00:00.000 +0000,5.20,97.95,0.00,8.90,88.00,0.00,0.00,,2.10
2025-12-23 17:00:00.000 +0000,5.20,98.24,0.00,9.00,88.10,0.00,0.00,,2.10
2025-12-23 16:00:00.000 +0000,5.20,97.80,0.00,9.00,88.10,0.00,0.00,,2.10
2025-12-23 16:00:00.000 +0000,5.20,97.43,0.00,9.00,88.00,0.00,0.00,,2.10
2025-12-23 15:00:00.000 +0000,6.10,92.12,0.00,9.00,89.00,0.00,7.00,,3.20
2025-12-23 15:00:00.000 +0000,6.10,91.92,0.00,8.90,89.10,0.00,7.00,,3.20
2025-12-23 14:00:00.000 +0000,6.10,91.92,0.00,9.00,89.10,0.10,20.00,,3.20
2025-12-23 14:00:00.000 +0000,6.10,92.12,0.00,9.00,89.00,0.10,20.00,,3.20
2025-12-23 13:00:00.000 +0000,6.10,92.45,0.00,6.90,89.50,0.10,18.00,,3.80
2025-12-23 13:00:00.000 +0000,6.10,92.58,0.00,6.90,89.20,0.10,18.00,,3.80
2025-12-23 12:00:00.000 +0000,6.20,91.75,0.00,6.00,89.10,0.10,22.00,,4.10
2025-12-23 12:00:00.000 +0000,6.10,91.97,0.00,5.90,89.00,0.10,22.00,,4.10
2025-12-23 11:00:00.000 +0000,6.10,92.33,0.00,6.60,89.20,0.10,14.00,,3.80
2025-12-23 11:00:00.000 +0000,6.10,92.16,0.00,6.60,89.50,0.10,14.00,,3.90
2025-12-23 10:00:00.000 +0000,6.10,92.34,0.00,7.60,89.50,0.10,14.00,,3.50
2025-12-23 10:00:00.000 +0000,6.10,92.48,0.00,7.60,89.20,0.10,14.00,,3.50
2025-12-23 09:00:00.000 +0000,6.10,92.48,0.00,6.70,89.20,0.00,0.00,,3.80
2025-12-23 09:00:00.000 +0000,6.10,92.34,0.00,6.60,89.50,0.00,0.00,,3.80
2025-12-23 08:00:00.000 +0000,6.10,92.48,0.00,8.50,89.20,0.00,0.00,,3.30
2025-12-23 08:00:00.000 +0000,6.10,92.34,0.00,8.40,89.50,0.00,0.00,,3.30
2025-12-23 07:00:00.000 +0000,6.00,92.63,0.00,5.90,99.70,0.00,0.00,,4.00
2025-12-23 07:00:00.000 +0000,6.00,92.52,0.00,5.90,99.70,0.00,0.00,,4.00
2025-12-23 06:00:00.000 +0000,6.10,92.27,0.00,6.90,87.50,0.00,0.00,,3.70
2025-12-23 06:00:00.000 +0000,6.10,92.10,0.00,6.90,87.30,0.00,0.00,,3.70
2025-12-23 05:00:00.000 +0000,6.10,92.28,0.00,5.80,89.10,0.00,0.00,,4.10
2025-12-23 05:00:00.000 +0000,6.10,92.42,0.00,5.80,89.00,0.00,0.00,,4.10
2025-12-23 04:00:00.000 +0000,7.00,88.45,0.00,6.80,82.60,0.00,0.00,,4.80
2025-12-23 04:00:00.000 +0000,7.00,88.49,0.00,6.70,82.90,0.00,0.00,,4.80
2025-12-23 03:00:00.000 +0000,7.00,88.45,0.00,5.10,97.20,0.00,0.00,,5.40
2025-12-23 03:00:00.000 +0000,7.00,88.49,0.00,5.00,97.30,0.00,0.00,,5.40
2025-12-23 02:00:00.000 +0000,7.70,85.28,0.00,5.80,97.30,0.00,0.00,,6.10
2025-12-23 02:00:00.000 +0000,7.70,85.29,0.00,5.80,97.20,0.00,0.00,,6.00
2025-12-23 01:00:00.000 +0000,8.00,83.96,0.00,4.70,100.00,0.00,0.00,,6.70
2025-12-23 01:00:00.000 +0000,8.00,83.97,0.00,4.70,100.00,0.00,0.00,,6.70
2025-12-23 00:00:00.000 +0000,8.00,85.80,0.00,5.50,100.00,0.00,0.00,,6.40
2025-12-23 00:00:00.000 +0000,8.00,85.83,0.00,5.50,100.00,0.00,0.00,,6.40
2025-12-22 23:00:00.000 +0000,6.20,98.34,0.00,7.70,89.10,0.00,0.00,,3.60
2025-12-22 23:00:00.000 +0000,6.10,98.58,0.00,7.80,89.00,0.00,0.00,,3.60
2025-12-22 22:00:00.000 +0000,6.20,98.58,0.00,7.70,89.20,0.00,0.00,,3.60
2025-12-22 22:00:00.000 +0000,6.20,98.34,0.00,7.70,89.50,0.00,0.00,,3.70
2025-12-22 21:00:00.000 +0000,7.10,92.58,0.00,7.50,89.50,0.00,0.00,,4.80
2025-12-22 21:00:00.000 +0000,7.10,92.69,0.00,7.60,89.20,0.00,0.00,,4.70
2025-12-22 20:00:00.000 +0000,7.10,92.58,0.00,7.70,89.50,0.00,0.00,,4.70
2025-12-22 20:00:00.000 +0000,7.10,92.69,0.00,7.80,89.20,0.00,0.00,,4.70
2025-12-22 19:00:00.000 +0000,7.00,92.99,0.00,9.60,89.00,0.00,0.00,,4.20
2025-12-22 19:00:00.000 +0000,7.00,92.93,0.00,9.50,89.10,0.00,0.00,,4.20
2025-12-22 18:00:00.000 +0000,7.10,98.91,0.00,7.60,89.00,0.00,0.00,,4.70
2025-12-22 18:00:00.000 +0000,7.10,98.73,0.00,7.60,89.10,0.00,0.00,,4.70
2025-12-22 17:00:00.000 +0000,7.10,98.73,0.00,5.80,89.10,0.00,0.00,,5.30
2025-12-22 17:00:00.000 +0000,7.10,98.91,0.00,5.80,89.00,0.00,0.00,,5.30
2025-12-22 16:00:00.000 +0000,7.10,99.13,0.00,5.80,89.00,0.00,0.00,,5.30
2025-12-22 16:00:00.000 +0000,7.10,98.98,0.00,5.80,89.10,0.00,0.00,,5.30
2025-12-22 15:00:00.000 +0000,7.20,98.43,0.00,7.70,89.00,0.10,20.00,,4.80
2025-12-22 15:00:00.000 +0000,7.20,98.17,0.00,7.70,89.10,0.10,20.00,,4.90
2025-12-22 14:00:00.000 +0000,7.20,98.21,0.00,4.60,88.10,0.10,25.00,,5.80
2025-12-22 14:00:00.000 +0000,7.20,97.91,0.00,4.60,88.00,0.10,25.00,,5.90
2025-12-22 13:00:00.000 +0000,7.20,92.41,0.00,7.70,89.10,0.10,24.00,,4.90
2025-12-22 13:00:00.000 +0000,7.20,92.54,0.00,7.70,89.00,0.10,24.00,,4.80
2025-12-22 12:00:00.000 +0000,7.20,98.17,0.00,5.70,89.10,0.10,33.00,,5.40
2025-12-22 12:00:00.000 +0000,7.20,98.43,0.00,5.80,89.00,0.10,33.00,,5.40
2025-12-22 11:00:00.000 +0000,7.10,98.43,0.00,5.70,89.00,0.20,67.00,,5.40
2025-12-22 11:00:00.000 +0000,7.20,98.17,0.00,5.70,89.10,0.20,67.00,,5.40
2025-12-22 10:00:00.000 +0000,7.10,92.99,0.00,6.60,88.10,0.10,14.00,,5.00
2025-12-22 10:00:00.000 +0000,7.10,92.93,0.00,6.60,88.00,0.10,14.00,,5.00
2025-12-22 09:00:00.000 +0000,7.10,92.75,0.00,7.60,89.10,0.00,8.00,,4.80
2025-12-22 09:00:00.000 +0000,7.10,92.84,0.00,7.70,89.00,0.00,8.00,,4.70
2025-12-22 08:00:00.000 +0000,7.10,98.91,0.00,8.90,88.10,0.00,0.00,,4.40
2025-12-22 08:00:00.000 +0000,7.10,98.73,0.00,8.80,88.00,0.00,0.00,,4.40
2025-12-22 07:00:00.000 +0000,7.10,98.91,0.00,9.10,89.00,0.00,0.00,,4.40
2025-12-22 07:00:00.000 +0000,7.10,98.73,0.00,9.10,89.10,0.00,0.00,,4.40
2025-12-22 06:00:00.000 +0000,7.10,98.59,0.00,12.40,89.00,0.00,0.00,,3.80
2025-12-22 06:00:00.000 +0000,7.20,98.36,0.00,12.40,89.10,0.00,0.00,,3.80
2025-12-22 05:00:00.000 +0000,8.10,98.99,0.00,12.30,100.00,0.00,0.00,,5.00
2025-12-22 05:00:00.000 +0000,8.10,99.14,0.00,12.40,100.00,0.00,0.00,,4.90
2025-12-22 04:00:00.000 +0000,9.00,91.99,0.00,9.80,97.20,0.00,0.00,,6.50
2025-12-22 04:00:00.000 +0000,9.00,92.02,0.00,9.80,97.30,0.00,0.00,,6.50
2025-12-22 03:00:00.000 +0000,9.20,90.56,0.00,8.50,97.20,0.00,0.00,,7.10
2025-12-22 03:00:00.000 +0000,9.20,90.62,0.00,8.50,97.30,0.00,0.00,,7.10
2025-12-22 02:00:00.000 +0000,9.20,92.03,0.00,5.30,88.60,0.00,0.00,,7.90
2025-12-22 02:00:00.000 +0000,9.20,92.00,0.00,5.30,88.40,0.00,0.00,,7.90
2025-12-22 01:00:00.000 +0000,9.20,94.93,0.00,6.60,100.00,0.00,0.00,,7.60
2025-12-22 01:00:00.000 +0000,9.20,94.89,0.00,6.60,100.00,0.00,0.00,,7.60
2025-12-22 00:00:00.000 +0000,9.60,92.03,0.00,7.90,100.00,0.00,0.00,,7.80
2025-12-22 00:00:00.000 +0000,9.60,92.06,0.00,7.80,100.00,0.00,0.00,,7.80
2025-12-21 23:00:00.000 +0000,8.10,99.14,0.00,12.50,98.20,0.00,0.00,,4.90
2025-12-21 23:00:00.000 +0000,8.10,98.99,0.00,12.40,97.90,0.00,0.00,,5.00
2025-12-21 22:00:00.000 +0000,8.10,98.99,0.00,12.30,98.60,0.00,0.00,,5.00
2025-12-21 22:00:00.000 +0000,8.10,99.14,0.00,12.40,98.80,0.00,0.00,,4.90
2025-12-21 21:00:00.000 +0000,8.10,98.98,0.00,11.00,98.20,0.00,0.00,,5.20
2025-12-21 21:00:00.000 +0000,8.10,98.80,0.00,10.90,97.90,0.00,0.00,,5.30
2025-12-21 20:00:00.000 +0000,8.20,98.80,0.00,10.20,100.00,0.00,0.00,,5.50
2025-12-21 20:00:00.000 +0000,8.10,98.98,0.00,10.20,100.00,0.00,0.00,,5.40
2025-12-21 19:00:00.000 +0000,8.20,98.43,0.00,11.10,99.50,0.00,0.00,,5.30
2025-12-21 19:00:00.000 +0000,8.10,98.66,0.00,11.20,99.60,0.00,0.00,,5.20
2025-12-21 18:00:00.000 +0000,8.10,99.14,0.00,12.30,100.00,0.00,0.00,,5.00
2025-12-21 18:00:00.000 +0000,8.10,98.99,0.00,12.20,100.00,0.00,0.00,,5.00
2025-12-21 17:00:00.000 +0000,8.10,99.14,0.00,10.90,99.40,0.00,0.00,,5.20
2025-12-21 17:00:00.000 +0000,8.10,98.99,0.00,10.80,99.30,0.00,0.00,,5.20
2025-12-21 16:00:00.000 +0000,8.10,99.14,0.00,9.90,100.00,0.00,0.00,,5.40
2025-12-21 16:00:00.000 +0000,8.10,98.99,0.00,9.80,100.00,0.00,0.00,,5.40
2025-12-21 15:00:00.000 +0000,8.10,98.99,0.00,9.80,100.00,0.00,8.00,,5.40
2025-12-21 15:00:00.000 +0000,8.10,99.14,0.00,9.90,100.00,0.00,8.00,,5.40
2025-12-21 14:00:00.000 +0000,8.10,99.14,0.00,8.90,99.70,0.10,18.00,,5.60
2025-12-21 14:00:00.000 +0000,8.10,98.99,0.00,8.90,99.70,0.10,18.00,,5.60
2025-12-21 13:00:00.000 +0000,7.10,98.97,0.00,6.80,99.70,0.10,34.00,,5.00
2025-12-21 13:00:00.000 +0000,7.20,98.79,0.00,6.80,99.70,0.10,34.00,,5.10
2025-12-21 12:00:00.000 +0000,7.20,98.60,0.00,5.60,99.70,0.10,18.00,,5.50
2025-12-21 12:00:00.000 +0000,7.10,98.81,0.00,5.70,99.70,0.10,18.00,,5.40
2025-12-21 11:00:00.000 +0000,7.10,93.36,0.00,6.70,99.60,0.10,18.00,,5.00
2025-12-21 11:00:00.000 +0000,7.10,93.35,0.00,6.70,99.50,0.10,18.00,,5.00
2025-12-21 10:00:00.000 +0000,6.20,98.98,0.00,6.60,99.70,0.00,9.00,,3.90
2025-12-21 10:00:00.000 +0000,6.10,99.13,0.00,6.60,99.70,0.00,9.00,,3.90
2025-12-21 09:00:00.000 +0000,6.10,98.98,0.00,6.70,99.70,0.00,6.00,,3.90
2025-12-21 09:00:00.000 +0000,6.10,99.13,0.00,6.70,99.70,0.00,6.00,,3.80
2025-12-21 08:00:00.000 +0000,6.00,99.17,0.00,5.80,98.10,0.00,0.00,,4.10
2025-12-21 08:00:00.000 +0000,6.00,99.29,0.00,5.80,98.40,0.00,0.00,,4.00
2025-12-21 07:00:00.000 +0000,6.00,98.52,0.00,6.60,99.30,0.00,0.00,,3.80
2025-12-21 07:00:00.000 +0000,6.00,98.74,0.00,6.60,99.40,0.00,0.00,,3.80
2025-12-21 06:00:00.000 +0000,5.90,92.99,0.00,8.90,96.00,0.00,0.00,,3.00
2025-12-21 06:00:00.000 +0000,6.00,92.93,0.00,8.90,95.40,0.00,0.00,,3.00
2025-12-21 05:00:00.000 +0000,5.20,98.73,0.00,10.90,99.40,0.00,0.00,,1.60
2025-12-21 05:00:00.000 +0000,5.20,98.51,0.00,10.80,99.30,0.00,0.00,,1.70
2025-12-21 04:00:00.000 +0000,6.80,89.88,0.00,9.40,100.00,0.00,0.00,,4.00
2025-12-21 04:00:00.000 +0000,6.80,89.89,0.00,9.40,100.00,0.00,0.00,,4.00
2025-12-21 03:00:00.000 +0000,7.30,89.91,0.00,9.20,100.00,0.00,0.00,,4.60
2025-12-21 03:00:00.000 +0000,7.30,89.93,0.00,9.20,100.00,0.00,0.00,,4.60
2025-12-21 02:00:00.000 +0000,7.30,88.52,0.00,10.10,88.60,0.00,0.00,,4.40
2025-12-21 02:00:00.000 +0000,7.30,88.48,0.00,10.10,88.40,0.00,0.00,,4.40
2025-12-21 01:00:00.000 +0000,7.00,88.45,0.00,7.90,91.80,0.00,0.00,,4.50
2025-12-21 01:00:00.000 +0000,7.00,88.49,0.00,8.00,91.80,0.00,0.00,,4.50
2025-12-21 00:00:00.000 +0000,6.50,88.45,0.00,8.20,74.40,0.00,0.00,,3.90
2025-12-21 00:00:00.000 +0000,6.50,88.41,0.00,8.20,74.50,0.00,0.00,,3.90
2025-12-20 23:00:00.000 +0000,5.00,99.15,0.00,10.90,88.50,0.00,0.00,,1.40
2025-12-20 23:00:00.000 +0000,5.00,99.28,0.00,10.90,88.40,0.00,0.00,,1.40
2025-12-20 22:00:00.000 +0000,5.10,98.77,0.00,9.90,100.00,0.00,0.00,,1.70
2025-12-20 22:00:00.000 +0000,5.10,98.96,0.00,9.90,100.00,0.00,0.00,,1.70
2025-12-20 21:00:00.000 +0000,5.10,99.15,0.00,10.00,89.10,0.00,0.00,,1.70
2025-12-20 21:00:00.000 +0000,5.10,99.28,0.00,10.00,89.00,0.00,0.00,,1.70
2025-12-20 20:00:00.000 +0000,5.10,99.28,0.00,10.00,99.60,0.00,0.00,,1.70
2025-12-20 20:00:00.000 +0000,5.10,99.15,0.00,10.00,99.50,0.00,0.00,,1.70
2025-12-20 19:00:00.000 +0000,4.20,99.22,0.00,10.20,100.00,0.00,0.00,,0.50
2025-12-20 19:00:00.000 +0000,4.10,99.34,0.00,10.20,100.00,0.00,0.00,,0.50
2025-12-20 18:00:00.000 +0000,5.00,93.24,0.00,11.10,97.90,0.00,0.00,,1.30
2025-12-20 18:00:00.000 +0000,5.00,93.25,0.00,11.10,98.20,0.00,0.00,,1.30
2025-12-20 17:00:00.000 +0000,4.00,99.17,0.00,9.10,100.00,0.00,0.00,,0.70
2025-12-20 17:00:00.000 +0000,4.10,99.03,0.00,9.10,100.00,0.00,0.00,,0.70
2025-12-20 16:00:00.000 +0000,4.00,99.50,0.00,8.20,100.00,0.00,0.00,,0.80
2025-12-20 16:00:00.000 +0000,4.00,99.41,0.00,8.20,100.00,0.00,0.00,,0.80
2025-12-20 15:00:00.000 +0000,4.00,99.34,0.00,7.10,98.20,0.00,0.00,,1.20
2025-12-20 15:00:00.000 +0000,4.00,99.22,0.00,7.10,97.90,0.00,0.00,,1.20
2025-12-20 14:00:00.000 +0000,4.00,99.41,0.00,10.30,99.70,0.00,12.00,,0.30
2025-12-20 14:00:00.000 +0000,4.00,99.50,0.00,10.30,99.70,0.00,12.00,,0.30
2025-12-20 13:00:00.000 +0000,4.90,99.51,0.00,6.20,99.70,0.10,29.00,,2.60
2025-12-20 13:00:00.000 +0000,4.90,99.42,0.00,6.30,99.70,0.10,29.00,,2.50
2025-12-20 12:00:00.000 +0000,4.90,99.67,0.00,7.20,98.20,0.20,53.00,,2.30
2025-12-20 12:00:00.000 +0000,5.00,99.61,0.00,7.20,97.90,0.20,53.00,,2.30
2025-12-20 11:00:00.000 +0000,4.10,99.41,0.00,6.20,97.90,0.20,44.00,,1.60
2025-12-20 11:00:00.000 +0000,4.10,99.50,0.00,6.20,98.20,0.20,44.00,,1.60
2025-12-20 10:00:00.000 +0000,3.10,93.52,0.00,5.10,100.00,0.10,23.00,,0.90
2025-12-20 10:00:00.000 +0000,3.10,93.58,0.00,5.20,100.00,0.10,23.00,,0.90
2025-12-20 09:00:00.000 +0000,2.20,99.33,0.00,6.20,82.60,0.10,20.00,,-0.60
2025-12-20 09:00:00.000 +0000,2.20,99.43,0.00,6.10,82.90,0.10,20.00,,-0.70
2025-12-20 08:00:00.000 +0000,2.10,93.47,0.00,7.00,88.60,0.00,0.00,,-1.00
2025-12-20 08:00:00.000 +0000,2.20,93.53,0.00,7.00,88.40,0.00,0.00,,-1.00
2025-12-20 07:00:00.000 +0000,2.10,99.60,0.00,8.00,100.00,0.00,0.00,,-1.40
2025-12-20 07:00:00.000 +0000,2.10,99.66,0.00,8.00,100.00,0.00,0.00,,-1.50
2025-12-20 06:00:00.000 +0000,2.10,99.33,0.00,7.90,88.00,0.00,0.00,,-1.40
2025-12-20 06:00:00.000 +0000,2.10,99.43,0.00,7.90,88.00,0.00,0.00,,-1.50
2025-12-20 05:00:00.000 +0000,2.10,93.27,0.00,6.30,25.00,0.00,0.00,,-0.80
2025-12-20 05:00:00.000 +0000,2.10,93.25,0.00,6.20,25.00,0.00,0.00,,-0.80
2025-12-20 04:00:00.000 +0000,3.30,94.64,0.00,8.10,88.00,0.00,0.00,,0.00
2025-12-20 04:00:00.000 +0000,3.30,94.69,0.00,8.20,88.00,0.00,0.00,,0.00
2025-12-20 03:00:00.000 +0000,3.30,91.66,0.00,8.70,25.00,0.00,0.00,,-0.20
2025-12-20 03:00:00.000 +0000,3.30,91.63,0.00,8.60,25.00,0.00,0.00,,-0.20
2025-12-20 02:00:00.000 +0000,3.60,94.70,0.00,8.90,88.00,0.00,0.00,,0.10
2025-12-20 02:00:00.000 +0000,3.60,94.66,0.00,8.80,88.00,0.00,0.00,,0.20
2025-12-20 01:00:00.000 +0000,3.60,91.68,0.00,7.60,88.00,0.00,0.00,,0.50
2025-12-20 01:00:00.000 +0000,3.60,91.65,0.00,7.60,88.00,0.00,0.00,,0.50
2025-12-20 00:00:00.000 +0000,4.80,92.62,0.00,9.00,25.00,0.00,0.00,,1.60
2025-12-20 00:00:00.000 +0000,4.80,92.72,0.00,9.00,25.00,0.00,0.00,,1.70
2025-12-19 23:00:00.000 +0000,4.90,93.09,0.00,9.10,26.60,0.00,0.00,,1.70
2025-12-19 23:00:00.000 +0000,4.90,93.06,0.00,9.10,26.90,0.00,0.00,,1.60
2025-12-19 22:00:00.000 +0000,5.70,87.31,0.00,9.90,30.80,0.00,0.00,,2.50
2025-12-19 22:00:00.000 +0000,5.80,87.27,0.00,10.00,30.70,0.00,0.00,,2.50
2025-12-19 21:00:00.000 +0000,5.80,87.13,0.00,9.10,25.00,0.00,0.00,,2.90
2025-12-19 21:00:00.000 +0000,5.80,87.15,0.00,9.10,25.00,0.00,0.00,,2.80
2025-12-19 20:00:00.000 +0000,6.00,86.36,0.00,7.30,88.00,0.00,0.00,,3.50
2025-12-19 20:00:00.000 +0000,6.00,86.45,0.00,7.30,88.00,0.00,0.00,,3.50
2025-12-19 19:00:00.000 +0000,6.00,86.37,0.00,10.10,88.00,0.00,0.00,,2.80
2025-12-19 19:00:00.000 +0000,6.00,86.26,0.00,10.10,88.00,0.00,0.00,,2.80
2025-12-19 18:00:00.000 +0000,6.10,85.90,0.00,8.50,25.00,0.00,0.00,,3.40
2025-12-19 18:00:00.000 +0000,6.20,85.72,0.00,8.60,25.00,0.00,0.00,,3.40
2025-12-19 17:00:00.000 +0000,8.00,80.63,0.00,9.40,25.00,0.00,0.00,,5.40
2025-12-19 17:00:00.000 +0000,8.00,80.51,0.00,9.40,25.00,0.00,0.00,,5.40
2025-12-19 16:00:00.000 +0000,8.00,80.88,0.00,11.50,50.00,0.00,0.00,,5.00
2025-12-19 16:00:00.000 +0000,8.00,80.95,0.00,11.50,50.00,0.00,0.00,,5.00
2025-12-19 15:00:00.000 +0000,8.10,80.25,0.00,15.00,48.50,0.00,13.00,,4.60
2025-12-19 15:00:00.000 +0000,8.10,80.07,0.00,15.00,48.30,0.00,13.00,,4.60
2025-12-19 14:00:00.000 +0000,9.00,75.59,0.00,14.30,50.00,0.50,142.00,,5.90
2025-12-19 14:00:00.000 +0000,9.00,75.66,0.00,14.30,50.00,0.50,142.00,,5.90
2025-12-19 13:00:00.000 +0000,9.10,70.91,0.00,17.10,25.00,0.40,106.00,,5.60
2025-12-19 13:00:00.000 +0000,9.10,70.90,0.00,17.10,25.00,0.40,106.00,,5.50
2025-12-19 12:00:00.000 +0000,8.10,80.34,0.00,18.20,25.00,0.70,185.00,,4.20
2025-12-19 12:00:00.000 +0000,8.20,80.17,0.00,18.20,25.00,0.70,185.00,,4.20
2025-12-19 11:00:00.000 +0000,8.10,80.77,0.00,15.10,48.70,0.70,182.00,,4.50
2025-12-19 11:00:00.000 +0000,8.10,80.68,0.00,15.10,48.50,0.70,182.00,,4.50
2025-12-19 10:00:00.000 +0000,7.10,86.15,0.00,17.10,47.80,0.40,110.00,,3.00
2025-12-19 10:00:00.000 +0000,7.10,86.28,0.00,17.10,48.20,0.40,110.00,,3.00
2025-12-19 09:00:00.000 +0000,7.00,81.48,0.00,15.90,49.70,0.20,45.00,,3.00
2025-12-19 09:00:00.000 +0000,6.90,81.52,0.00,15.90,49.70,0.20,45.00,,3.00
2025-12-19 08:00:00.000 +0000,6.90,81.52,0.00,14.10,88.00,0.00,0.00,,3.30
2025-12-19 08:00:00.000 +0000,7.00,81.48,0.00,14.10,88.00,0.00,0.00,,3.30
2025-12-19 07:00:00.000 +0000,7.00,81.21,0.00,16.90,87.60,0.00,0.00,,2.80
2025-12-19 07:00:00.000 +0000,6.90,81.21,0.00,16.80,87.60,0.00,0.00,,2.80
2025-12-19 06:00:00.000 +0000,6.10,86.10,0.00,13.80,87.60,0.00,0.00,,2.20
2025-12-19 06:00:00.000 +0000,6.10,86.23,0.00,13.80,87.60,0.00,0.00,,2.20
2025-12-19 05:00:00.000 +0000,5.90,81.17,0.00,15.80,27.10,0.00,0.00,,1.70
2025-12-19 05:00:00.000 +0000,5.90,81.16,0.00,15.90,26.80,0.00,0.00,,1.70
2025-12-19 04:00:00.000 +0000,5.20,82.26,0.00,12.40,50.00,0.00,0.00,,1.30
2025-12-19 04:00:00.000 +0000,5.20,82.30,0.00,12.40,50.00,0.00,0.00,,1.30
2025-12-19 03:00:00.000 +0000,5.00,80.43,0.00,11.10,,0.00,0.00,,1.40
2025-12-19 03:00:00.000 +0000,5.00,80.45,0.00,11.20,,0.00,0.00,,1.40
2025-12-19 02:00:00.000 +0000,6.00,83.25,0.00,11.50,,0.00,0.00,,2.60
2025-12-19 02:00:00.000 +0000,6.00,83.22,0.00,11.50,,0.00,0.00,,2.60
2025-12-19 01:00:00.000 +0000,6.50,80.65,0.00,7.50,100.00,0.00,0.00,,4.10
2025-12-19 01:00:00.000 +0000,6.50,80.68,0.00,7.50,100.00,0.00,0.00,,4.10
2025-12-19 00:00:00.000 +0000,6.70,79.41,0.00,10.30,25.00,0.00,0.00,,3.70
2025-12-19 00:00:00.000 +0000,6.70,79.39,0.00,10.30,25.00,0.00,0.00,,3.70
2025-12-18 23:00:00.000 +0000,6.90,81.68,0.00,16.70,82.10,0.00,0.00,,2.80
2025-12-18 23:00:00.000 +0000,6.90,81.61,0.00,16.80,83.00,0.00,0.00,,2.80
2025-12-18 22:00:00.000 +0000,7.00,86.42,0.00,19.10,88.00,0.00,0.00,,2.70
2025-12-18 22:00:00.000 +0000,7.00,86.31,0.00,19.00,88.00,0.00,0.00,,2.70
2025-12-18 21:00:00.000 +0000,8.00,93.35,0.00,14.50,88.40,0.00,0.00,,4.50
2025-12-18 21:00:00.000 +0000,8.00,93.33,0.00,14.50,88.50,0.00,0.00,,4.50
2025-12-18 20:00:00.000 +0000,7.90,93.57,0.00,9.10,55.30,0.00,0.00,,5.40
2025-12-18 20:00:00.000 +0000,7.90,93.55,0.00,9.10,54.50,0.00,0.00,,5.40
2025-12-18 19:00:00.000 +0000,8.00,99.62,0.00,6.80,86.90,0.00,0.00,,6.00
2025-12-18 19:00:00.000 +0000,7.90,99.55,0.00,6.80,86.70,0.00,0.00,,6.00
2025-12-18 18:00:00.000 +0000,7.10,99.29,0.00,3.30,88.10,0.00,0.00,,6.30
2025-12-18 18:00:00.000 +0000,7.10,99.17,0.00,3.30,88.00,0.00,0.00,,6.40
2025-12-18 17:00:00.000 +0000,7.90,93.75,0.00,4.50,97.40,0.00,0.00,,6.80
2025-12-18 17:00:00.000 +0000,8.00,93.70,0.00,4.60,97.80,0.00,0.00,,6.80
2025-12-18 16:00:00.000 +0000,7.10,99.29,0.00,2.40,88.40,0.00,0.00,,
2025-12-18 16:00:00.000 +0000,7.10,99.17,0.00,2.50,88.50,0.00,0.00,,
2025-12-18 15:00:00.000 +0000,7.10,99.29,0.00,4.00,88.40,0.00,0.00,,6.10
2025-12-18 15:00:00.000 +0000,7.20,99.17,0.00,4.10,88.50,0.00,0.00,,6.10
2025-12-18 14:00:00.000 +0000,8.10,98.99,0.00,6.10,88.50,0.00,7.00,,6.40
2025-12-18 14:00:00.000 +0000,8.10,99.14,0.00,6.10,88.40,0.00,7.00,,6.40
2025-12-18 13:00:00.000 +0000,8.10,92.81,0.00,8.20,55.70,0.00,8.00,,5.80
2025-12-18 13:00:00.000 +0000,8.10,92.90,0.00,8.20,54.90,0.00,8.00,,5.80
2025-12-18 12:00:00.000 +0000,8.10,93.05,0.00,8.10,29.20,0.10,30.00,,5.80
2025-12-18 12:00:00.000 +0000,8.00,93.10,0.00,8.10,28.60,0.10,30.00,,5.80
2025-12-18 11:00:00.000 +0000,8.00,93.10,0.00,8.00,27.50,0.20,46.00,,5.80
2025-12-18 11:00:00.000 +0000,8.00,93.05,0.00,8.00,27.90,0.20,46.00,,5.80
2025-12-18 10:00:00.000 +0000,8.00,87.68,0.00,9.20,53.50,0.20,44.00,,5.40
2025-12-18 10:00:00.000 +0000,8.00,87.75,0.00,9.20,54.10,0.20,44.00,,5.50
2025-12-18 09:00:00.000 +0000,8.00,86.97,0.00,8.10,32.20,0.10,18.00,,5.80
2025-12-18 09:00:00.000 +0000,8.00,87.00,0.00,8.10,31.20,0.10,18.00,,5.80
2025-12-18 08:00:00.000 +0000,8.00,92.21,0.00,8.00,31.70,0.00,0.00,,5.80
2025-12-18 08:00:00.000 +0000,8.00,92.38,0.00,8.00,30.70,0.00,0.00,,5.80
2025-12-18 07:00:00.000 +0000,8.10,92.22,0.00,7.40,31.00,0.00,0.00,,6.00
2025-12-18 07:00:00.000 +0000,8.10,92.39,0.00,7.30,30.20,0.00,0.00,,6.00
2025-12-18 06:00:00.000 +0000,8.90,86.89,0.00,14.20,53.30,0.00,0.00,,5.80
2025-12-18 06:00:00.000 +0000,8.90,86.95,0.00,14.30,52.80,0.00,0.00,,5.80
2025-12-18 05:00:00.000 +0000,9.00,86.90,0.00,9.00,85.80,0.00,0.00,,6.70
2025-12-18 05:00:00.000 +0000,9.00,86.84,0.00,9.00,85.50,0.00,0.00,,6.80
2025-12-18 04:00:00.000 +0000,10.20,82.92,0.00,10.30,72.80,0.00,0.00,,
2025-12-18 04:00:00.000 +0000,10.20,82.95,0.00,10.30,72.70,0.00,0.00,,
2025-12-18 03:00:00.000 +0000,10.20,82.92,0.00,10.30,97.30,0.00,0.00,,
2025-12-18 03:00:00.000 +0000,10.20,82.95,0.00,10.30,97.20,0.00,0.00,,
2025-12-18 02:00:00.000 +0000,10.70,82.99,0.00,9.80,84.80,0.00,0.00,,
2025-12-18 02:00:00.000 +0000,10.70,83.01,0.00,9.80,84.60,0.00,0.00,,
2025-12-18 01:00:00.000 +0000,10.70,90.19,0.00,10.60,82.90,0.00,0.00,,
2025-12-18 01:00:00.000 +0000,10.70,90.17,0.00,10.50,82.60,0.00,0.00,,
2025-12-18 00:00:00.000 +0000,10.20,92.06,0.00,14.60,97.20,0.00,0.00,,
2025-12-18 00:00:00.000 +0000,10.20,92.09,0.00,14.60,97.30,0.00,0.00,,
2025-12-17 23:00:00.000 +0000,10.20,92.09,0.00,16.10,100.00,0.00,0.00,,
2025-12-17 23:00:00.000 +0000,10.20,92.06,0.00,16.00,100.00,0.00,0.00,,
2025-12-17 22:00:00.000 +0000,9.10,99.15,0.00,13.00,89.20,0.00,0.00,,6.10
2025-12-17 22:00:00.000 +0000,9.10,99.00,0.00,13.10,89.50,0.00,0.00,,6.20
2025-12-17 21:00:00.000 +0000,9.00,99.84,0.00,13.70,89.00,0.00,0.00,,5.90
2025-12-17 21:00:00.000 +0000,9.00,99.81,0.00,13.70,89.10,0.00,0.00,,5.90
2025-12-17 20:00:00.000 +0000,9.90,87.92,0.00,17.60,88.00,0.00,0.00,,6.50
2025-12-17 20:00:00.000 +0000,9.90,87.85,0.00,17.70,88.10,0.00,0.00,,6.50
2025-12-17 19:00:00.000 +0000,9.90,87.92,0.00,13.90,88.00,0.00,0.00,,7.00
2025-12-17 19:00:00.000 +0000,9.90,87.85,0.00,13.90,88.10,0.00,0.00,,7.00
2025-12-17 18:00:00.000 +0000,8.90,93.15,0.00,13.80,88.10,0.00,0.00,,5.80
2025-12-17 18:00:00.000 +0000,8.90,93.09,0.00,13.80,88.00,0.00,0.00,,5.80
2025-12-17 17:00:00.000 +0000,9.00,87.12,0.00,18.00,89.50,0.00,0.00,,5.30
2025-12-17 17:00:00.000 +0000,9.00,87.15,0.00,18.10,89.20,0.00,0.00,,5.30
2025-12-17 16:00:00.000 +0000,9.00,87.28,0.00,19.30,88.70,0.00,0.00,,5.10
2025-12-17 16:00:00.000 +0000,9.00,87.28,0.00,19.30,88.60,0.00,0.00,,5.10
2025-12-17 15:00:00.000 +0000,8.00,86.86,0.00,21.00,54.50,0.00,3.00,,3.70
2025-12-17 15:00:00.000 +0000,8.00,86.80,0.00,20.80,55.30,0.00,3.00,,3.70
2025-12-17 14:00:00.000 +0000,7.90,82.02,0.00,11.70,89.00,0.40,110.00,,4.90
2025-12-17 14:00:00.000 +0000,7.90,82.13,0.00,11.70,89.10,0.40,110.00,,4.90
2025-12-17 13:00:00.000 +0000,6.90,87.38,0.00,10.80,87.70,0.10,39.00,,3.80
2025-12-17 13:00:00.000 +0000,6.90,87.42,0.00,10.90,87.60,0.10,39.00,,3.80
2025-12-17 12:00:00.000 +0000,6.90,81.98,0.00,12.80,87.50,0.10,24.00,,3.40
2025-12-17 12:00:00.000 +0000,6.90,82.11,0.00,12.90,87.40,0.10,24.00,,3.30
2025-12-17 11:00:00.000 +0000,6.80,87.36,0.00,11.10,87.50,0.10,33.00,,3.60
2025-12-17 11:00:00.000 +0000,6.70,87.41,0.00,11.20,87.30,0.10,33.00,,3.50
2025-12-17 10:00:00.000 +0000,6.70,81.88,0.00,12.10,54.10,0.10,14.00,,3.30
2025-12-17 10:00:00.000 +0000,6.80,81.78,0.00,12.00,53.50,0.10,14.00,,3.40
2025-12-17 09:00:00.000 +0000,5.70,82.06,0.00,11.70,31.00,0.00,2.00,,2.10
2025-12-17 09:00:00.000 +0000,5.80,81.92,0.00,11.70,30.20,0.00,2.00,,2.20
2025-12-17 08:00:00.000 +0000,4.80,81.84,0.00,7.50,88.00,0.00,0.00,,2.00
2025-12-17 08:00:00.000 +0000,4.80,81.99,0.00,7.60,88.00,0.00,0.00,,1.90
2025-12-17 07:00:00.000 +0000,4.70,82.25,0.00,14.50,95.10,0.00,0.00,,0.30
2025-12-17 07:00:00.000 +0000,4.70,82.47,0.00,14.40,95.10,0.00,0.00,,0.30
2025-12-17 06:00:00.000 +0000,3.70,81.98,0.00,9.50,100.00,0.00,0.00,,0.20
2025-12-17 06:00:00.000 +0000,3.70,82.18,0.00,9.50,100.00,0.00,0.00,,0.10
2025-12-17 05:00:00.000 +0000,2.80,87.50,0.00,3.90,100.00,0.00,0.00,,1.10
2025-12-17 05:00:00.000 +0000,2.80,87.39,0.00,3.80,100.00,0.00,0.00,,1.20
2025-12-17 04:00:00.000 +0000,1.40,91.54,0.00,8.90,100.00,0.00,0.00,,-2.50
2025-12-17 04:00:00.000 +0000,1.40,91.51,0.00,8.80,100.00,0.00,0.00,,-2.50
2025-12-17 03:00:00.000 +0000,0.40,96.76,0.00,7.30,95.10,0.00,0.00,,-3.20
2025-12-17 03:00:00.000 +0000,0.40,96.70,0.00,7.30,95.10,0.00,0.00,,-3.20
2025-12-17 02:00:00.000 +0000,-0.10,96.75,0.00,6.60,95.10,0.00,0.00,,-3.50
2025-12-17 02:00:00.000 +0000,0.00,96.69,0.00,6.60,95.10,0.00,0.00,,-3.50
2025-12-17 01:00:00.000 +0000,-0.50,98.36,0.00,6.80,25.00,0.00,0.00,,-4.10
2025-12-17 01:00:00.000 +0000,-0.50,98.32,0.00,6.80,25.00,0.00,0.00,,-4.10
2025-12-17 00:00:00.000 +0000,-0.50,96.10,0.00,5.60,,0.00,0.00,,-3.60
2025-12-17 00:00:00.000 +0000,-0.50,96.11,0.00,5.60,,0.00,0.00,,-3.60
2025-12-16 23:00:00.000 +0000,-0.60,96.09,0.00,5.60,88.00,0.00,0.00,,-3.80
2025-12-16 23:00:00.000 +0000,-0.60,96.11,0.00,5.60,88.00,0.00,0.00,,-3.80
2025-12-16 22:00:00.000 +0000,-0.10,99.59,0.00,7.60,100.00,0.00,0.00,,-4.00
2025-12-16 22:00:00.000 +0000,-0.10,99.52,0.00,7.50,100.00,0.00,0.00,,-4.00
2025-12-16 21:00:00.000 +0000,0.80,99.66,0.00,8.40,75.40,0.00,0.00,,-3.10
2025-12-16 21:00:00.000 +0000,0.80,99.60,0.00,8.30,75.20,0.00,0.00,,-3.10
2025-12-16 20:00:00.000 +0000,2.70,93.13,0.00,6.40,50.00,0.00,0.00,,-0.20
2025-12-16 20:00:00.000 +0000,2.70,93.12,0.00,6.30,50.00,0.00,0.00,,-0.20
2025-12-16 19:00:00.000 +0000,1.90,92.70,0.00,1.40,75.40,0.00,0.00,,
2025-12-16 19:00:00.000 +0000,1.90,92.64,0.00,1.40,75.20,0.00,0.00,,
2025-12-16 18:00:00.000 +0000,3.70,87.07,0.00,6.40,88.00,0.00,0.00,,1.00
2025-12-16 18:00:00.000 +0000,3.70,87.11,0.00,6.30,88.00,0.00,0.00,,1.00
2025-12-16 17:00:00.000 +0000,3.80,87.54,0.00,9.40,62.30,0.00,0.00,,0.30
2025-12-16 17:00:00.000 +0000,3.80,87.43,0.00,9.50,62.20,0.00,0.00,,0.30
2025-12-16 16:00:00.000 +0000,4.00,86.95,0.00,8.40,69.30,0.00,0.00,,0.80
2025-12-16 16:00:00.000 +0000,4.00,86.97,0.00,8.30,69.40,0.00,0.00,,0.80
2025-12-16 15:00:00.000 +0000,5.20,86.63,0.00,7.40,25.00,0.10,31.00,,2.50
2025-12-16 15:00:00.000 +0000,5.20,86.58,0.00,7.30,25.00,0.10,31.00,,2.60
2025-12-16 14:00:00.000 +0000,7.00,81.75,0.00,5.50,50.00,0.30,93.00,,5.30
2025-12-16 14:00:00.000 +0000,7.00,81.67,0.00,5.60,50.00,0.30,93.00,,5.20
2025-12-16 13:00:00.000 +0000,6.10,86.84,0.00,5.40,100.00,0.30,96.00,,4.30
2025-12-16 13:00:00.000 +0000,6.10,86.86,0.00,5.50,100.00,0.30,96.00,,4.20
2025-12-16 12:00:00.000 +0000,6.00,82.10,0.00,6.40,28.70,0.60,168.00,,3.80
2025-12-16 12:00:00.000 +0000,6.00,81.95,0.00,6.50,28.20,0.60,168.00,,3.80
2025-12-16 11:00:00.000 +0000,5.90,82.18,0.00,6.40,28.80,0.40,105.00,,3.70
2025-12-16 11:00:00.000 +0000,5.90,82.37,0.00,6.30,29.40,0.40,105.00,,3.70
2025-12-16 10:00:00.000 +0000,4.90,87.64,0.00,6.40,29.40,0.20,59.00,,2.50
2025-12-16 10:00:00.000 +0000,4.90,87.53,0.00,6.50,28.80,0.20,59.00,,2.50
2025-12-16 09:00:00.000 +0000,4.90,81.86,0.00,7.50,28.20,0.10,17.00,,2.20
2025-12-16 09:00:00.000 +0000,4.90,82.02,0.00,7.40,28.70,0.10,17.00,,2.20
2025-12-16 08:00:00.000 +0000,4.90,82.33,0.00,5.50,28.80,0.00,0.00,,2.80
2025-12-16 08:00:00.000 +0000,4.90,82.56,0.00,5.50,29.40,0.00,0.00,,2.80
2025-12-16 07:00:00.000 +0000,4.90,82.19,0.00,6.50,29.30,0.00,0.00,,2.50
2025-12-16 07:00:00.000 +0000,4.90,82.40,0.00,6.40,30.00,0.00,0.00,,2.50
2025-12-16 06:00:00.000 +0000,4.90,87.30,0.00,8.40,32.20,0.00,0.00,,1.90
2025-12-16 06:00:00.000 +0000,4.90,87.24,0.00,8.50,31.20,0.00,0.00,,1.90
2025-12-16 05:00:00.000 +0000,4.90,87.74,0.00,6.60,31.20,0.00,0.00,,2.50
2025-12-16 05:00:00.000 +0000,4.90,87.88,0.00,6.50,32.20,0.00,0.00,,2.50
2025-12-16 04:00:00.000 +0000,4.90,95.32,0.00,4.10,100.00,0.00,0.00,,3.40
2025-12-16 04:00:00.000 +0000,4.90,95.33,0.00,4.10,100.00,0.00,0.00,,3.40
2025-12-16 03:00:00.000 +0000,5.20,94.18,0.00,3.70,100.00,0.00,0.00,,4.00
2025-12-16 03:00:00.000 +0000,5.20,94.18,0.00,3.70,100.00,0.00,0.00,,3.90
2025-12-16 02:00:00.000 +0000,5.60,93.28,0.00,3.90,100.00,0.00,0.00,,4.40
2025-12-16 02:00:00.000 +0000,5.60,93.28,0.00,3.90,100.00,0.00,0.00,,4.40
2025-12-16 01:00:00.000 +0000,5.60,93.28,0.00,3.90,79.60,0.00,0.00,,4.40
2025-12-16 01:00:00.000 +0000,5.60,93.28,0.00,3.90,79.60,0.00,0.00,,4.40
2025-12-16 00:00:00.000 +0000,6.90,93.35,0.00,4.60,88.60,0.00,0.00,,5.50
2025-12-16 00:00:00.000 +0000,6.90,93.34,0.00,4.60,88.70,0.00,0.00,,5.50
2025-12-15 23:00:00.000 +0000,7.00,93.35,0.00,4.60,88.50,0.00,0.00,,5.60
2025-12-15 23:00:00.000 +0000,7.00,93.35,0.00,4.60,88.40,0.00,0.00,,5.60
2025-12-15 22:00:00.000 +0000,7.00,98.98,0.00,3.50,88.00,0.00,0.00,,6.20
2025-12-15 22:00:00.000 +0000,7.00,99.13,0.00,3.50,88.00,0.00,0.00,,6.20
2025-12-15 21:00:00.000 +0000,7.00,99.81,0.00,5.70,50.00,0.00,0.00,,5.20
2025-12-15 21:00:00.000 +0000,7.00,99.84,0.00,5.70,50.00,0.00,0.00,,5.20
2025-12-15 20:00:00.000 +0000,7.90,93.75,0.00,6.60,86.70,0.00,0.00,,6.10
2025-12-15 20:00:00.000 +0000,8.00,93.70,0.00,6.60,86.90,0.00,0.00,,6.10
2025-12-15 19:00:00.000 +0000,8.00,93.65,0.00,3.60,88.80,0.00,0.00,,7.30
2025-12-15 19:00:00.000 +0000,8.00,93.61,0.00,3.60,88.70,0.00,0.00,,7.30
2025-12-15 18:00:00.000 +0000,8.10,99.62,0.00,4.60,88.60,0.00,0.00,,6.90
2025-12-15 18:00:00.000 +0000,8.10,99.55,0.00,4.60,88.70,0.00,0.00,,6.90
2025-12-15 17:00:00.000 +0000,8.10,99.30,0.00,3.30,89.20,0.00,0.00,,7.50
2025-12-15 17:00:00.000 +0000,8.10,99.18,0.00,3.30,89.50,0.00,0.00,,7.50
2025-12-15 16:00:00.000 +0000,8.10,99.25,0.00,1.40,89.10,0.00,0.00,,
2025-12-15 16:00:00.000 +0000,8.10,99.36,0.00,1.40,89.00,0.00,0.00,,
2025-12-15 15:00:00.000 +0000,8.10,99.62,0.00,2.30,89.00,0.00,6.00,,
2025-12-15 15:00:00.000 +0000,8.10,99.55,0.00,2.30,89.10,0.00,6.00,,
2025-12-15 14:00:00.000 +0000,9.00,99.19,0.00,3.50,89.10,0.10,29.00,,8.50
2025-12-15 14:00:00.000 +0000,9.00,99.30,0.00,3.50,89.00,0.10,29.00,,8.50
2025-12-15 13:00:00.000 +0000,9.10,99.19,0.00,2.80,88.50,0.00,5.00,,
2025-12-15 13:00:00.000 +0000,9.10,99.30,0.00,2.70,88.40,0.00,5.00,,
2025-12-15 12:00:00.000 +0000,9.10,99.30,0.00,4.90,88.40,0.00,10.00,,7.90
2025-12-15 12:00:00.000 +0000,9.10,99.19,0.00,4.90,88.50,0.00,10.00,,8.00
2025-12-15 11:00:00.000 +0000,9.10,99.19,0.00,5.10,89.10,0.10,15.00,,7.90
2025-12-15 11:00:00.000 +0000,9.10,99.30,0.00,5.00,89.00,0.10,15.00,,7.90
2025-12-15 10:00:00.000 +0000,9.10,93.46,0.00,7.10,88.50,0.10,22.00,,7.30
2025-12-15 10:00:00.000 +0000,9.10,93.46,0.00,7.10,88.40,0.10,22.00,,7.30
2025-12-15 09:00:00.000 +0000,9.10,93.46,0.00,6.90,89.00,0.00,10.00,,7.30
2025-12-15 09:00:00.000 +0000,9.10,93.46,0.00,6.90,89.10,0.00,10.00,,7.30
2025-12-15 08:00:00.000 +0000,9.10,93.46,0.00,8.20,88.40,0.00,0.00,,7.00
2025-12-15 08:00:00.000 +0000,9.10,93.46,0.00,8.20,88.50,0.00,0.00,,7.00
2025-12-15 07:00:00.000 +0000,9.90,88.00,0.00,8.10,89.00,0.00,0.00,,8.10
2025-12-15 07:00:00.000 +0000,9.90,88.10,0.00,8.10,89.10,0.00,0.00,,8.10
2025-12-15 06:00:00.000 +0000,10.00,93.30,0.00,8.10,89.20,0.00,0.00,,8.20
2025-12-15 06:00:00.000 +0000,10.00,93.26,0.00,8.10,89.50,0.00,0.00,,8.20
2025-12-15 05:00:00.000 +0000,9.90,88.00,0.00,11.20,54.90,0.00,0.00,,7.50
2025-12-15 05:00:00.000 +0000,9.90,88.10,0.00,11.10,55.70,0.00,0.00,,7.50
2025-12-15 04:00:00.000 +0000,10.30,91.55,0.00,10.90,97.30,0.00,0.00,,
2025-12-15 04:00:00.000 +0000,10.30,91.56,0.00,10.90,97.20,0.00,0.00,,
2025-12-15 03:00:00.000 +0000,10.70,85.60,0.00,14.80,88.60,0.00,0.00,,
2025-12-15 03:00:00.000 +0000,10.70,85.61,0.00,14.70,88.40,0.00,0.00,,
2025-12-15 02:00:00.000 +0000,10.70,83.01,0.00,17.80,90.80,0.00,0.00,,
2025-12-15 02:00:00.000 +0000,10.70,82.99,0.00,17.80,90.70,0.00,0.00,,
2025-12-15 01:00:00.000 +0000,11.00,77.57,0.00,16.20,97.20,0.00,0.00,,
2025-12-15 01:00:00.000 +0000,11.00,77.55,0.00,16.30,97.30,0.00,0.00,,
2025-12-15 00:00:00.000 +0000,11.00,76.35,0.00,15.90,92.90,0.00,0.00,,
2025-12-15 00:00:00.000 +0000,11.00,76.35,0.00,15.90,92.90,0.00,0.00,,
